{"type":"FeatureCollection","features":[{"type":"Feature","properties":{"kind":"state","name":"Tamil Nadu"},"geometry":{"type":"MultiPolygon","coordinates":[[[[79.4897,9.1206],[79.4888,9.119],[79.4928,9.1225],[79.4965,9.1233],[79.4965,9.1249],[79.492,9.1243],[79.4897,9.1206]]],[[[79.4881,9.1272],[79.4888,9.1282],[79.487,9.1273],[79.4881,9.1272]]],[[[79.4811,9.129],[79.482,9.13],[79.4806,9.1307],[79.4797,9.1298],[79.4813,9.1301],[79.4811,9.129]]],[[[79.4821,9.1324],[79.483,9.1326],[79.4833,9.1343],[79.4815,9.1332],[79.4828,9.1334],[79.4821,9.1324]]],[[[79.4735,9.1363],[79.4736,9.1385],[79.4722,9.1399],[79.4697,9.1395],[79.4735,9.1363]]],[[[79.4651,9.1434],[79.468,9.1407],[79.4674,9.1435],[79.4651,9.1434]]],[[[79.138,9.2349],[79.1411,9.2342],[79.1418,9.2372],[79.1388,9.2381],[79.138,9.2349]]],[[[79.1581,9.2364],[79.1602,9.2359],[79.161,9.2383],[79.1586,9.2388],[79.1581,9.2364]]],[[[79.1443,9.2372],[79.1465,9.236],[79.1493,9.2366],[79.1507,9.2389],[79.1499,9.2416],[79.1474,9.243],[79.145,9.2423],[79.1437,9.2402],[79.1443,9.2372]]],[[[79.2201,9.251],[79.208,9.251],[79.1993,9.2569],[79.1914,9.257],[79.18,9.2491],[79.1753,9.2434],[79.1749,9.2398],[79.177,9.2365],[79.192,9.2238],[79.2047,9.226],[79.2091,9.2288],[79.2222,9.2417],[79.2256,9.2501],[79.2201,9.251]]],[[[79.236,9.2479],[79.2316,9.2484],[79.2287,9.2434],[79.2317,9.2376],[79.2366,9.2353],[79.2388,9.2362],[79.2407,9.2402],[79.2393,9.2442],[79.236,9.2479]]],[[[79.1357,9.2523],[79.1387,9.2518],[79.1398,9.2533],[79.1391,9.2552],[79.136,9.2554],[79.1357,9.2523]]],[[[78.9694,9.1846],[78.9709,9.1852],[78.9685,9.1878],[78.9669,9.1874],[78.9669,9.1831],[78.968,9.1828],[78.9684,9.1859],[78.9694,9.1846]]],[[[79.0837,9.2006],[79.0819,9.2021],[79.077,9.2011],[79.0733,9.2025],[79.071,9.2041],[79.0711,9.2082],[79.0695,9.2096],[79.06,9.2017],[79.0567,9.1969],[79.0588,9.1949],[79.0664,9.1994],[79.0793,9.1951],[79.0843,9.191],[79.0874,9.1908],[79.0909,9.1964],[79.088,9.1992],[79.0867,9.1975],[79.0835,9.1987],[79.0837,9.2006]]],[[[79.1394,9.2118],[79.1414,9.2134],[79.1389,9.2129],[79.1394,9.2118]]],[[[79.1256,9.2146],[79.1229,9.2152],[79.1233,9.2172],[79.1221,9.2166],[79.1224,9.2146],[79.1285,9.2129],[79.1327,9.2137],[79.1339,9.2148],[79.1315,9.2139],[79.134,9.2151],[79.129,9.2137],[79.127,9.2151],[79.1301,9.2143],[79.1331,9.2155],[79.1242,9.2164],[79.1269,9.2141],[79.1256,9.2146]]],[[[79.1604,9.2172],[79.1515,9.2239],[79.1472,9.225],[79.1406,9.224],[79.1321,9.2197],[79.1237,9.2212],[79.1237,9.2183],[79.1361,9.2156],[79.1436,9.2177],[79.1556,9.2178],[79.1581,9.2154],[79.1624,9.2144],[79.1642,9.2119],[79.1632,9.2093],[79.1557,9.209],[79.1646,9.209],[79.1654,9.2133],[79.1604,9.2172]]],[[[79.1441,9.2324],[79.1457,9.2302],[79.1486,9.2318],[79.1469,9.2346],[79.1441,9.2324]]],[[[79.4535,9.147],[79.4544,9.1478],[79.4526,9.1498],[79.45,9.1481],[79.4535,9.147]]],[[[79.4449,9.1535],[79.4446,9.1511],[79.4457,9.1522],[79.4449,9.1535]]],[[[79.4478,9.1533],[79.4458,9.158],[79.4444,9.1581],[79.4436,9.1566],[79.4453,9.1572],[79.4478,9.1533]]],[[[79.7788,11.9047],[79.7753,11.905],[79.7751,11.9019],[79.7698,11.9028],[79.7691,11.9007],[79.7728,11.9005],[79.7705,11.8909],[79.772,11.8854],[79.7708,11.8841],[79.7735,11.8833],[79.7726,11.8759],[79.7761,11.8783],[79.7796,11.878],[79.7798,11.8724],[79.7777,11.8666],[79.7784,11.8632],[79.7851,11.863],[79.7872,11.8735],[79.7895,11.8772],[79.7923,11.8769],[79.7921,11.8804],[79.7945,11.8853],[79.7965,11.895],[79.7964,11.8999],[79.7879,11.8968],[79.7825,11.8996],[79.7814,11.9028],[79.7788,11.9047]]],[[[77.3067,8.1271],[77.31,8.1263],[77.3055,8.1294],[77.3067,8.1271]]],[[[77.2449,8.1703],[77.2463,8.1722],[77.2433,8.1708],[77.2449,8.1703]]],[[[77.2386,8.1764],[77.2365,8.1767],[77.2356,8.1756],[77.2366,8.1759],[77.2389,8.1738],[77.2401,8.1742],[77.2398,8.1765],[77.2389,8.1747],[77.2379,8.1749],[77.2386,8.1764]]],[[[78.2551,8.9555],[78.2509,8.956],[78.2526,8.9553],[78.2504,8.9532],[78.2519,8.9489],[78.2548,8.9485],[78.2559,8.9498],[78.2551,8.9555]]],[[[78.4875,9.0874],[78.4941,9.0858],[78.4966,9.0904],[78.4902,9.0943],[78.4865,9.0893],[78.4875,9.0874]]],[[[78.5843,9.1123],[78.5822,9.1108],[78.5793,9.1129],[78.575,9.1063],[78.571,9.1037],[78.5706,9.1015],[78.5751,9.101],[78.5768,9.0995],[78.5811,9.1006],[78.582,9.1034],[78.5885,9.1073],[78.587,9.1109],[78.5843,9.1123]]],[[[78.6936,9.152],[78.6945,9.1506],[78.6961,9.1513],[78.6966,9.1558],[78.6949,9.1552],[78.6936,9.152]]],[[[78.7311,9.1524],[78.7313,9.1559],[78.7279,9.1532],[78.7311,9.1524]]],[[[78.7518,9.1573],[78.7509,9.1566],[78.7521,9.1557],[78.7518,9.1573]]],[[[78.8215,9.1646],[78.8236,9.1662],[78.8194,9.1657],[78.8167,9.1601],[78.8191,9.1608],[78.8215,9.1646]]],[[[78.8239,9.1667],[78.8262,9.1665],[78.8279,9.1685],[78.8285,9.1737],[78.8239,9.1667]]],[[[78.9316,9.1815],[78.9404,9.1834],[78.9427,9.1848],[78.9433,9.1873],[78.9409,9.1874],[78.9386,9.1847],[78.9328,9.1823],[78.9251,9.1848],[78.9085,9.1815],[78.9061,9.1851],[78.8972,9.1796],[78.9032,9.1784],[78.9238,9.1832],[78.9316,9.1815]]],[[[78.2095,8.8363],[78.2039,8.8373],[78.2047,8.8321],[78.2074,8.8321],[78.2095,8.8363]]],[[[78.21,8.8381],[78.2117,8.8343],[78.2139,8.835],[78.2117,8.8388],[78.2081,8.8401],[78.21,8.8381]]],[[[78.2273,8.8697],[78.226,8.8727],[78.2231,8.8738],[78.2208,8.8729],[78.2241,8.8714],[78.2251,8.8667],[78.2276,8.8672],[78.2273,8.8697]]],[[[78.2231,8.8816],[78.2235,8.8841],[78.2178,8.8851],[78.2185,8.8799],[78.2214,8.8799],[78.2231,8.8816]]],[[[78.2693,8.9374],[78.2704,8.942],[78.2666,8.9394],[78.2668,8.9373],[78.2693,8.9374]]],[[[78.5351,9.1029],[78.5379,9.1024],[78.5393,9.1059],[78.5351,9.1029]]],[[[79.807,11.8336],[79.8077,11.8364],[79.8061,11.8405],[79.8077,11.8468],[79.8052,11.8477],[79.8026,11.8541],[79.8006,11.8553],[79.7817,11.8558],[79.7801,11.8482],[79.7767,11.8452],[79.7758,11.8385],[79.7724,11.8367],[79.7661,11.8406],[79.7643,11.8469],[79.7621,11.8484],[79.7631,11.8519],[79.7651,11.852],[79.7669,11.858],[79.7694,11.8583],[79.7708,11.8614],[79.7692,11.8651],[79.77,11.8747],[79.7685,11.876],[79.7645,11.8755],[79.7639,11.877],[79.7574,11.8761],[79.7586,11.8685],[79.7554,11.8679],[79.7538,11.866],[79.7539,11.8502],[79.751,11.8481],[79.7431,11.8485],[79.7437,11.858],[79.7399,11.8646],[79.7326,11.8655],[79.7325,11.8626],[79.7211,11.8625],[79.7196,11.853],[79.7174,11.8545],[79.7134,11.8607],[79.7125,11.8666],[79.7082,11.8691],[79.71,11.8892],[79.6996,11.8891],[79.6968,11.8885],[79.6965,11.8867],[79.6857,11.8862],[79.685,11.881],[79.674,11.8807],[79.6738,11.8916],[79.6827,11.8919],[79.6826,11.8888],[79.6868,11.8889],[79.6871,11.8945],[79.6954,11.8948],[79.6957,11.9024],[79.6976,11.9024],[79.6979,11.9047],[79.6978,11.9076],[79.6955,11.9079],[79.6962,11.9192],[79.7186,11.919],[79.7179,11.9134],[79.7066,11.9135],[79.7066,11.9051],[79.709,11.9033],[79.7059,11.8991],[79.7053,11.8939],[79.7091,11.8931],[79.7111,11.8908],[79.7168,11.8928],[79.7188,11.8905],[79.7236,11.8887],[79.7249,11.8894],[79.7228,11.8918],[79.7289,11.8903],[79.7305,11.8917],[79.7313,11.9032],[79.7406,11.9055],[79.7323,11.9136],[79.7255,11.9231],[79.7175,11.929],[79.7208,11.9449],[79.7096,11.9498],[79.7079,11.9466],[79.7079,11.9423],[79.7111,11.9331],[79.7066,11.9351],[79.7041,11.9402],[79.6972,11.9418],[79.6957,11.9477],[79.6916,11.9514],[79.6957,11.9639],[79.698,11.9604],[79.7036,11.9655],[79.7034,11.9671],[79.7101,11.9657],[79.7108,11.9672],[79.715,11.9676],[79.716,11.971],[79.7093,11.9757],[79.7124,11.9865],[79.7158,11.9848],[79.7206,11.9927],[79.7334,11.9933],[79.7348,11.9975],[79.7375,11.9984],[79.7377,12.0009],[79.7426,12.0012],[79.7476,12.0078],[79.7623,12.0027],[79.762,11.9932],[79.7604,11.9892],[79.7555,11.9883],[79.7519,11.9843],[79.7481,11.9848],[79.7419,11.9777],[79.7319,11.9815],[79.7295,11.9847],[79.7303,11.986],[79.7264,11.9858],[79.7234,11.9771],[79.7245,11.9713],[79.7296,11.9707],[79.7445,11.965],[79.7486,11.944],[79.7493,11.9222],[79.7511,11.9217],[79.7502,11.9199],[79.7562,11.9204],[79.7563,11.9243],[79.7551,11.9245],[79.755,11.9261],[79.7564,11.9261],[79.7572,11.9282],[79.7621,11.9286],[79.7606,11.9321],[79.7599,11.9436],[79.7715,11.9439],[79.7731,11.9491],[79.775,11.9498],[79.7767,11.9537],[79.7794,11.9536],[79.7808,11.9566],[79.7834,11.9563],[79.7847,11.9599],[79.7917,11.9594],[79.805,11.9533],[79.8064,11.9681],[79.8098,11.9753],[79.8125,11.9779],[79.8162,11.9791],[79.8184,11.9779],[79.8223,11.9658],[79.8288,11.9584],[79.8327,11.9566],[79.8406,11.9558],[79.8469,11.9785],[79.8571,12.0068],[79.8405,12.0133],[79.843,12.022],[79.8434,12.0345],[79.8498,12.0518],[79.8738,12.0426],[79.8812,12.0587],[79.9017,12.0915],[79.9743,12.2011],[79.9986,12.24],[80.0115,12.2571],[80.0305,12.2902],[80.046,12.3125],[80.0568,12.3262],[80.0806,12.351],[80.117,12.3851],[80.1377,12.4106],[80.1502,12.4365],[80.1539,12.4483],[80.1607,12.4879],[80.1613,12.5122],[80.1625,12.513],[80.168,12.5351],[80.1854,12.5744],[80.1845,12.5789],[80.1918,12.6014],[80.1977,12.6149],[80.2007,12.6172],[80.1986,12.6211],[80.2009,12.6321],[80.2157,12.6712],[80.2271,12.7079],[80.2464,12.754],[80.2547,12.7808],[80.2548,12.7888],[80.2504,12.7937],[80.2487,12.803],[80.2479,12.8307],[80.2519,12.8809],[80.2606,12.9439],[80.2722,12.998],[80.2788,13.017],[80.2864,13.061],[80.2941,13.0785],[80.3023,13.09],[80.3047,13.0996],[80.3111,13.1081],[80.3098,13.1084],[80.3047,13.1012],[80.3038,13.1026],[80.3039,13.1005],[80.302,13.0984],[80.3033,13.0974],[80.3031,13.0947],[80.3007,13.0912],[80.2949,13.0929],[80.2969,13.0993],[80.2997,13.099],[80.2997,13.0976],[80.3017,13.0987],[80.2984,13.1004],[80.2982,13.1018],[80.3014,13.1121],[80.3035,13.11],[80.3027,13.1068],[80.3038,13.1057],[80.3055,13.1104],[80.3024,13.1148],[80.3008,13.1213],[80.3063,13.1304],[80.3042,13.131],[80.3022,13.134],[80.2979,13.1354],[80.3006,13.1423],[80.3039,13.1456],[80.3049,13.1482],[80.3037,13.1487],[80.3073,13.1533],[80.3134,13.1679],[80.3142,13.1745],[80.3201,13.1886],[80.3298,13.2245],[80.3337,13.2343],[80.333,13.2359],[80.3318,13.2347],[80.3318,13.2362],[80.3349,13.2379],[80.3382,13.262],[80.3447,13.2762],[80.3468,13.3134],[80.3398,13.3611],[80.3295,13.4038],[80.3285,13.4282],[80.3259,13.4454],[80.3238,13.4501],[80.3213,13.4504],[80.3156,13.4599],[80.3075,13.4672],[80.301,13.4787],[80.2915,13.5013],[80.2768,13.5467],[80.2688,13.5653],[80.2683,13.5645],[80.264,13.5627],[80.2511,13.5028],[80.2418,13.4707],[80.2409,13.4733],[80.2352,13.474],[80.2259,13.4851],[80.2139,13.4861],[80.2146,13.4903],[80.2106,13.4905],[80.2099,13.4863],[80.1865,13.4907],[80.1771,13.4912],[80.1708,13.4889],[80.163,13.4882],[80.1538,13.4909],[80.1452,13.4914],[80.1455,13.4995],[80.1446,13.5013],[80.1392,13.5043],[80.1317,13.5015],[80.1267,13.5047],[80.1188,13.5037],[80.1127,13.506],[80.1115,13.4933],[80.1082,13.4889],[80.1064,13.4899],[80.1051,13.4934],[80.1009,13.4899],[80.103,13.487],[80.0782,13.4888],[80.0768,13.5039],[80.0771,13.5264],[80.0828,13.5324],[80.0886,13.535],[80.0812,13.5498],[80.076,13.5466],[80.0684,13.5446],[80.0627,13.5454],[80.0569,13.5367],[80.043,13.5375],[80.0398,13.539],[80.0284,13.5388],[80.0239,13.5461],[80.0217,13.545],[80.0169,13.5472],[80.0055,13.5453],[79.9997,13.5423],[79.9986,13.5343],[80.0005,13.5257],[80.008,13.5258],[80.0176,13.5296],[80.0195,13.5193],[80.0272,13.5137],[80.0355,13.5183],[80.0484,13.5123],[80.0466,13.4937],[80.03,13.4982],[80.0159,13.498],[80.0144,13.4961],[80.0148,13.4923],[80.0078,13.4783],[79.984,13.4796],[79.9824,13.4705],[79.9724,13.4691],[79.9711,13.4403],[79.9728,13.4397],[79.9733,13.4297],[79.9707,13.4273],[79.9658,13.4266],[79.9655,13.4251],[79.9619,13.4234],[79.9575,13.4236],[79.9566,13.4222],[79.955,13.4224],[79.9557,13.4252],[79.9525,13.4259],[79.9515,13.424],[79.9494,13.4238],[79.9481,13.4251],[79.9396,13.4251],[79.942,13.4198],[79.9418,13.4167],[79.9345,13.4165],[79.9377,13.4149],[79.9384,13.4128],[79.9422,13.4128],[79.9413,13.4102],[79.9457,13.4078],[79.9412,13.4006],[79.9443,13.3969],[79.9562,13.3972],[79.9614,13.3956],[79.9627,13.3914],[79.958,13.3792],[79.9539,13.3771],[79.95,13.3798],[79.9482,13.3833],[79.9476,13.3818],[79.945,13.3818],[79.9479,13.3776],[79.9492,13.3777],[79.9494,13.3755],[79.9454,13.3682],[79.9456,13.3638],[79.9422,13.3636],[79.9429,13.3613],[79.941,13.3613],[79.938,13.3555],[79.9359,13.3565],[79.9331,13.3519],[79.9313,13.3515],[79.9292,13.3556],[79.9253,13.3584],[79.9159,13.3599],[79.9168,13.3581],[79.9133,13.3523],[79.9149,13.3516],[79.9148,13.3482],[79.9103,13.3473],[79.9051,13.3436],[79.9038,13.3405],[79.8921,13.3353],[79.8868,13.3351],[79.8835,13.3329],[79.8829,13.3233],[79.8808,13.3248],[79.8776,13.3243],[79.868,13.3311],[79.8628,13.3169],[79.8535,13.3207],[79.8532,13.316],[79.848,13.3166],[79.8457,13.3152],[79.8367,13.3153],[79.8361,13.3142],[79.8292,13.3175],[79.8173,13.3186],[79.8089,13.3173],[79.8078,13.3142],[79.8036,13.311],[79.8047,13.3075],[79.8016,13.3005],[79.7917,13.2935],[79.7856,13.2967],[79.7802,13.3062],[79.7752,13.306],[79.7704,13.3092],[79.7681,13.3139],[79.7608,13.3185],[79.76,13.3174],[79.7618,13.3127],[79.7602,13.3016],[79.7567,13.2953],[79.7524,13.2917],[79.7442,13.2886],[79.7392,13.2914],[79.7337,13.2888],[79.7306,13.283],[79.7328,13.2822],[79.735,13.276],[79.7402,13.2738],[79.7417,13.271],[79.748,13.271],[79.7516,13.2654],[79.7612,13.2575],[79.7704,13.2553],[79.7724,13.2533],[79.7816,13.2516],[79.7872,13.2452],[79.7947,13.2421],[79.7945,13.2263],[79.7932,13.2264],[79.7931,13.2293],[79.7847,13.2279],[79.7814,13.2236],[79.7779,13.2236],[79.7754,13.2153],[79.7729,13.2155],[79.7739,13.2192],[79.7697,13.2177],[79.7688,13.2193],[79.7675,13.2181],[79.7642,13.2191],[79.7609,13.2153],[79.7598,13.2075],[79.7545,13.2065],[79.75,13.208],[79.751,13.2165],[79.7479,13.2217],[79.7424,13.2253],[79.7427,13.2283],[79.739,13.2295],[79.7373,13.2366],[79.7326,13.2369],[79.7328,13.2333],[79.7302,13.2326],[79.7314,13.2225],[79.7258,13.2217],[79.7216,13.2235],[79.7184,13.2165],[79.7119,13.2178],[79.7118,13.2193],[79.7079,13.2215],[79.7027,13.2224],[79.7022,13.2253],[79.7061,13.2342],[79.714,13.2358],[79.7112,13.2425],[79.7125,13.2447],[79.7089,13.2481],[79.7091,13.2511],[79.7032,13.2511],[79.7009,13.2531],[79.6997,13.2509],[79.6982,13.251],[79.6963,13.2433],[79.693,13.2433],[79.6959,13.2386],[79.6927,13.2407],[79.6891,13.2399],[79.6842,13.2445],[79.6802,13.2528],[79.6783,13.2617],[79.6802,13.2623],[79.6805,13.2646],[79.6877,13.2667],[79.6895,13.2638],[79.6891,13.261],[79.6911,13.261],[79.6917,13.2636],[79.6933,13.2631],[79.6957,13.2673],[79.6942,13.2705],[79.6908,13.2677],[79.6903,13.2702],[79.6888,13.2709],[79.6936,13.2735],[79.6939,13.2798],[79.6904,13.2804],[79.6894,13.2831],[79.6832,13.2882],[79.6812,13.288],[79.6824,13.2959],[79.6781,13.2974],[79.6742,13.2818],[79.6713,13.2801],[79.6685,13.2812],[79.6654,13.2787],[79.6647,13.282],[79.6666,13.286],[79.6638,13.2898],[79.6589,13.2867],[79.6578,13.2839],[79.6545,13.2857],[79.6518,13.2919],[79.6425,13.2902],[79.6412,13.2756],[79.6394,13.277],[79.6384,13.2875],[79.638,13.2843],[79.6332,13.2824],[79.6346,13.2808],[79.6343,13.2775],[79.6315,13.2772],[79.634,13.2716],[79.632,13.2713],[79.6316,13.2697],[79.6276,13.2702],[79.6195,13.2796],[79.6141,13.2827],[79.6061,13.2796],[79.6087,13.2875],[79.6058,13.2882],[79.596,13.2849],[79.5949,13.2761],[79.5926,13.2751],[79.5946,13.2718],[79.5938,13.2664],[79.5913,13.2615],[79.5825,13.2574],[79.5792,13.2578],[79.5735,13.2594],[79.5654,13.2678],[79.5584,13.2727],[79.54,13.2724],[79.5346,13.2754],[79.5336,13.2791],[79.5351,13.2851],[79.5388,13.2879],[79.5412,13.2925],[79.5371,13.2945],[79.5382,13.2959],[79.535,13.298],[79.5348,13.3014],[79.5421,13.3103],[79.5441,13.3168],[79.5393,13.3219],[79.5418,13.3273],[79.5373,13.3387],[79.5355,13.3382],[79.5259,13.3444],[79.5218,13.3418],[79.5111,13.342],[79.5103,13.3346],[79.4952,13.3452],[79.4805,13.34],[79.4745,13.3411],[79.4728,13.3393],[79.4654,13.3388],[79.464,13.3418],[79.4562,13.3386],[79.4531,13.3399],[79.4476,13.3463],[79.4376,13.3498],[79.4354,13.3517],[79.4357,13.3482],[79.4326,13.3454],[79.4316,13.3367],[79.421,13.3363],[79.4147,13.3301],[79.4129,13.33],[79.4125,13.333],[79.4053,13.3351],[79.4024,13.3303],[79.3983,13.3302],[79.3987,13.3217],[79.4019,13.3215],[79.402,13.3174],[79.3978,13.3174],[79.3957,13.3157],[79.3934,13.3176],[79.3878,13.3181],[79.3835,13.3133],[79.3819,13.3075],[79.3886,13.3098],[79.3898,13.2975],[79.3941,13.3],[79.4021,13.2997],[79.4053,13.2976],[79.4138,13.3002],[79.4157,13.2996],[79.4196,13.2953],[79.4184,13.2936],[79.4188,13.2898],[79.42,13.2896],[79.4305,13.3003],[79.4454,13.3013],[79.4463,13.2916],[79.4357,13.2913],[79.4347,13.2891],[79.4337,13.275],[79.4176,13.2718],[79.4139,13.2664],[79.4114,13.2647],[79.4084,13.2653],[79.4084,13.2639],[79.413,13.263],[79.4161,13.2604],[79.4168,13.2517],[79.4226,13.2513],[79.4221,13.2494],[79.417,13.2459],[79.4196,13.2457],[79.4185,13.243],[79.4214,13.2422],[79.4246,13.2434],[79.4277,13.2416],[79.4324,13.2433],[79.4376,13.2429],[79.4381,13.2401],[79.4313,13.2383],[79.4315,13.2361],[79.4398,13.2359],[79.435,13.2323],[79.4298,13.2312],[79.431,13.2297],[79.44,13.2306],[79.4388,13.2344],[79.4416,13.2366],[79.4415,13.238],[79.4531,13.2384],[79.4538,13.217],[79.4485,13.2157],[79.4397,13.2177],[79.4394,13.2198],[79.4373,13.2196],[79.4362,13.2128],[79.4412,13.2083],[79.4438,13.2078],[79.4395,13.2059],[79.4356,13.1972],[79.4324,13.197],[79.4331,13.1925],[79.4373,13.1911],[79.4384,13.1882],[79.4262,13.1905],[79.4254,13.1896],[79.4214,13.1906],[79.4211,13.1892],[79.4101,13.1905],[79.4102,13.194],[79.4092,13.1941],[79.4008,13.1917],[79.399,13.1878],[79.3962,13.1887],[79.3958,13.1919],[79.3921,13.1925],[79.3874,13.1891],[79.374,13.1893],[79.3728,13.1878],[79.3781,13.1847],[79.3856,13.1831],[79.3877,13.1776],[79.3853,13.1774],[79.3823,13.1796],[79.3755,13.1777],[79.3727,13.1789],[79.3695,13.1729],[79.3792,13.1715],[79.3806,13.169],[79.38,13.163],[79.3701,13.1628],[79.3634,13.166],[79.3561,13.1646],[79.3574,13.156],[79.3599,13.152],[79.3611,13.1385],[79.3634,13.139],[79.3655,13.134],[79.365,13.1308],[79.3617,13.1288],[79.3605,13.1236],[79.3536,13.1206],[79.3452,13.1214],[79.3451,13.1292],[79.3435,13.131],[79.3446,13.1368],[79.3411,13.1369],[79.3396,13.1305],[79.329,13.1306],[79.3267,13.1261],[79.3186,13.1235],[79.3242,13.1186],[79.3213,13.1171],[79.3119,13.1166],[79.3189,13.1135],[79.3161,13.1117],[79.3099,13.112],[79.3093,13.1078],[79.3072,13.1056],[79.3053,13.1068],[79.3039,13.1058],[79.3017,13.1078],[79.2981,13.107],[79.2943,13.1096],[79.2958,13.1124],[79.3015,13.1137],[79.2987,13.1157],[79.2992,13.1187],[79.3124,13.1262],[79.3044,13.1267],[79.2887,13.122],[79.2856,13.1238],[79.284,13.1228],[79.2824,13.1426],[79.2804,13.1451],[79.2798,13.1486],[79.2803,13.1529],[79.2773,13.1562],[79.2745,13.1557],[79.2697,13.1538],[79.2674,13.1497],[79.2621,13.1491],[79.2616,13.1519],[79.2602,13.1522],[79.2603,13.1596],[79.2592,13.1589],[79.2574,13.1608],[79.2532,13.1603],[79.2522,13.1578],[79.2547,13.1492],[79.2539,13.1458],[79.2452,13.1383],[79.2402,13.1444],[79.2424,13.148],[79.2449,13.1489],[79.2434,13.1512],[79.2434,13.1498],[79.2421,13.1497],[79.2422,13.1516],[79.2442,13.1528],[79.2431,13.1586],[79.2411,13.1596],[79.2427,13.171],[79.2395,13.172],[79.2349,13.1709],[79.2321,13.1679],[79.2297,13.162],[79.2256,13.1589],[79.2273,13.1556],[79.2181,13.1554],[79.2181,13.1569],[79.2147,13.157],[79.21,13.1485],[79.216,13.1478],[79.2192,13.1456],[79.2219,13.1463],[79.2231,13.1436],[79.2283,13.14],[79.2328,13.1394],[79.2293,13.1316],[79.2303,13.1264],[79.2384,13.1186],[79.2342,13.1147],[79.2344,13.1053],[79.2246,13.1008],[79.2127,13.0925],[79.2096,13.0928],[79.2008,13.0889],[79.1983,13.0814],[79.1931,13.0823],[79.1907,13.0888],[79.1885,13.0879],[79.1889,13.0852],[79.1876,13.0835],[79.1806,13.0843],[79.1813,13.0799],[79.1832,13.082],[79.1853,13.0797],[79.1856,13.0753],[79.184,13.0728],[79.1908,13.0734],[79.1921,13.0675],[79.1881,13.0657],[79.1873,13.0607],[79.18,13.0643],[79.1783,13.0592],[79.1798,13.0576],[79.1847,13.0568],[79.1913,13.0586],[79.1921,13.0562],[79.1796,13.0545],[79.1804,13.0489],[79.1827,13.0474],[79.1919,13.0484],[79.193,13.0467],[79.1885,13.042],[79.1848,13.0299],[79.1822,13.0319],[79.1811,13.0298],[79.1764,13.0289],[79.1758,13.0271],[79.1718,13.0273],[79.1711,13.024],[79.1683,13.0243],[79.1631,13.0203],[79.1595,13.0204],[79.1483,13.0247],[79.1373,13.0348],[79.1275,13.0356],[79.1145,13.0393],[79.1074,13.0383],[79.1059,13.0346],[79.0998,13.0293],[79.0983,13.0261],[79.0911,13.0261],[79.0868,13.028],[79.0809,13.0258],[79.0739,13.0329],[79.0628,13.0407],[79.0645,13.0501],[79.0634,13.0531],[79.0555,13.0566],[79.0387,13.0612],[79.0362,13.0655],[79.0369,13.0706],[79.0346,13.07],[79.0315,13.0721],[79.0297,13.071],[79.0287,13.0727],[79.0244,13.0719],[79.023,13.0738],[79.0165,13.0746],[79.0166,13.0764],[79.0153,13.077],[79.0095,13.0773],[79.0081,13.0807],[79.0037,13.0832],[79.0039,13.0846],[78.995,13.0866],[78.9825,13.0864],[78.9723,13.0838],[78.9702,13.0797],[78.9714,13.077],[78.9703,13.0748],[78.9688,13.0779],[78.9621,13.0788],[78.9607,13.0762],[78.9554,13.0759],[78.9495,13.0802],[78.9492,13.084],[78.9415,13.0786],[78.9275,13.0819],[78.9239,13.0808],[78.9217,13.0661],[78.9195,13.0649],[78.9165,13.0674],[78.9126,13.066],[78.9036,13.0477],[78.9061,13.0452],[78.9175,13.0437],[78.9217,13.047],[78.9291,13.0458],[78.9337,13.0393],[78.9408,13.0364],[78.9371,13.0305],[78.9357,13.0348],[78.9315,13.0347],[78.9291,13.0365],[78.9156,13.0336],[78.8916,13.0331],[78.8913,13.0689],[78.8889,13.0734],[78.8922,13.0898],[78.8957,13.0952],[78.8916,13.0971],[78.8814,13.0982],[78.8751,13.0969],[78.8698,13.0896],[78.8709,13.0819],[78.8611,13.0837],[78.842,13.0787],[78.8208,13.0878],[78.8131,13.0892],[78.7976,13.0749],[78.7943,13.0666],[78.7518,13.055],[78.7487,13.0586],[78.7403,13.064],[78.7145,13.0687],[78.7052,13.0153],[78.6562,13.0312],[78.6555,13.0153],[78.6521,13.0136],[78.6451,13.0063],[78.6346,13.0008],[78.63,12.9945],[78.6209,12.9913],[78.64,12.971],[78.6471,12.9663],[78.638,12.9648],[78.6461,12.9459],[78.657,12.9321],[78.6522,12.9291],[78.6334,12.9318],[78.6334,12.9262],[78.6268,12.9074],[78.6228,12.9043],[78.6167,12.8886],[78.6131,12.868],[78.6015,12.8508],[78.6077,12.8219],[78.6004,12.8185],[78.6011,12.8037],[78.593,12.7983],[78.5925,12.7827],[78.576,12.772],[78.5765,12.7674],[78.5684,12.767],[78.5656,12.7594],[78.5615,12.7615],[78.5556,12.7558],[78.5582,12.7538],[78.5583,12.75],[78.5631,12.7523],[78.5632,12.7514],[78.5597,12.7492],[78.5601,12.7438],[78.5561,12.7428],[78.5553,12.7393],[78.5638,12.7377],[78.5605,12.7272],[78.5544,12.7193],[78.556,12.7152],[78.5616,12.7101],[78.5549,12.7076],[78.5566,12.7037],[78.5558,12.7002],[78.5458,12.695],[78.5409,12.6907],[78.5349,12.6912],[78.5313,12.6971],[78.5296,12.7103],[78.5327,12.7116],[78.535,12.7074],[78.5377,12.7105],[78.5399,12.7083],[78.5443,12.711],[78.5369,12.7134],[78.5375,12.717],[78.5332,12.714],[78.525,12.7155],[78.527,12.7215],[78.5227,12.7193],[78.5209,12.7362],[78.5191,12.7363],[78.5185,12.7264],[78.5167,12.7244],[78.5116,12.7268],[78.5138,12.7345],[78.5117,12.7344],[78.5071,12.7372],[78.5052,12.743],[78.5004,12.7436],[78.4931,12.7472],[78.4891,12.742],[78.4969,12.7314],[78.5016,12.7312],[78.5042,12.725],[78.5064,12.7244],[78.5059,12.7226],[78.5092,12.7243],[78.5165,12.7187],[78.5178,12.7202],[78.5202,12.7187],[78.5198,12.7156],[78.5175,12.7147],[78.52,12.7121],[78.519,12.7104],[78.5144,12.7104],[78.5146,12.708],[78.5118,12.7077],[78.503,12.7168],[78.5039,12.7113],[78.5019,12.7045],[78.4967,12.7043],[78.4965,12.7033],[78.4993,12.7017],[78.4994,12.6993],[78.504,12.6987],[78.5029,12.692],[78.5074,12.6915],[78.5071,12.6903],[78.5033,12.69],[78.504,12.6835],[78.5025,12.6842],[78.5038,12.682],[78.5001,12.68],[78.4998,12.6762],[78.4931,12.674],[78.4848,12.6733],[78.4845,12.6717],[78.4679,12.6759],[78.4705,12.6506],[78.4747,12.6477],[78.4705,12.6446],[78.4717,12.6321],[78.4649,12.6241],[78.4584,12.6297],[78.4458,12.6306],[78.4348,12.6296],[78.427,12.6353],[78.4126,12.6269],[78.3925,12.6274],[78.3794,12.6251],[78.3714,12.6272],[78.3628,12.6344],[78.3556,12.6365],[78.3521,12.6416],[78.3436,12.6488],[78.3322,12.6493],[78.331,12.6531],[78.3258,12.6553],[78.3183,12.662],[78.306,12.6663],[78.301,12.6659],[78.3013,12.6676],[78.2964,12.6711],[78.2956,12.6753],[78.2864,12.6891],[78.2759,12.7022],[78.2711,12.7051],[78.2608,12.7047],[78.2445,12.7064],[78.2393,12.7011],[78.2377,12.6858],[78.2321,12.6873],[78.2106,12.6861],[78.2123,12.6885],[78.2098,12.6905],[78.2033,12.6932],[78.2013,12.6916],[78.1996,12.6931],[78.1993,12.6955],[78.2042,12.6959],[78.2071,12.6996],[78.2087,12.699],[78.2099,12.7006],[78.2093,12.7026],[78.2071,12.7023],[78.2077,12.7049],[78.2057,12.7065],[78.2074,12.7084],[78.2121,12.7077],[78.2134,12.711],[78.218,12.7089],[78.2271,12.7149],[78.2311,12.7126],[78.241,12.73],[78.2409,12.7328],[78.2361,12.7381],[78.2358,12.7459],[78.2309,12.7607],[78.2239,12.7659],[78.2182,12.7664],[78.2128,12.7651],[78.2029,12.7711],[78.1951,12.7739],[78.1921,12.7743],[78.1889,12.772],[78.1842,12.7763],[78.1824,12.7743],[78.1774,12.776],[78.1716,12.7738],[78.1676,12.7701],[78.1451,12.781],[78.1363,12.7819],[78.1357,12.7831],[78.1342,12.782],[78.1312,12.7839],[78.1298,12.7876],[78.1259,12.7917],[78.125,12.7982],[78.1219,12.7993],[78.1203,12.8018],[78.1093,12.8045],[78.1047,12.8091],[78.0901,12.8174],[78.0902,12.8236],[78.0875,12.8249],[78.0881,12.8279],[78.0862,12.832],[78.0738,12.8306],[78.0751,12.8362],[78.0772,12.8382],[78.0765,12.8397],[78.0712,12.8425],[78.0668,12.842],[78.0602,12.8439],[78.059,12.8512],[78.0533,12.8539],[78.0514,12.8525],[78.0504,12.8488],[78.0307,12.8525],[78.0306,12.8581],[78.0238,12.8566],[78.024,12.8526],[78.0297,12.849],[78.029,12.8452],[78.0243,12.8418],[78.0191,12.844],[78.0183,12.8311],[78.0146,12.8299],[78.0106,12.831],[78.0039,12.8256],[78.0058,12.8222],[78.0128,12.8189],[78.0153,12.8138],[78.0097,12.8058],[78.0064,12.8086],[77.9967,12.8079],[77.9956,12.8059],[77.9885,12.8082],[77.9898,12.8216],[77.9868,12.8219],[77.9793,12.8271],[77.9804,12.8351],[77.974,12.8349],[77.9727,12.8329],[77.9643,12.8329],[77.9626,12.8374],[77.9653,12.8482],[77.963,12.8502],[77.9528,12.8502],[77.9523,12.8572],[77.9436,12.8579],[77.94,12.8532],[77.9406,12.8453],[77.9466,12.8388],[77.9422,12.8313],[77.9407,12.8234],[77.9343,12.8231],[77.9285,12.8268],[77.9265,12.8303],[77.9205,12.8282],[77.9181,12.8314],[77.9172,12.8389],[77.9242,12.8512],[77.9228,12.8556],[77.9313,12.8619],[77.9356,12.8628],[77.9364,12.8667],[77.9412,12.8683],[77.9418,12.8717],[77.9416,12.8728],[77.9277,12.875],[77.9271,12.8816],[77.9346,12.8807],[77.9361,12.8837],[77.936,12.8873],[77.9293,12.891],[77.9251,12.8901],[77.9219,12.8848],[77.9087,12.8849],[77.9084,12.8789],[77.8949,12.8786],[77.8903,12.8697],[77.8847,12.8703],[77.8825,12.8686],[77.8772,12.8687],[77.8759,12.8669],[77.8575,12.8695],[77.8509,12.8662],[77.8474,12.8694],[77.8426,12.8687],[77.836,12.8704],[77.8321,12.8676],[77.8324,12.8621],[77.8258,12.86],[77.8231,12.8559],[77.8155,12.8558],[77.8079,12.8477],[77.7991,12.8516],[77.7967,12.8448],[77.7949,12.8457],[77.7924,12.8422],[77.7959,12.8346],[77.8099,12.8316],[77.8079,12.8231],[77.8099,12.8156],[77.8021,12.8171],[77.7997,12.8053],[77.8034,12.8049],[77.8051,12.7997],[77.8073,12.7994],[77.8085,12.7968],[77.8066,12.7941],[77.804,12.7943],[77.8022,12.7963],[77.8004,12.7945],[77.7985,12.7952],[77.7929,12.788],[77.7895,12.7802],[77.7788,12.7678],[77.7845,12.7624],[77.7943,12.7578],[77.7934,12.7495],[77.7916,12.7467],[77.7835,12.7413],[77.78,12.7421],[77.7694,12.7403],[77.7633,12.7369],[77.7611,12.7275],[77.7744,12.7243],[77.7703,12.7179],[77.7695,12.7126],[77.7657,12.7138],[77.7647,12.7011],[77.7617,12.6976],[77.7543,12.6974],[77.7407,12.6999],[77.7374,12.6978],[77.7349,12.6921],[77.741,12.6858],[77.7412,12.6755],[77.7399,12.673],[77.7246,12.6712],[77.7227,12.6797],[77.7116,12.6832],[77.711,12.6672],[77.7042,12.6615],[77.6922,12.6609],[77.6899,12.659],[77.6786,12.6604],[77.6771,12.6715],[77.6751,12.6731],[77.6764,12.6795],[77.6599,12.6839],[77.644,12.679],[77.6379,12.6758],[77.6239,12.674],[77.5989,12.6672],[77.5961,12.6503],[77.5996,12.6427],[77.6007,12.6431],[77.6047,12.6376],[77.6033,12.6354],[77.6062,12.629],[77.6046,12.6268],[77.5941,12.6211],[77.591,12.6153],[77.5914,12.5921],[77.5893,12.5927],[77.5838,12.5759],[77.5793,12.5731],[77.5807,12.5658],[77.5803,12.5516],[77.5864,12.5458],[77.5854,12.5369],[77.5885,12.5267],[77.5872,12.5148],[77.5939,12.5161],[77.6068,12.5142],[77.6124,12.515],[77.6163,12.5092],[77.615,12.5042],[77.6024,12.4972],[77.5918,12.4852],[77.5887,12.4857],[77.5837,12.4789],[77.5957,12.4749],[77.5984,12.4762],[77.6074,12.4752],[77.6165,12.4829],[77.6261,12.4964],[77.6295,12.4946],[77.6346,12.4877],[77.6324,12.4792],[77.6331,12.4705],[77.6307,12.4703],[77.6292,12.4668],[77.6306,12.4652],[77.6294,12.4607],[77.6272,12.4585],[77.6291,12.4464],[77.627,12.4412],[77.6261,12.4308],[77.6291,12.4252],[77.6296,12.4184],[77.6233,12.4123],[77.6206,12.3831],[77.6181,12.3812],[77.6168,12.3683],[77.613,12.3612],[77.6076,12.3611],[77.6008,12.3585],[77.5987,12.3501],[77.5915,12.3402],[77.5786,12.3357],[77.566,12.3063],[77.5579,12.3058],[77.5579,12.3033],[77.555,12.3016],[77.5524,12.2975],[77.5513,12.2913],[77.5328,12.2915],[77.5272,12.2788],[77.5142,12.2754],[77.5084,12.2761],[77.5,12.2826],[77.4967,12.2822],[77.4933,12.2789],[77.4876,12.2806],[77.4851,12.2751],[77.479,12.2713],[77.477,12.2645],[77.4782,12.2593],[77.4735,12.2557],[77.4711,12.2436],[77.4785,12.2401],[77.4823,12.2332],[77.4826,12.2295],[77.472,12.208],[77.4754,12.2056],[77.4864,12.2039],[77.4927,12.1974],[77.5187,12.1945],[77.5281,12.199],[77.5358,12.1987],[77.5401,12.2024],[77.5459,12.2047],[77.5653,12.1964],[77.5694,12.1998],[77.5738,12.2009],[77.5804,12.1982],[77.5967,12.1993],[77.6053,12.2056],[77.6107,12.2062],[77.6209,12.1999],[77.6298,12.2023],[77.6353,12.1975],[77.64,12.1965],[77.6561,12.1996],[77.6652,12.1983],[77.6772,12.1926],[77.7023,12.1842],[77.7277,12.1816],[77.7333,12.1781],[77.7354,12.1696],[77.7452,12.1594],[77.7474,12.153],[77.7468,12.1446],[77.7498,12.1385],[77.7572,12.1305],[77.7738,12.1206],[77.7761,12.1174],[77.7767,12.1137],[77.7742,12.1094],[77.7677,12.1067],[77.7557,12.0798],[77.7427,12.0701],[77.7275,12.0621],[77.7149,12.0425],[77.7089,12.0361],[77.6963,12.0158],[77.6747,11.966],[77.6745,11.954],[77.6756,11.9521],[77.669,11.9492],[77.6573,11.9499],[77.6562,11.9536],[77.652,11.9549],[77.6487,11.9538],[77.6472,11.9506],[77.6423,11.9501],[77.6394,11.9481],[77.6288,11.9465],[77.624,11.9474],[77.6125,11.9425],[77.6069,11.9421],[77.6034,11.9378],[77.5935,11.9403],[77.5883,11.9394],[77.5859,11.937],[77.5753,11.9366],[77.561,11.942],[77.5581,11.9417],[77.5425,11.9383],[77.5379,11.9325],[77.5282,11.9339],[77.5183,11.9383],[77.5123,11.9379],[77.5049,11.9412],[77.5004,11.9401],[77.4962,11.944],[77.4941,11.9434],[77.4928,11.9414],[77.4918,11.9213],[77.4886,11.9124],[77.4908,11.9108],[77.4905,11.9086],[77.483,11.8997],[77.4862,11.8875],[77.4841,11.8881],[77.4806,11.8935],[77.4772,11.8906],[77.4741,11.8945],[77.4747,11.8981],[77.4735,11.8993],[77.4626,11.901],[77.4616,11.9001],[77.4639,11.8941],[77.4622,11.8881],[77.4631,11.8845],[77.4604,11.8813],[77.4658,11.8743],[77.4628,11.8649],[77.4599,11.8636],[77.463,11.859],[77.4614,11.8538],[77.4662,11.8501],[77.4666,11.8472],[77.4633,11.8417],[77.4603,11.8319],[77.4569,11.8291],[77.454,11.8203],[77.4521,11.8131],[77.4528,11.8081],[77.4498,11.8007],[77.4498,11.7961],[77.4466,11.7904],[77.4405,11.7889],[77.4396,11.7857],[77.4422,11.7834],[77.4338,11.7782],[77.428,11.7671],[77.4289,11.7627],[77.4272,11.761],[77.4226,11.7618],[77.4222,11.7725],[77.4136,11.7748],[77.3944,11.7877],[77.388,11.7886],[77.3702,11.7868],[77.3692,11.7869],[77.369,11.7896],[77.3648,11.7905],[77.3604,11.7796],[77.3351,11.7713],[77.3277,11.7755],[77.3126,11.7936],[77.2938,11.8091],[77.2879,11.8005],[77.2744,11.8031],[77.2734,11.8055],[77.2615,11.8107],[77.2498,11.8131],[77.2496,11.8043],[77.2386,11.7948],[77.2175,11.7954],[77.1892,11.7926],[77.182,11.7864],[77.147,11.782],[77.138,11.7728],[77.1305,11.7738],[77.1227,11.7726],[77.1156,11.7748],[77.1107,11.7736],[77.1126,11.7657],[77.1113,11.7638],[77.1126,11.762],[77.1124,11.757],[77.1098,11.7556],[77.1085,11.7527],[77.1113,11.7505],[77.1117,11.7432],[77.1148,11.739],[77.1141,11.7346],[77.1175,11.7319],[77.1153,11.7283],[77.1173,11.7286],[77.116,11.7257],[77.1181,11.7262],[77.1177,11.7212],[77.1148,11.7219],[77.105,11.7329],[77.0802,11.7361],[77.0827,11.7399],[77.071,11.7514],[77.0564,11.7699],[77.0599,11.7716],[77.0612,11.776],[77.0671,11.7784],[77.0697,11.7822],[77.0669,11.7881],[77.0629,11.7905],[77.0577,11.789],[77.0504,11.7897],[77.0464,11.7877],[77.043,11.7821],[77.04,11.7807],[77.0351,11.7699],[77.0288,11.7748],[77.0354,11.7832],[77.0387,11.794],[77.0353,11.794],[77.0326,11.796],[77.0341,11.8001],[77.0306,11.8021],[77.0298,11.8048],[77.0168,11.8108],[77.0162,11.807],[77.014,11.8063],[77.0129,11.8147],[76.9935,11.8093],[76.9858,11.812],[76.9821,11.8116],[76.9821,11.8036],[76.9836,11.8018],[76.9802,11.7986],[76.9808,11.7955],[76.9753,11.7894],[76.9728,11.7844],[76.9727,11.7805],[76.9699,11.777],[76.9611,11.7817],[76.956,11.7913],[76.9539,11.7922],[76.9506,11.792],[76.9451,11.7884],[76.9423,11.7881],[76.932,11.7929],[76.9221,11.7919],[76.908,11.7954],[76.8966,11.7766],[76.8979,11.7707],[76.8962,11.7599],[76.888,11.7418],[76.8883,11.7338],[76.8742,11.7242],[76.8626,11.7111],[76.8611,11.7073],[76.8637,11.7055],[76.8527,11.6925],[76.8485,11.6798],[76.844,11.6729],[76.8436,11.6683],[76.8414,11.6661],[76.8418,11.6622],[76.8387,11.6602],[76.8377,11.6563],[76.835,11.6555],[76.8362,11.654],[76.8337,11.6491],[76.8379,11.6421],[76.8346,11.6396],[76.8384,11.6355],[76.8405,11.6355],[76.8441,11.6327],[76.8451,11.6343],[76.8448,11.6283],[76.8427,11.6272],[76.8496,11.6244],[76.8486,11.6229],[76.8495,11.6212],[76.8521,11.6218],[76.8488,11.6187],[76.8505,11.6161],[76.856,11.6158],[76.8581,11.6141],[76.8577,11.6103],[76.8556,11.6077],[76.8572,11.6056],[76.8564,11.5994],[76.8469,11.5946],[76.8327,11.6006],[76.8228,11.6082],[76.8175,11.6048],[76.8092,11.6085],[76.7963,11.6085],[76.7915,11.6129],[76.7747,11.6125],[76.7701,11.6158],[76.7648,11.6142],[76.7569,11.6186],[76.747,11.6139],[76.7368,11.6154],[76.7218,11.6145],[76.7027,11.616],[76.6947,11.615],[76.6939,11.6132],[76.6943,11.6146],[76.6885,11.6153],[76.6845,11.6141],[76.6714,11.616],[76.6501,11.6136],[76.6304,11.6139],[76.6139,11.6077],[76.6106,11.611],[76.5976,11.6108],[76.5964,11.6164],[76.5933,11.6171],[76.5922,11.6188],[76.5837,11.6139],[76.579,11.6159],[76.5767,11.6146],[76.5752,11.6193],[76.5696,11.6182],[76.5669,11.6189],[76.5626,11.623],[76.5599,11.6226],[76.5596,11.6253],[76.5618,11.629],[76.5614,11.6328],[76.5595,11.6333],[76.5587,11.6386],[76.5539,11.6458],[76.5544,11.6557],[76.55,11.6612],[76.5493,11.6651],[76.5514,11.672],[76.5505,11.6743],[76.5372,11.6909],[76.5116,11.7051],[76.5045,11.6992],[76.5015,11.6993],[76.4935,11.6931],[76.4884,11.6915],[76.4816,11.6926],[76.483,11.6898],[76.4826,11.6862],[76.4744,11.6813],[76.4582,11.6645],[76.4551,11.6659],[76.4503,11.6643],[76.4491,11.6657],[76.4434,11.6637],[76.4408,11.6644],[76.4404,11.6659],[76.4353,11.6648],[76.4333,11.6669],[76.4313,11.6665],[76.4364,11.6535],[76.4411,11.6514],[76.444,11.6473],[76.4434,11.6437],[76.4345,11.6358],[76.4325,11.6314],[76.43,11.6309],[76.4271,11.6335],[76.4066,11.6343],[76.3881,11.6297],[76.3833,11.6241],[76.3839,11.6121],[76.3783,11.6086],[76.378,11.602],[76.3671,11.5984],[76.3546,11.5894],[76.3474,11.5892],[76.3404,11.5873],[76.3399,11.5932],[76.3359,11.5958],[76.3212,11.5863],[76.3159,11.5767],[76.3105,11.5775],[76.3024,11.5713],[76.3005,11.5732],[76.2991,11.5829],[76.296,11.5902],[76.2861,11.5903],[76.279,11.6009],[76.2756,11.5975],[76.2743,11.5938],[76.2649,11.594],[76.2646,11.591],[76.2613,11.5904],[76.2535,11.5855],[76.2491,11.58],[76.2341,11.5712],[76.2334,11.5679],[76.2361,11.5629],[76.2407,11.555],[76.2442,11.5533],[76.2423,11.5502],[76.2461,11.5455],[76.2448,11.5416],[76.2501,11.5358],[76.2515,11.5369],[76.2502,11.527],[76.2444,11.5252],[76.2397,11.5267],[76.2465,11.5156],[76.248,11.5157],[76.2514,11.5024],[76.2485,11.4878],[76.2472,11.468],[76.2647,11.4813],[76.2735,11.4771],[76.2844,11.483],[76.2946,11.4742],[76.2915,11.4699],[76.2948,11.4658],[76.3051,11.4679],[76.326,11.4541],[76.3422,11.4677],[76.3476,11.4637],[76.3687,11.4563],[76.3979,11.4364],[76.4187,11.4419],[76.4156,11.4233],[76.4604,11.3889],[76.5177,11.3716],[76.5151,11.3598],[76.5082,11.3542],[76.5478,11.359],[76.5474,11.3456],[76.5499,11.3311],[76.5373,11.3141],[76.5393,11.3047],[76.5457,11.3004],[76.5422,11.2967],[76.5268,11.2886],[76.5217,11.2707],[76.4871,11.2584],[76.4663,11.2452],[76.4531,11.2395],[76.4489,11.2056],[76.4393,11.203],[76.4386,11.199],[76.4516,11.1995],[76.4584,11.1878],[76.4666,11.1934],[76.4734,11.195],[76.4723,11.2088],[76.4958,11.2115],[76.5094,11.2083],[76.5157,11.1946],[76.5338,11.1857],[76.6008,11.1976],[76.6079,11.1941],[76.6155,11.1924],[76.6247,11.1958],[76.6289,11.1943],[76.6524,11.2098],[76.6553,11.2099],[76.6715,11.219],[76.6764,11.2202],[76.6843,11.2279],[76.6826,11.2299],[76.6853,11.2313],[76.6842,11.2339],[76.6982,11.2396],[76.707,11.2383],[76.7058,11.2404],[76.7193,11.2275],[76.7229,11.2251],[76.7252,11.2257],[76.7255,11.2234],[76.7295,11.2208],[76.7316,11.2173],[76.7345,11.2181],[76.7355,11.2157],[76.7269,11.2075],[76.7269,11.2016],[76.7302,11.1937],[76.7286,11.1914],[76.7228,11.1872],[76.7199,11.1878],[76.7165,11.1864],[76.7143,11.1877],[76.7072,11.1799],[76.7051,11.18],[76.7025,11.1758],[76.698,11.1742],[76.695,11.1668],[76.7002,11.1536],[76.7041,11.1494],[76.7063,11.1416],[76.7121,11.1423],[76.712,11.144],[76.7083,11.1467],[76.7118,11.1482],[76.712,11.1509],[76.7189,11.1495],[76.7237,11.1389],[76.7314,11.1317],[76.7345,11.1363],[76.7381,11.1345],[76.7431,11.1344],[76.7463,11.1375],[76.7481,11.1355],[76.7468,11.1327],[76.7499,11.1191],[76.7486,11.1129],[76.7443,11.1083],[76.7434,11.1026],[76.7478,11.0934],[76.7516,11.0933],[76.7545,11.0842],[76.7546,11.0791],[76.7527,11.0775],[76.7501,11.079],[76.7497,11.0756],[76.7438,11.0731],[76.7438,11.0676],[76.7465,11.0568],[76.7607,11.0524],[76.762,11.0481],[76.7689,11.0435],[76.7781,11.0422],[76.7878,11.0448],[76.7962,11.0559],[76.7981,11.0567],[76.8008,11.054],[76.7973,11.0475],[76.7931,11.0435],[76.7938,11.042],[76.7918,11.0374],[76.7824,11.0345],[76.7736,11.0336],[76.7666,11.0292],[76.7492,11.034],[76.7418,11.0382],[76.7182,11.041],[76.7158,11.0405],[76.7082,11.0318],[76.6997,11.0267],[76.6891,11.0086],[76.6885,11.0014],[76.6854,10.9936],[76.686,10.9893],[76.6739,10.9745],[76.6667,10.9684],[76.6674,10.9597],[76.6636,10.951],[76.6658,10.9475],[76.6647,10.9436],[76.6558,10.9391],[76.6591,10.9306],[76.662,10.9297],[76.6767,10.9181],[76.6952,10.9103],[76.708,10.9102],[76.7126,10.9077],[76.7149,10.9087],[76.7178,10.9056],[76.7385,10.8953],[76.7407,10.8911],[76.749,10.8926],[76.7525,10.8958],[76.7553,10.8939],[76.7613,10.8942],[76.7654,10.8919],[76.768,10.8878],[76.7713,10.8883],[76.7744,10.8908],[76.7767,10.8899],[76.7815,10.8912],[76.791,10.8852],[76.7919,10.8818],[76.8013,10.8808],[76.8082,10.8775],[76.8115,10.8786],[76.8119,10.8766],[76.8144,10.8767],[76.8168,10.8735],[76.8194,10.8743],[76.8262,10.8721],[76.8284,10.8726],[76.8308,10.8707],[76.832,10.8609],[76.8392,10.8571],[76.8417,10.8528],[76.8485,10.8501],[76.8488,10.8471],[76.8539,10.8397],[76.8533,10.8336],[76.8509,10.8303],[76.8486,10.8312],[76.8474,10.8271],[76.8465,10.828],[76.8452,10.8268],[76.8475,10.8238],[76.8482,10.8195],[76.85,10.818],[76.8519,10.8193],[76.8588,10.8174],[76.8606,10.8192],[76.864,10.818],[76.8653,10.8136],[76.8701,10.809],[76.8848,10.8091],[76.8891,10.8103],[76.9008,10.808],[76.9007,10.8016],[76.9073,10.7834],[76.9076,10.7787],[76.9054,10.7721],[76.9027,10.7715],[76.9037,10.7618],[76.9012,10.7571],[76.8963,10.7525],[76.896,10.7448],[76.8899,10.7366],[76.8882,10.7318],[76.8885,10.728],[76.8929,10.721],[76.8912,10.7165],[76.8872,10.7177],[76.8822,10.7168],[76.8675,10.6943],[76.8706,10.6922],[76.866,10.6848],[76.867,10.6792],[76.8698,10.6763],[76.8773,10.6763],[76.8782,10.6744],[76.8779,10.6669],[76.8811,10.6608],[76.8806,10.6559],[76.8841,10.648],[76.8825,10.6459],[76.8821,10.639],[76.8732,10.6372],[76.8676,10.6327],[76.8596,10.6317],[76.8529,10.6344],[76.8466,10.6351],[76.8394,10.6336],[76.8309,10.6369],[76.8208,10.6336],[76.8143,10.635],[76.8149,10.629],[76.8101,10.6238],[76.8117,10.6196],[76.8167,10.6159],[76.8167,10.613],[76.8185,10.6106],[76.816,10.6072],[76.8175,10.6027],[76.8263,10.5961],[76.8324,10.5992],[76.8375,10.5983],[76.8386,10.5963],[76.8372,10.5862],[76.838,10.5815],[76.8339,10.5734],[76.8347,10.5698],[76.8397,10.5636],[76.839,10.5601],[76.8356,10.5574],[76.8353,10.5446],[76.842,10.5402],[76.8431,10.5367],[76.8303,10.4973],[76.828,10.4497],[76.816,10.423],[76.8229,10.4166],[76.8222,10.4141],[76.8243,10.4096],[76.8302,10.4108],[76.8333,10.4073],[76.8321,10.4051],[76.8337,10.4028],[76.8233,10.3946],[76.8305,10.3888],[76.834,10.3826],[76.8437,10.377],[76.8486,10.3674],[76.8449,10.3623],[76.8459,10.3568],[76.8417,10.353],[76.8415,10.3501],[76.836,10.3454],[76.8358,10.3396],[76.8374,10.3359],[76.8327,10.3173],[76.8284,10.3071],[76.8299,10.3032],[76.8403,10.2991],[76.8444,10.2944],[76.8418,10.2915],[76.8423,10.2894],[76.8481,10.2867],[76.8486,10.2845],[76.8521,10.2843],[76.851,10.2891],[76.8549,10.2921],[76.8577,10.293],[76.8596,10.2912],[76.862,10.2912],[76.8644,10.2946],[76.8683,10.2952],[76.8701,10.2981],[76.8732,10.2975],[76.8744,10.293],[76.8733,10.2757],[76.8839,10.2701],[76.8913,10.2623],[76.8974,10.2614],[76.9007,10.2518],[76.9014,10.2505],[76.9033,10.2512],[76.9048,10.2472],[76.9026,10.2396],[76.9077,10.2403],[76.9095,10.2385],[76.9097,10.2357],[76.9119,10.2343],[76.9219,10.2316],[76.9396,10.2382],[76.9441,10.236],[76.9472,10.2362],[76.9484,10.233],[76.9507,10.2317],[76.9586,10.2335],[76.9653,10.2301],[76.9707,10.229],[76.9727,10.225],[76.9798,10.2233],[76.9818,10.2197],[76.9836,10.2197],[76.9835,10.2219],[76.9904,10.225],[76.9903,10.2277],[76.9957,10.2304],[76.9985,10.2296],[77.0002,10.2334],[77.0033,10.2344],[77.0054,10.239],[77.011,10.2412],[77.0151,10.2456],[77.0312,10.2521],[77.0396,10.2529],[77.0484,10.2594],[77.0516,10.2638],[77.051,10.2682],[77.0528,10.2723],[77.0495,10.2784],[77.0436,10.2841],[77.0554,10.2871],[77.0602,10.2911],[77.0632,10.2917],[77.0634,10.2947],[77.066,10.2982],[77.0785,10.3029],[77.0888,10.311],[77.0887,10.3126],[77.0914,10.3151],[77.0957,10.3087],[77.102,10.3156],[77.1094,10.3154],[77.1202,10.318],[77.1284,10.3263],[77.1512,10.3382],[77.1613,10.3486],[77.176,10.3586],[77.1954,10.3547],[77.2018,10.3581],[77.2041,10.3543],[77.2086,10.3536],[77.2353,10.3529],[77.2357,10.34],[77.2328,10.3388],[77.2325,10.336],[77.2288,10.3311],[77.229,10.323],[77.2272,10.321],[77.2273,10.3166],[77.2306,10.3136],[77.2314,10.3088],[77.2348,10.309],[77.2357,10.3032],[77.2395,10.2988],[77.2391,10.2957],[77.2468,10.2837],[77.2509,10.2815],[77.2636,10.2639],[77.2573,10.2595],[77.2591,10.2305],[77.2643,10.2327],[77.2646,10.2351],[77.2678,10.2346],[77.2695,10.237],[77.272,10.2351],[77.2804,10.2355],[77.2809,10.2367],[77.2882,10.2323],[77.2953,10.2185],[77.2933,10.2151],[77.2891,10.2146],[77.2871,10.2097],[77.2829,10.2086],[77.2857,10.2044],[77.2835,10.1977],[77.2802,10.1945],[77.2785,10.1945],[77.2775,10.1895],[77.2746,10.1849],[77.2752,10.1765],[77.2721,10.166],[77.2713,10.1559],[77.2727,10.1557],[77.2728,10.1514],[77.2717,10.1509],[77.273,10.1493],[77.2712,10.1424],[77.2745,10.1408],[77.2749,10.1313],[77.2724,10.1286],[77.2681,10.1278],[77.2669,10.1254],[77.2677,10.1222],[77.2554,10.1248],[77.2537,10.1263],[77.2519,10.1256],[77.2445,10.1319],[77.2385,10.1308],[77.2336,10.1281],[77.2297,10.1237],[77.2305,10.1223],[77.2275,10.1227],[77.2177,10.1186],[77.2164,10.1164],[77.211,10.1193],[77.2075,10.1191],[77.2061,10.1142],[77.2036,10.1128],[77.2012,10.1072],[77.2037,10.099],[77.204,10.0885],[77.2105,10.0832],[77.2185,10.0794],[77.223,10.0707],[77.2316,10.0669],[77.2358,10.0585],[77.2509,10.0458],[77.2566,10.0368],[77.2616,10.0336],[77.2639,10.0293],[77.2627,10.0217],[77.2611,10.0192],[77.2583,10.0191],[77.2579,10.0144],[77.2553,10.0141],[77.2547,10.0124],[77.2649,10.0043],[77.2652,10.0022],[77.2607,9.9959],[77.261,9.9918],[77.2668,9.9904],[77.2643,9.9873],[77.267,9.9839],[77.2679,9.98],[77.2726,9.9764],[77.2708,9.971],[77.2721,9.9702],[77.2728,9.9643],[77.2718,9.9614],[77.271,9.9625],[77.2685,9.961],[77.2609,9.9526],[77.2529,9.9536],[77.2501,9.9513],[77.2494,9.9528],[77.2466,9.952],[77.248,9.9475],[77.2363,9.936],[77.2344,9.9312],[77.2357,9.927],[77.2318,9.9247],[77.2305,9.9213],[77.2302,9.9131],[77.2245,9.9103],[77.2227,9.9066],[77.2183,9.9049],[77.2182,9.897],[77.2208,9.8851],[77.2176,9.885],[77.2154,9.878],[77.2125,9.8775],[77.2214,9.8637],[77.2262,9.8615],[77.2328,9.8622],[77.2364,9.8602],[77.236,9.8551],[77.2373,9.852],[77.2282,9.8498],[77.2264,9.8469],[77.223,9.8455],[77.2276,9.8387],[77.2255,9.8339],[77.2266,9.8313],[77.2239,9.8293],[77.2239,9.8245],[77.2219,9.8231],[77.2244,9.8226],[77.2251,9.8209],[77.2328,9.8221],[77.2327,9.818],[77.2413,9.8162],[77.2469,9.8086],[77.2452,9.8034],[77.2468,9.7985],[77.2419,9.7964],[77.2403,9.7975],[77.2361,9.7906],[77.2228,9.7884],[77.2251,9.7761],[77.2284,9.7718],[77.2325,9.7691],[77.2276,9.7648],[77.2253,9.7533],[77.2202,9.7451],[77.2198,9.7422],[77.2226,9.7401],[77.2218,9.7375],[77.2239,9.7304],[77.2206,9.7297],[77.2183,9.7262],[77.2156,9.7268],[77.2116,9.7243],[77.2075,9.7248],[77.2035,9.7222],[77.2057,9.7203],[77.2061,9.7176],[77.2047,9.7166],[77.2053,9.7132],[77.2019,9.704],[77.2045,9.7017],[77.2067,9.6947],[77.2005,9.6861],[77.1945,9.6742],[77.1941,9.6706],[77.1868,9.6665],[77.1875,9.6615],[77.1811,9.6593],[77.1795,9.6556],[77.1792,9.6449],[77.174,9.6374],[77.1741,9.6329],[77.1762,9.6296],[77.1746,9.6267],[77.1691,9.6241],[77.1677,9.6151],[77.1658,9.6129],[77.1702,9.6098],[77.174,9.6113],[77.1886,9.6062],[77.1908,9.6093],[77.197,9.6109],[77.1981,9.6145],[77.2089,9.6136],[77.2104,9.6109],[77.2098,9.6051],[77.2144,9.6008],[77.2171,9.6017],[77.2221,9.5978],[77.2225,9.5929],[77.2342,9.5816],[77.2371,9.5812],[77.2427,9.5853],[77.253,9.5831],[77.2583,9.5766],[77.2614,9.5769],[77.2638,9.5738],[77.2696,9.5729],[77.2719,9.5766],[77.2769,9.5759],[77.2804,9.5797],[77.2903,9.5849],[77.29,9.5888],[77.2945,9.5893],[77.3037,9.5988],[77.3153,9.6008],[77.3177,9.6026],[77.3223,9.5984],[77.3249,9.5978],[77.3281,9.6003],[77.3299,9.5991],[77.3245,9.5934],[77.3261,9.5887],[77.3238,9.5852],[77.3256,9.5835],[77.3253,9.5801],[77.3324,9.5789],[77.3394,9.5734],[77.3418,9.5766],[77.3422,9.5811],[77.3454,9.5881],[77.3545,9.6042],[77.3611,9.6024],[77.3627,9.6003],[77.3657,9.5998],[77.3661,9.5961],[77.3623,9.5957],[77.3608,9.5979],[77.3574,9.5945],[77.3549,9.5868],[77.3582,9.584],[77.3598,9.5775],[77.3581,9.574],[77.3529,9.573],[77.3502,9.5672],[77.3528,9.5597],[77.3612,9.558],[77.365,9.5528],[77.3655,9.5352],[77.3687,9.5349],[77.3729,9.53],[77.3733,9.527],[77.3769,9.5249],[77.3801,9.5255],[77.3851,9.5193],[77.3959,9.5234],[77.4004,9.5275],[77.4032,9.5231],[77.4003,9.518],[77.4082,9.5149],[77.4123,9.5091],[77.4096,9.5057],[77.4023,9.501],[77.3992,9.4965],[77.3989,9.4815],[77.402,9.4777],[77.3972,9.4704],[77.3915,9.4689],[77.3925,9.4595],[77.3869,9.4558],[77.3809,9.4552],[77.3771,9.4529],[77.3742,9.4536],[77.3728,9.4567],[77.3659,9.4602],[77.3602,9.4555],[77.3563,9.4477],[77.3493,9.4412],[77.3485,9.4346],[77.3454,9.4294],[77.3445,9.4245],[77.3396,9.4208],[77.3364,9.4124],[77.3438,9.4022],[77.3397,9.3938],[77.3413,9.3899],[77.3394,9.3875],[77.3365,9.3874],[77.3345,9.3813],[77.3346,9.3789],[77.3368,9.3773],[77.3372,9.3651],[77.3357,9.364],[77.3357,9.3611],[77.3333,9.3564],[77.326,9.3467],[77.3252,9.3372],[77.32,9.3376],[77.3155,9.335],[77.3057,9.3379],[77.3,9.3368],[77.3009,9.3302],[77.2972,9.3293],[77.3018,9.3247],[77.3026,9.3191],[77.2994,9.3143],[77.2995,9.311],[77.2936,9.3049],[77.2897,9.3041],[77.2884,9.3018],[77.283,9.3014],[77.2831,9.2919],[77.2878,9.282],[77.2885,9.2743],[77.2827,9.2733],[77.2835,9.2683],[77.2816,9.2614],[77.2825,9.2561],[77.279,9.252],[77.2793,9.241],[77.2753,9.2348],[77.277,9.2281],[77.2821,9.2209],[77.2822,9.2169],[77.2758,9.2117],[77.2707,9.2052],[77.2707,9.2009],[77.2664,9.2006],[77.2637,9.1985],[77.2563,9.1994],[77.2567,9.1964],[77.2525,9.1895],[77.2592,9.1865],[77.2643,9.1862],[77.2682,9.1753],[77.2658,9.1649],[77.2678,9.1534],[77.2621,9.1496],[77.2608,9.1446],[77.2534,9.1396],[77.2469,9.1239],[77.2414,9.1243],[77.231,9.1168],[77.2281,9.1162],[77.2261,9.1075],[77.2207,9.1053],[77.2187,9.1009],[77.2121,9.0999],[77.2091,9.0901],[77.2057,9.0845],[77.2088,9.0742],[77.2053,9.0658],[77.1967,9.0566],[77.1952,9.0495],[77.1972,9.0466],[77.1925,9.0436],[77.1869,9.0428],[77.1828,9.0468],[77.1727,9.0467],[77.167,9.0449],[77.1638,9.0382],[77.1605,9.0357],[77.162,9.0334],[77.1609,9.0292],[77.1537,9.0221],[77.147,9.0214],[77.1506,9.015],[77.1493,9.0097],[77.1527,9.0073],[77.1568,9.0076],[77.1561,9.0039],[77.1616,8.9952],[77.1735,8.9913],[77.1781,8.9692],[77.1855,8.9703],[77.1906,8.9657],[77.1914,8.9593],[77.1946,8.9575],[77.1962,8.9547],[77.1969,8.9518],[77.1938,8.9434],[77.1971,8.9355],[77.1924,8.9285],[77.1927,8.9263],[77.1946,8.9242],[77.201,8.9247],[77.2029,8.9231],[77.2063,8.9296],[77.2104,8.932],[77.2213,8.9275],[77.2238,8.9243],[77.2182,8.9167],[77.2211,8.9041],[77.2279,8.9037],[77.2385,8.8979],[77.2402,8.8946],[77.2383,8.892],[77.2376,8.8858],[77.2449,8.8802],[77.2553,8.8793],[77.2583,8.875],[77.26,8.8653],[77.2573,8.8617],[77.2625,8.8553],[77.2629,8.8533],[77.2598,8.8514],[77.264,8.8421],[77.2531,8.8278],[77.2471,8.8237],[77.2465,8.8206],[77.2479,8.817],[77.2423,8.8094],[77.232,8.8072],[77.2327,8.8018],[77.2305,8.7979],[77.2312,8.7909],[77.2297,8.7847],[77.224,8.7832],[77.2197,8.7786],[77.213,8.7786],[77.2144,8.775],[77.2183,8.7711],[77.2175,8.7677],[77.2094,8.7649],[77.2038,8.769],[77.1988,8.7694],[77.1969,8.7683],[77.2001,8.7628],[77.1982,8.7536],[77.191,8.7416],[77.1882,8.7426],[77.1832,8.7415],[77.177,8.7438],[77.1729,8.7475],[77.1725,8.7496],[77.1704,8.7471],[77.17,8.7419],[77.1787,8.732],[77.1772,8.725],[77.1805,8.7212],[77.1813,8.7172],[77.1843,8.7161],[77.1848,8.7135],[77.1899,8.7125],[77.1949,8.7079],[77.1957,8.703],[77.2067,8.6845],[77.2079,8.6793],[77.2068,8.6798],[77.2009,8.669],[77.2082,8.6638],[77.2078,8.6609],[77.2123,8.657],[77.2116,8.6549],[77.2142,8.6493],[77.2201,8.6451],[77.2247,8.6392],[77.2293,8.6399],[77.2298,8.6372],[77.2321,8.6358],[77.2346,8.627],[77.244,8.6219],[77.2451,8.6242],[77.2484,8.6243],[77.2514,8.6203],[77.252,8.6084],[77.2464,8.6036],[77.2507,8.5989],[77.2551,8.5975],[77.2568,8.5948],[77.2571,8.5906],[77.2616,8.5881],[77.2635,8.5887],[77.2663,8.5853],[77.2664,8.5809],[77.269,8.579],[77.2706,8.5718],[77.2749,8.5658],[77.2742,8.5598],[77.2823,8.5506],[77.2838,8.5469],[77.2746,8.5377],[77.2742,8.5338],[77.2668,8.52],[77.2652,8.5121],[77.2616,8.5063],[77.2573,8.5072],[77.2561,8.5053],[77.2512,8.5055],[77.2437,8.497],[77.2387,8.496],[77.2294,8.5082],[77.2225,8.5113],[77.2135,8.512],[77.2103,8.5062],[77.2013,8.501],[77.2011,8.4977],[77.2104,8.4919],[77.2125,8.4858],[77.2105,8.4835],[77.2101,8.4789],[77.213,8.4704],[77.2252,8.4596],[77.227,8.4467],[77.206,8.444],[77.2024,8.4363],[77.2032,8.4351],[77.196,8.4289],[77.1969,8.4196],[77.1826,8.4049],[77.1817,8.3961],[77.1677,8.3837],[77.1657,8.3867],[77.1606,8.3894],[77.1537,8.3872],[77.1507,8.3845],[77.1516,8.3811],[77.1548,8.3809],[77.1559,8.3825],[77.1594,8.3812],[77.1608,8.3736],[77.1597,8.368],[77.1566,8.3672],[77.1552,8.3628],[77.153,8.3609],[77.1524,8.3551],[77.1559,8.3565],[77.157,8.3598],[77.1591,8.359],[77.1629,8.3616],[77.1658,8.3602],[77.1676,8.3634],[77.1691,8.3633],[77.1719,8.3588],[77.1739,8.3585],[77.1751,8.35],[77.1665,8.3425],[77.1696,8.3379],[77.1693,8.3347],[77.1803,8.3234],[77.1728,8.3188],[77.169,8.3267],[77.1699,8.3276],[77.1685,8.3326],[77.1585,8.3277],[77.1533,8.3269],[77.15,8.3285],[77.1482,8.3317],[77.1451,8.3286],[77.1413,8.3289],[77.1353,8.3253],[77.1287,8.3246],[77.1291,8.3215],[77.1186,8.3203],[77.1195,8.3153],[77.1239,8.3119],[77.1221,8.3086],[77.1162,8.3094],[77.1123,8.304],[77.103,8.3064],[77.1015,8.2986],[77.0995,8.2983],[77.0978,8.2925],[77.1522,8.2519],[77.1729,8.2336],[77.1862,8.2171],[77.1953,8.213],[77.2237,8.1958],[77.2286,8.1862],[77.2329,8.1835],[77.2305,8.1839],[77.2331,8.183],[77.2328,8.1803],[77.2355,8.1805],[77.2399,8.1766],[77.2446,8.175],[77.2479,8.1714],[77.2547,8.1722],[77.2744,8.1632],[77.2987,8.1465],[77.3041,8.1373],[77.3037,8.1316],[77.3155,8.1221],[77.3174,8.1221],[77.3183,8.1237],[77.3223,8.1225],[77.3237,8.1266],[77.3314,8.1274],[77.347,8.1234],[77.357,8.1224],[77.3685,8.1165],[77.439,8.0963],[77.4836,8.0881],[77.4837,8.0903],[77.4871,8.0894],[77.4866,8.0878],[77.499,8.0859],[77.499,8.0848],[77.529,8.0805],[77.531,8.0795],[77.5309,8.0767],[77.555,8.0766],[77.5583,8.0786],[77.5587,8.0839],[77.5614,8.0881],[77.5712,8.0933],[77.5705,8.097],[77.5659,8.1015],[77.565,8.1072],[77.5666,8.1184],[77.5784,8.1294],[77.5828,8.1373],[77.6045,8.1472],[77.6043,8.1458],[77.6169,8.1446],[77.6213,8.1455],[77.6351,8.1526],[77.6422,8.1543],[77.7296,8.1641],[77.7365,8.1618],[77.7422,8.1554],[77.7502,8.1509],[77.7536,8.1462],[77.758,8.1453],[77.7739,8.1562],[77.7937,8.1623],[77.8005,8.1692],[77.8061,8.1828],[77.8026,8.1929],[77.8045,8.2028],[77.8113,8.2111],[77.816,8.2131],[77.8326,8.2291],[77.8411,8.2517],[77.8687,8.2609],[77.8909,8.2705],[77.9147,8.2918],[77.9491,8.3116],[77.9704,8.3346],[77.9803,8.3436],[77.9915,8.3501],[78.0278,8.3636],[78.0563,8.3702],[78.0671,8.3745],[78.0671,8.3757],[78.0614,8.3758],[78.0584,8.3779],[78.0567,8.3846],[78.0637,8.4124],[78.0963,8.4491],[78.1258,8.4747],[78.1308,8.4807],[78.13,8.4851],[78.1433,8.5017],[78.1357,8.537],[78.1306,8.5479],[78.1404,8.576],[78.1447,8.598],[78.1422,8.6052],[78.135,8.6162],[78.1344,8.6234],[78.1391,8.662],[78.1385,8.6802],[78.1409,8.6853],[78.1518,8.6972],[78.1636,8.7239],[78.1954,8.7516],[78.1968,8.7572],[78.202,8.756],[78.1998,8.7574],[78.2028,8.7637],[78.2008,8.7654],[78.2008,8.768],[78.2029,8.7756],[78.203,8.7901],[78.2005,8.7929],[78.1977,8.7911],[78.1978,8.7868],[78.1996,8.779],[78.1996,8.7811],[78.2021,8.7799],[78.2015,8.7771],[78.1994,8.7762],[78.1989,8.7715],[78.1913,8.7672],[78.1921,8.766],[78.198,8.7698],[78.1994,8.7673],[78.197,8.7627],[78.1914,8.7626],[78.1921,8.7654],[78.191,8.7664],[78.1907,8.7685],[78.1874,8.7706],[78.1783,8.7722],[78.175,8.768],[78.1765,8.7726],[78.1747,8.7732],[78.1717,8.7706],[78.1739,8.7734],[78.173,8.7743],[78.1704,8.7718],[78.1714,8.7669],[78.1691,8.7632],[78.1709,8.7673],[78.1697,8.7726],[78.1717,8.7742],[78.1699,8.7758],[78.168,8.7633],[78.1656,8.7638],[78.1657,8.7664],[78.1634,8.7677],[78.1643,8.7741],[78.1606,8.7747],[78.163,8.7844],[78.1618,8.7943],[78.1631,8.7951],[78.1603,8.803],[78.1614,8.8028],[78.1608,8.8052],[78.1654,8.8139],[78.1682,8.8159],[78.1656,8.819],[78.1656,8.8225],[78.1675,8.8277],[78.1708,8.83],[78.1688,8.8325],[78.167,8.8412],[78.1683,8.8461],[78.1675,8.8528],[78.1706,8.8613],[78.1696,8.8716],[78.1717,8.8829],[78.1778,8.8906],[78.1823,8.8911],[78.1818,8.9027],[78.1933,8.9292],[78.1903,8.9284],[78.1934,8.9308],[78.193,8.9295],[78.194,8.9298],[78.1987,8.9388],[78.2192,8.9645],[78.2182,8.9684],[78.22,8.9656],[78.2271,8.9733],[78.2339,8.9782],[78.2319,8.9785],[78.2359,8.9794],[78.2474,8.988],[78.2462,8.9885],[78.2484,8.9887],[78.2543,8.9937],[78.2615,8.9971],[78.2664,8.9977],[78.2693,9.0032],[78.2722,9.0035],[78.282,9.0126],[78.3458,9.0604],[78.3693,9.08],[78.3755,9.0872],[78.4068,9.1099],[78.4219,9.1164],[78.4554,9.125],[78.467,9.127],[78.4818,9.1269],[78.4871,9.129],[78.4872,9.1275],[78.5017,9.1329],[78.5243,9.1365],[78.536,9.1376],[78.556,9.1367],[78.5638,9.1352],[78.5748,9.1304],[78.5785,9.1304],[78.5866,9.1377],[78.6061,9.1478],[78.6262,9.1534],[78.6574,9.1577],[78.6576,9.1596],[78.6539,9.1591],[78.6505,9.1608],[78.6466,9.1669],[78.643,9.1692],[78.6428,9.1759],[78.6472,9.1843],[78.6641,9.1935],[78.6787,9.1957],[78.6854,9.1953],[78.7166,9.1891],[78.7194,9.192],[78.7165,9.1985],[78.7174,9.2009],[78.7274,9.2093],[78.7326,9.2116],[78.7405,9.212],[78.7456,9.2145],[78.7553,9.2156],[78.7643,9.2213],[78.7726,9.2229],[78.7793,9.2268],[78.7841,9.2268],[78.7898,9.2294],[78.7931,9.2288],[78.8049,9.2361],[78.8221,9.2388],[78.8239,9.2411],[78.8326,9.2434],[78.8326,9.2457],[78.8445,9.2482],[78.8523,9.247],[78.8538,9.2485],[78.8561,9.2483],[78.8563,9.253],[78.861,9.2555],[78.8667,9.254],[78.8721,9.2571],[78.8758,9.2573],[78.8886,9.2543],[78.8975,9.2505],[78.908,9.2497],[78.9126,9.2537],[78.9162,9.2599],[78.9125,9.2615],[78.9119,9.2637],[78.918,9.2616],[78.9259,9.2671],[78.9646,9.274],[78.9956,9.2734],[78.9994,9.2714],[79.0166,9.2697],[79.0514,9.2627],[79.059,9.2625],[79.0643,9.2604],[79.0719,9.2598],[79.0753,9.2613],[79.0897,9.2602],[79.113,9.2648],[79.1271,9.27],[79.1339,9.2679],[79.1449,9.2685],[79.1529,9.2763],[79.1564,9.2752],[79.1544,9.2763],[79.1904,9.2817],[79.2086,9.2817],[79.2043,9.2773],[79.203,9.2677],[79.2051,9.2674],[79.2076,9.271],[79.2058,9.2745],[79.2082,9.2729],[79.2094,9.269],[79.2129,9.2681],[79.2147,9.2658],[79.2184,9.2701],[79.2166,9.2648],[79.2168,9.2553],[79.2183,9.2567],[79.2283,9.2586],[79.2565,9.2589],[79.2726,9.2555],[79.2999,9.2458],[79.3392,9.2252],[79.3844,9.1944],[79.4158,9.1765],[79.4328,9.1609],[79.4327,9.1653],[79.4234,9.1771],[79.3922,9.2032],[79.374,9.2149],[79.3615,9.2279],[79.3263,9.2588],[79.3157,9.2741],[79.3138,9.2793],[79.3146,9.2837],[79.3199,9.2855],[79.3158,9.2845],[79.3206,9.2868],[79.3214,9.2892],[79.3265,9.2929],[79.3281,9.2988],[79.333,9.3038],[79.3352,9.3087],[79.3348,9.3133],[79.3294,9.3202],[79.3219,9.3245],[79.3108,9.3277],[79.3004,9.3221],[79.291,9.3195],[79.2814,9.3126],[79.2737,9.3033],[79.2712,9.2958],[79.2671,9.2928],[79.2509,9.2909],[79.2421,9.2924],[79.2209,9.2912],[79.2135,9.2837],[79.2097,9.2829],[79.1599,9.284],[79.1412,9.2919],[79.1305,9.2881],[79.1249,9.2905],[79.1063,9.2907],[79.0665,9.298],[79.0328,9.3191],[79.0156,9.3316],[78.9984,9.3475],[78.9964,9.3475],[78.9779,9.3645],[78.9361,9.4092],[78.9183,9.4349],[78.9027,9.4635],[78.8984,9.4773],[78.8984,9.4896],[78.8995,9.4916],[78.9044,9.4937],[78.9096,9.4917],[78.9144,9.493],[78.9154,9.5003],[78.9133,9.5056],[78.9198,9.5254],[78.9191,9.542],[78.9268,9.5851],[78.9299,9.5894],[78.9304,9.5953],[78.9374,9.6081],[78.9463,9.6191],[78.9549,9.6239],[78.96,9.6312],[78.9593,9.6421],[78.9639,9.6406],[78.966,9.6475],[78.9709,9.6558],[78.9703,9.6651],[78.9803,9.6896],[78.9894,9.6992],[78.9898,9.703],[78.9943,9.7093],[79.0046,9.7188],[79.0078,9.7248],[79.016,9.7325],[79.0206,9.7415],[79.0373,9.7629],[79.0411,9.7663],[79.059,9.773],[79.0611,9.781],[79.0696,9.7931],[79.0787,9.8005],[79.0789,9.8058],[79.0817,9.8138],[79.0879,9.8232],[79.0966,9.8328],[79.1058,9.839],[79.1189,9.8524],[79.1239,9.8652],[79.1184,9.8666],[79.1192,9.8772],[79.1246,9.8846],[79.1258,9.8909],[79.1289,9.8949],[79.1515,9.9161],[79.1533,9.9211],[79.1527,9.9283],[79.1551,9.9316],[79.1688,9.9437],[79.181,9.958],[79.1984,9.9734],[79.2052,9.9848],[79.2161,9.9968],[79.2148,10.0001],[79.2165,9.9976],[79.2443,10.0273],[79.266,10.0393],[79.2555,10.0451],[79.2518,10.0511],[79.2533,10.0587],[79.252,10.0657],[79.246,10.0738],[79.2382,10.075],[79.2366,10.0766],[79.2285,10.0903],[79.2258,10.1011],[79.2292,10.1043],[79.2293,10.1075],[79.2272,10.1113],[79.2302,10.1184],[79.2271,10.1192],[79.2306,10.1193],[79.2314,10.1244],[79.2356,10.128],[79.2276,10.1338],[79.2282,10.1474],[79.2303,10.1515],[79.2368,10.1543],[79.2348,10.1571],[79.2373,10.1547],[79.2387,10.1563],[79.2398,10.1625],[79.2381,10.1698],[79.2409,10.1758],[79.2411,10.1808],[79.2441,10.186],[79.2553,10.1907],[79.2648,10.1973],[79.2697,10.2066],[79.2786,10.2155],[79.2772,10.2234],[79.2762,10.2239],[79.2768,10.2225],[79.2758,10.2226],[79.2713,10.2249],[79.2669,10.229],[79.2689,10.2343],[79.2787,10.2455],[79.2968,10.2624],[79.3039,10.2668],[79.309,10.2681],[79.3193,10.2779],[79.3317,10.2858],[79.3543,10.2895],[79.3666,10.294],[79.3695,10.3029],[79.3769,10.3131],[79.3811,10.3164],[79.3891,10.3174],[79.4848,10.3155],[79.504,10.3142],[79.5123,10.3123],[79.5166,10.3134],[79.5283,10.3101],[79.5296,10.3079],[79.5326,10.3067],[79.5724,10.3035],[79.5837,10.3008],[79.5908,10.3014],[79.6363,10.2946],[79.6485,10.291],[79.6537,10.288],[79.706,10.2776],[79.7323,10.2753],[79.7409,10.2758],[79.7513,10.2734],[79.7685,10.2719],[79.8236,10.2755],[79.8586,10.2821],[79.8682,10.2866],[79.8764,10.2954],[79.8814,10.3058],[79.8822,10.3232],[79.874,10.3523],[79.8699,10.3745],[79.8687,10.3756],[79.8699,10.3762],[79.8671,10.4016],[79.8672,10.4131],[79.8656,10.4151],[79.8676,10.4164],[79.8676,10.4233],[79.8662,10.4435],[79.8657,10.4459],[79.8643,10.4458],[79.8656,10.4466],[79.864,10.4556],[79.8639,10.4678],[79.8623,10.4712],[79.8633,10.4719],[79.8626,10.4916],[79.8611,10.4945],[79.8623,10.4967],[79.8581,10.5474],[79.8589,10.5608],[79.8534,10.6267],[79.8539,10.6955],[79.8509,10.7533],[79.8517,10.7627],[79.8506,10.7637],[79.8518,10.7639],[79.8508,10.8093],[79.8527,10.8269],[79.8506,10.8259],[79.8507,10.8278],[79.831,10.8274],[79.828,10.8497],[79.8252,10.847],[79.821,10.8456],[79.8194,10.8492],[79.8137,10.85],[79.8079,10.8557],[79.8074,10.8655],[79.8096,10.8657],[79.8116,10.8597],[79.8179,10.8635],[79.8248,10.8649],[79.8247,10.8691],[79.8232,10.8701],[79.8223,10.8743],[79.811,10.8756],[79.8112,10.8804],[79.8192,10.88],[79.8209,10.8814],[79.8246,10.8805],[79.8285,10.8822],[79.8285,10.8838],[79.8232,10.8843],[79.8113,10.8885],[79.807,10.8876],[79.8043,10.8911],[79.801,10.8902],[79.7997,10.8874],[79.7946,10.8876],[79.7952,10.8909],[79.7903,10.8949],[79.7899,10.8904],[79.7836,10.8885],[79.782,10.8905],[79.7825,10.8954],[79.7894,10.8968],[79.7912,10.896],[79.7938,10.8988],[79.7919,10.9003],[79.7913,10.9049],[79.7953,10.9028],[79.7892,10.9085],[79.782,10.9063],[79.7798,10.9089],[79.7773,10.909],[79.777,10.9072],[79.7792,10.9053],[79.7766,10.9055],[79.7769,10.8966],[79.7651,10.8963],[79.7652,10.8944],[79.7679,10.8925],[79.7562,10.8918],[79.7558,10.8947],[79.7577,10.8948],[79.7586,10.8973],[79.7623,10.898],[79.7635,10.8998],[79.7613,10.9018],[79.7609,10.9007],[79.7624,10.9005],[79.7617,10.8993],[79.7602,10.9005],[79.7569,10.8965],[79.7578,10.902],[79.7592,10.901],[79.7594,10.9019],[79.7575,10.9079],[79.7629,10.9137],[79.7589,10.9167],[79.7543,10.9163],[79.7537,10.9141],[79.743,10.9147],[79.7433,10.9161],[79.7448,10.9161],[79.7453,10.9193],[79.743,10.9175],[79.7417,10.918],[79.7434,10.9191],[79.7426,10.9246],[79.7393,10.9246],[79.7384,10.9233],[79.7391,10.9263],[79.7373,10.9257],[79.7381,10.9248],[79.7352,10.9247],[79.7355,10.9275],[79.7307,10.9284],[79.7301,10.9273],[79.73,10.9284],[79.7248,10.929],[79.7255,10.9341],[79.7268,10.9351],[79.7292,10.934],[79.7291,10.9364],[79.723,10.935],[79.723,10.9361],[79.7271,10.9378],[79.7249,10.9383],[79.724,10.9419],[79.7306,10.9443],[79.7313,10.9475],[79.7369,10.949],[79.7373,10.9525],[79.7363,10.9529],[79.7365,10.9572],[79.7345,10.9575],[79.7332,10.9568],[79.7334,10.955],[79.7324,10.9554],[79.7324,10.9512],[79.7198,10.9522],[79.7212,10.9556],[79.7195,10.9567],[79.7195,10.9545],[79.7187,10.956],[79.7206,10.9644],[79.7192,10.9685],[79.7309,10.9705],[79.7316,10.9693],[79.7349,10.9694],[79.7349,10.9674],[79.7384,10.9674],[79.7391,10.9646],[79.7416,10.9665],[79.7446,10.9662],[79.7462,10.9651],[79.745,10.9566],[79.7463,10.9563],[79.7493,10.9585],[79.7557,10.9585],[79.7588,10.9606],[79.7639,10.9598],[79.7616,10.9651],[79.7627,10.9666],[79.7605,10.9682],[79.7594,10.9722],[79.7547,10.9719],[79.7547,10.9752],[79.7528,10.9769],[79.7555,10.978],[79.7556,10.9796],[79.7584,10.9799],[79.7585,10.9835],[79.7528,10.9829],[79.7525,10.9881],[79.7473,10.9884],[79.7485,10.998],[79.7467,11.0026],[79.7486,11.0032],[79.7543,11.0026],[79.7563,11.0038],[79.76,10.9991],[79.7621,11.0014],[79.7632,10.9992],[79.7666,10.9974],[79.7798,10.9987],[79.7789,10.9969],[79.7835,10.9948],[79.7835,10.9967],[79.7865,10.9973],[79.789,10.992],[79.7861,10.9909],[79.7863,10.9897],[79.7938,10.9831],[79.7977,10.9826],[79.7994,10.9829],[79.799,10.986],[79.8018,10.9881],[79.804,10.9871],[79.8038,10.9922],[79.8062,10.993],[79.8032,10.9953],[79.8042,10.9977],[79.8081,10.9999],[79.8131,10.9992],[79.8152,11.0038],[79.8206,10.9982],[79.8229,11.0008],[79.8279,10.9982],[79.8289,11.0018],[79.8319,11.0029],[79.8402,11.0021],[79.8394,10.9959],[79.8512,10.9943],[79.8506,10.9874],[79.8519,10.9839],[79.8544,10.9833],[79.8558,11.0015],[79.855,11.0129],[79.8569,11.0261],[79.8556,11.0427],[79.8582,11.1192],[79.8565,11.1714],[79.8532,11.2046],[79.8484,11.2362],[79.8406,11.274],[79.8346,11.3218],[79.8363,11.3338],[79.8431,11.3512],[79.8411,11.3534],[79.8321,11.3566],[79.8313,11.3589],[79.8365,11.3583],[79.8323,11.3606],[79.8222,11.3821],[79.8114,11.4322],[79.8074,11.4441],[79.8027,11.4554],[79.7932,11.471],[79.7785,11.5],[79.7797,11.5009],[79.7784,11.5069],[79.7686,11.5148],[79.7602,11.5394],[79.7572,11.5575],[79.7577,11.5943],[79.761,11.6238],[79.7765,11.6988],[79.7787,11.702],[79.782,11.7183],[79.7872,11.7342],[79.7863,11.7348],[79.7898,11.7548],[79.7954,11.7739],[79.7958,11.7855],[79.7844,11.7874],[79.7812,11.7843],[79.7804,11.7812],[79.7719,11.7822],[79.7702,11.7835],[79.7706,11.7896],[79.7688,11.7892],[79.7688,11.7908],[79.7658,11.7919],[79.7619,11.7908],[79.7609,11.787],[79.7575,11.7835],[79.755,11.7753],[79.7497,11.7761],[79.7402,11.7809],[79.7318,11.7808],[79.7261,11.7826],[79.7218,11.7869],[79.7198,11.785],[79.7123,11.7916],[79.7138,11.7963],[79.7167,11.7965],[79.717,11.7976],[79.7228,11.7965],[79.7231,11.8029],[79.7252,11.8032],[79.7245,11.8105],[79.7357,11.8094],[79.7347,11.8169],[79.7329,11.8182],[79.7327,11.8238],[79.7316,11.8244],[79.7323,11.8334],[79.7294,11.837],[79.7381,11.837],[79.7367,11.8443],[79.7396,11.8424],[79.7486,11.8407],[79.7507,11.8387],[79.7644,11.8338],[79.7649,11.8242],[79.7678,11.8227],[79.773,11.8227],[79.7746,11.8287],[79.7802,11.8319],[79.7864,11.831],[79.7873,11.8294],[79.7923,11.8276],[79.7957,11.8285],[79.795,11.8257],[79.7975,11.8246],[79.8006,11.8307],[79.7986,11.8333],[79.7936,11.8324],[79.7938,11.8336],[79.7981,11.8347],[79.7982,11.8387],[79.8004,11.8377],[79.8022,11.8339],[79.807,11.8336]],[[79.6857,11.8126],[79.6881,11.8122],[79.6905,11.8085],[79.6896,11.8021],[79.6839,11.8022],[79.6813,11.7963],[79.6746,11.8036],[79.6759,11.8143],[79.6793,11.8146],[79.6857,11.8126]],[[79.7003,11.8217],[79.7026,11.8135],[79.692,11.8142],[79.6926,11.8225],[79.7003,11.8217]],[[79.6994,11.8682],[79.6991,11.8613],[79.696,11.8604],[79.6971,11.874],[79.6997,11.8742],[79.6994,11.8682]],[[79.7925,12.018],[79.7883,12.0192],[79.7893,12.0277],[79.8053,12.0245],[79.8054,12.0218],[79.8009,12.017],[79.7925,12.018]],[[79.6536,11.843],[79.6617,11.8393],[79.6594,11.8295],[79.6636,11.8251],[79.6713,11.8236],[79.6712,11.8149],[79.6651,11.8149],[79.6634,11.813],[79.6596,11.8128],[79.6463,11.8163],[79.647,11.8197],[79.645,11.8202],[79.6443,11.8222],[79.6409,11.8229],[79.6458,11.835],[79.6459,11.8423],[79.6472,11.8423],[79.6473,11.8442],[79.6536,11.843]],[[79.6184,11.8853],[79.6212,11.8906],[79.6249,11.8908],[79.6249,11.8892],[79.6297,11.8886],[79.6297,11.8813],[79.6345,11.881],[79.6348,11.8888],[79.6411,11.8866],[79.6405,11.8806],[79.6484,11.8803],[79.6485,11.8705],[79.6577,11.8701],[79.6592,11.8678],[79.6627,11.8673],[79.6634,11.8613],[79.6616,11.8612],[79.6578,11.8527],[79.6528,11.8505],[79.6471,11.8502],[79.6269,11.8543],[79.6285,11.8698],[79.6191,11.8701],[79.6194,11.8627],[79.6122,11.8626],[79.6104,11.8603],[79.602,11.8578],[79.6029,11.8701],[79.6027,11.8717],[79.6013,11.8712],[79.6,11.8758],[79.5993,11.8829],[79.6048,11.8812],[79.6082,11.8769],[79.6184,11.8853]],[[79.687,11.9679],[79.6838,11.9604],[79.6835,11.9544],[79.6846,11.9534],[79.6765,11.9485],[79.6725,11.948],[79.6638,11.9509],[79.6588,11.95],[79.6582,11.9525],[79.6547,11.9535],[79.6528,11.9578],[79.6538,11.9606],[79.6543,11.9594],[79.66,11.9584],[79.6605,11.9625],[79.6619,11.9625],[79.6622,11.9691],[79.6767,11.9681],[79.6803,11.9728],[79.6865,11.9732],[79.6878,11.9696],[79.687,11.9679]],[[79.6373,11.981],[79.6364,11.9778],[79.6403,11.9762],[79.6413,11.9704],[79.6483,11.9673],[79.6473,11.9534],[79.6422,11.9539],[79.6427,11.9421],[79.6471,11.9445],[79.652,11.9436],[79.6529,11.9482],[79.6574,11.9481],[79.6566,11.9469],[79.6586,11.9446],[79.6586,11.9419],[79.6604,11.9414],[79.6607,11.9371],[79.6642,11.937],[79.6641,11.9383],[79.6693,11.9375],[79.6705,11.9298],[79.669,11.926],[79.6689,11.9184],[79.661,11.9163],[79.6627,11.9151],[79.6626,11.9131],[79.656,11.9129],[79.6559,11.9079],[79.6411,11.9077],[79.6406,11.9022],[79.6321,11.9013],[79.6253,11.903],[79.6283,11.9196],[79.6267,11.922],[79.6184,11.9261],[79.6179,11.9361],[79.6189,11.9432],[79.6248,11.9431],[79.6285,11.9452],[79.6287,11.9595],[79.6266,11.964],[79.6275,11.9681],[79.6185,11.9699],[79.6245,11.976],[79.6244,11.9818],[79.6208,11.9824],[79.6197,11.9849],[79.618,11.9849],[79.6171,11.9896],[79.6236,11.9893],[79.6261,11.9996],[79.6196,12.0004],[79.6188,12.0019],[79.6213,12.0104],[79.621,12.0143],[79.6251,12.0147],[79.6292,12.0187],[79.6253,12.0304],[79.6264,12.0319],[79.6352,12.0297],[79.6375,12.0267],[79.644,12.0276],[79.6514,12.0223],[79.6485,12.0195],[79.646,12.0057],[79.6443,12.0055],[79.6423,11.9993],[79.6364,11.998],[79.6361,11.9957],[79.64,11.9927],[79.64,11.9885],[79.6373,11.981]],[[79.6965,12.0354],[79.6972,12.0332],[79.7007,12.0341],[79.7048,12.032],[79.7053,12.0276],[79.7028,12.0111],[79.709,12.0069],[79.7114,12.0014],[79.7175,11.9977],[79.718,11.9929],[79.7196,11.9922],[79.7158,11.9905],[79.7056,11.9946],[79.7022,11.9941],[79.7014,11.9919],[79.6947,11.9919],[79.6935,11.9899],[79.6854,11.9916],[79.6808,11.9833],[79.6776,11.9868],[79.6738,11.9951],[79.6625,11.9895],[79.6569,11.9916],[79.6596,12.0024],[79.6583,12.0038],[79.6614,12.0123],[79.6722,12.0097],[79.6765,12.0216],[79.6842,12.0217],[79.6866,12.0268],[79.6893,12.0291],[79.6912,12.0286],[79.6928,12.0353],[79.6965,12.0354]],[[79.8091,10.8807],[79.8099,10.8784],[79.8069,10.8777],[79.806,10.8797],[79.8091,10.8807]],[[79.722,10.9361],[79.7216,10.935],[79.7202,10.9361],[79.7216,10.9383],[79.722,10.9361]]]]}},{"type":"Feature","properties":{"kind":"district","name":"Ariyalur"},"geometry":{"type":"MultiPolygon","coordinates":[[[[79.4603,11.1505],[79.4677,11.1704],[79.4744,11.1743],[79.4829,11.1743],[79.5058,11.2044],[79.5102,11.2226],[79.5142,11.2275],[79.5081,11.2332],[79.5076,11.2375],[79.4966,11.2492],[79.4982,11.2583],[79.5049,11.2584],[79.5045,11.2729],[79.5019,11.2763],[79.5021,11.2909],[79.5,11.2942],[79.4992,11.3048],[79.5015,11.3122],[79.4979,11.315],[79.4891,11.3169],[79.477,11.3145],[79.4735,11.3183],[79.4658,11.3191],[79.4655,11.321],[79.463,11.3217],[79.4614,11.3273],[79.4597,11.3266],[79.4578,11.3285],[79.4577,11.3264],[79.4566,11.3264],[79.4566,11.3284],[79.4509,11.3352],[79.4488,11.3358],[79.448,11.3333],[79.4392,11.3345],[79.4373,11.3412],[79.4328,11.3432],[79.4347,11.3473],[79.4341,11.3489],[79.4382,11.3498],[79.4386,11.3578],[79.4262,11.357],[79.425,11.3579],[79.4218,11.3564],[79.4088,11.3614],[79.4065,11.3558],[79.4061,11.3567],[79.4019,11.3522],[79.3954,11.3559],[79.3949,11.3674],[79.3913,11.3682],[79.3954,11.3778],[79.3927,11.3799],[79.3933,11.389],[79.3908,11.3904],[79.3925,11.3929],[79.3926,11.4002],[79.3958,11.4004],[79.3949,11.4042],[79.3901,11.4047],[79.3894,11.4069],[79.3866,11.4086],[79.3869,11.4101],[79.3825,11.412],[79.381,11.4056],[79.3791,11.405],[79.3807,11.4018],[79.3839,11.4019],[79.3843,11.4035],[79.3859,11.4035],[79.3856,11.3984],[79.384,11.3982],[79.3838,11.3993],[79.3746,11.3999],[79.3743,11.4042],[79.376,11.4048],[79.3757,11.4062],[79.3787,11.4065],[79.3792,11.4122],[79.3704,11.4204],[79.3568,11.4205],[79.3471,11.4171],[79.3353,11.4202],[79.3251,11.4187],[79.3227,11.4209],[79.3147,11.4194],[79.3147,11.4176],[79.2973,11.4131],[79.2969,11.4098],[79.3029,11.3931],[79.3033,11.3869],[79.3019,11.3843],[79.2984,11.3841],[79.2992,11.382],[79.2876,11.3813],[79.2831,11.3833],[79.2792,11.381],[79.2766,11.3832],[79.2772,11.3884],[79.2685,11.3872],[79.2597,11.3896],[79.2569,11.3867],[79.2526,11.3752],[79.2457,11.3707],[79.2415,11.3729],[79.2414,11.3825],[79.2384,11.3912],[79.2344,11.3932],[79.2171,11.3892],[79.21,11.3847],[79.2036,11.3837],[79.1852,11.3776],[79.1813,11.375],[79.1774,11.3746],[79.164,11.382],[79.1455,11.3854],[79.143,11.3852],[79.1367,11.376],[79.1353,11.3673],[79.1366,11.3654],[79.1363,11.3574],[79.1338,11.3412],[79.1273,11.3333],[79.1282,11.3149],[79.1301,11.3115],[79.1445,11.31],[79.1452,11.3024],[79.1424,11.294],[79.1397,11.2931],[79.137,11.2962],[79.1266,11.2964],[79.1227,11.2936],[79.118,11.2948],[79.1155,11.2914],[79.1175,11.2868],[79.1164,11.2828],[79.1128,11.282],[79.1114,11.2735],[79.112,11.2699],[79.1171,11.2713],[79.1186,11.2689],[79.1227,11.2677],[79.1259,11.2594],[79.1236,11.2542],[79.1242,11.2495],[79.1117,11.2452],[79.1119,11.2349],[79.1029,11.2299],[79.0997,11.2241],[79.0971,11.2134],[79.0979,11.2057],[79.0968,11.1996],[79.094,11.1996],[79.0918,11.2033],[79.0852,11.2047],[79.0798,11.2046],[79.0716,11.2073],[79.0684,11.2055],[79.0679,11.1895],[79.0774,11.1892],[79.0786,11.1797],[79.0726,11.1759],[79.072,11.1729],[79.0743,11.1709],[79.0762,11.1652],[79.0756,11.1582],[79.0727,11.1544],[79.0636,11.1529],[79.0621,11.1416],[79.06,11.1421],[79.0578,11.1344],[79.0624,11.1345],[79.066,11.1307],[79.0706,11.1123],[79.0701,11.1071],[79.056,11.0868],[79.044,11.0866],[79.0336,11.0839],[79.0264,11.0714],[79.028,11.0679],[79.0199,11.0661],[79.0218,11.0621],[79.0111,11.0609],[79.0094,11.058],[79.0095,11.0439],[79.0124,11.0416],[79.0128,11.0167],[79.0153,11.0095],[79.01,11.0085],[78.995,10.998],[78.992,10.9975],[78.9883,11.0013],[78.9873,10.9949],[78.9849,10.9914],[78.9864,10.9774],[78.9793,10.9746],[78.9783,10.9671],[78.9731,10.9667],[78.9664,10.9693],[78.9535,10.9706],[78.9494,10.9666],[78.9394,10.9631],[78.9396,10.9595],[78.9507,10.9533],[78.9538,10.9498],[78.9666,10.9496],[78.9802,10.9346],[78.9782,10.9295],[78.9815,10.9222],[78.9847,10.9234],[78.9869,10.9275],[78.9904,10.9275],[79.0003,10.9214],[79.0044,10.9107],[79.0079,10.8906],[79.0329,10.8829],[79.0387,10.8827],[79.0491,10.8852],[79.0526,10.8846],[79.0638,10.8919],[79.0686,10.899],[79.0758,10.9175],[79.0785,10.9197],[79.0944,10.9221],[79.119,10.9199],[79.1278,10.9241],[79.1353,10.9338],[79.1459,10.9397],[79.1526,10.9413],[79.1809,10.9391],[79.1936,10.945],[79.2055,10.9471],[79.2086,10.9387],[79.2143,10.9397],[79.2217,10.9439],[79.2206,10.9458],[79.2269,10.9483],[79.2395,10.9615],[79.273,10.9875],[79.2844,11.0016],[79.2852,11.0061],[79.2951,11.0148],[79.3016,11.0154],[79.3094,11.0191],[79.3139,11.016],[79.3361,11.0296],[79.3405,11.0353],[79.3578,11.0473],[79.3772,11.0546],[79.3952,11.0633],[79.4138,11.081],[79.4186,11.0893],[79.4238,11.0938],[79.4229,11.0953],[79.4238,11.0972],[79.4274,11.0971],[79.4279,11.0986],[79.4256,11.1014],[79.4284,11.1031],[79.4265,11.1064],[79.4319,11.1183],[79.4603,11.1505]]]]}},{"type":"Feature","properties":{"kind":"district","name":"Sivaganga"},"geometry":{"type":"MultiPolygon","coordinates":[[[[78.4191,9.5973],[78.4254,9.596],[78.4294,9.5999],[78.4328,9.6091],[78.4424,9.6181],[78.4513,9.6201],[78.4545,9.6169],[78.4585,9.6161],[78.4614,9.6221],[78.4648,9.6228],[78.4662,9.6171],[78.4723,9.6162],[78.4771,9.6123],[78.4978,9.6109],[78.5039,9.6093],[78.5027,9.6056],[78.5105,9.6032],[78.5139,9.6002],[78.5152,9.5954],[78.5142,9.5868],[78.5172,9.5834],[78.5238,9.5859],[78.5424,9.586],[78.5489,9.5806],[78.575,9.5821],[78.5722,9.5717],[78.5771,9.5693],[78.5825,9.5635],[78.5912,9.562],[78.598,9.5555],[78.6029,9.5532],[78.609,9.553],[78.6104,9.5451],[78.6178,9.5372],[78.6349,9.5324],[78.657,9.5203],[78.6621,9.5199],[78.6605,9.5268],[78.6548,9.5391],[78.6543,9.5446],[78.676,9.5564],[78.682,9.5616],[78.6846,9.5678],[78.6831,9.5834],[78.6799,9.5939],[78.674,9.5968],[78.6719,9.6009],[78.6734,9.6088],[78.6759,9.6111],[78.6812,9.6125],[78.6855,9.6058],[78.6895,9.6043],[78.7123,9.608],[78.7365,9.5881],[78.74,9.5879],[78.7462,9.5848],[78.7458,9.5781],[78.7549,9.5786],[78.7732,9.5855],[78.7869,9.585],[78.8081,9.5898],[78.8207,9.5946],[78.8188,9.5957],[78.8232,9.5969],[78.8277,9.5959],[78.8351,9.6003],[78.8415,9.606],[78.8412,9.6076],[78.8373,9.6099],[78.8403,9.61],[78.8401,9.6135],[78.8466,9.6219],[78.8448,9.6265],[78.842,9.628],[78.8409,9.6304],[78.8313,9.6312],[78.8267,9.6257],[78.8174,9.6263],[78.8042,9.6217],[78.7991,9.6229],[78.7948,9.6259],[78.7951,9.6296],[78.7893,9.6378],[78.794,9.6385],[78.7945,9.6429],[78.7859,9.6521],[78.79,9.6657],[78.7938,9.6679],[78.7948,9.6744],[78.7928,9.6751],[78.7941,9.6803],[78.7905,9.6822],[78.7935,9.687],[78.7976,9.6889],[78.8002,9.6927],[78.7975,9.7019],[78.7979,9.7068],[78.7906,9.7075],[78.7769,9.72],[78.7593,9.7166],[78.7525,9.7171],[78.7541,9.7254],[78.7712,9.726],[78.7744,9.7283],[78.7762,9.7354],[78.7749,9.7413],[78.774,9.7424],[78.7694,9.742],[78.7665,9.7486],[78.7605,9.7478],[78.7544,9.7436],[78.7432,9.744],[78.7367,9.7473],[78.7534,9.7667],[78.7614,9.7724],[78.7856,9.7709],[78.787,9.77],[78.7835,9.763],[78.7956,9.7609],[78.8035,9.7533],[78.8026,9.7473],[78.8103,9.7455],[78.8122,9.7561],[78.818,9.7644],[78.8251,9.7711],[78.8376,9.769],[78.8248,9.7564],[78.819,9.7477],[78.817,9.7413],[78.8257,9.7256],[78.8302,9.7228],[78.8331,9.7322],[78.8383,9.7382],[78.8492,9.7415],[78.8549,9.7481],[78.8584,9.7557],[78.8849,9.7552],[78.8892,9.7575],[78.8933,9.7661],[78.8927,9.7718],[78.9008,9.7863],[78.9002,9.7909],[78.8844,9.8003],[78.8828,9.81],[78.8848,9.8189],[78.8771,9.841],[78.8737,9.8625],[78.878,9.8741],[78.8833,9.8827],[78.9048,9.8813],[78.9066,9.8864],[78.902,9.8955],[78.9037,9.9013],[78.9172,9.9177],[78.9389,9.92],[78.946,9.9157],[78.9494,9.9157],[78.9596,9.9186],[78.9662,9.9236],[78.9762,9.9345],[78.9842,9.9381],[78.9826,9.9401],[78.9798,9.9402],[78.9796,9.9427],[78.991,9.9466],[78.9911,9.9513],[79.0019,9.9551],[79.0028,9.9611],[79.001,9.9676],[79.002,9.9764],[79.0045,9.9784],[79.0131,9.9792],[79.015,9.9805],[79.0142,9.9842],[79.0104,9.9886],[79.006,9.9861],[78.9959,9.9919],[78.9754,9.9915],[78.9738,10.0024],[78.9655,10.0093],[78.9632,10.0075],[78.956,10.0084],[78.9405,10.0146],[78.9306,10.023],[78.9324,10.0372],[78.93,10.0419],[78.9241,10.0455],[78.9251,10.049],[78.9299,10.0474],[78.9384,10.0562],[78.9415,10.0541],[78.9439,10.0562],[78.9449,10.0602],[78.9409,10.0627],[78.9385,10.0664],[78.9386,10.0711],[78.9355,10.0729],[78.9399,10.075],[78.9479,10.0825],[78.9503,10.0898],[78.9629,10.0959],[78.9716,10.0828],[78.9767,10.0828],[78.9783,10.0865],[78.9811,10.0862],[78.9869,10.0896],[78.9816,10.0966],[78.9819,10.1014],[78.9771,10.1033],[78.9761,10.1126],[78.9726,10.1218],[78.9686,10.1267],[78.968,10.1256],[78.9649,10.1276],[78.9625,10.1308],[78.9511,10.1181],[78.9427,10.1169],[78.941,10.1113],[78.9391,10.1121],[78.9375,10.1173],[78.9288,10.1156],[78.9247,10.1214],[78.9098,10.1305],[78.9107,10.1401],[78.9134,10.1455],[78.9085,10.1465],[78.9076,10.1531],[78.9033,10.1552],[78.9013,10.1539],[78.9021,10.152],[78.8968,10.1488],[78.89,10.1499],[78.8841,10.1547],[78.8784,10.1484],[78.878,10.1442],[78.8633,10.1334],[78.8601,10.1268],[78.8472,10.1262],[78.8477,10.1386],[78.8332,10.1396],[78.8317,10.1521],[78.821,10.1606],[78.8178,10.1657],[78.8175,10.1704],[78.824,10.1972],[78.8219,10.2013],[78.8112,10.2127],[78.7864,10.2059],[78.7718,10.199],[78.7682,10.1944],[78.7673,10.1893],[78.7673,10.1841],[78.7693,10.181],[78.7668,10.1759],[78.7717,10.1698],[78.7683,10.1655],[78.7584,10.1664],[78.7481,10.1645],[78.741,10.1614],[78.7317,10.1605],[78.7297,10.1621],[78.7289,10.1693],[78.7087,10.1749],[78.6924,10.148],[78.6833,10.1478],[78.6752,10.1516],[78.6725,10.1555],[78.6707,10.171],[78.673,10.1747],[78.6702,10.1778],[78.6658,10.1793],[78.6666,10.1858],[78.6717,10.1956],[78.6728,10.2059],[78.6538,10.2222],[78.6456,10.2225],[78.6352,10.2294],[78.6332,10.2341],[78.6328,10.2436],[78.6255,10.2482],[78.6312,10.252],[78.6328,10.2577],[78.6278,10.2674],[78.6134,10.2702],[78.6098,10.274],[78.6029,10.2752],[78.5814,10.2859],[78.5768,10.2851],[78.5728,10.2822],[78.5713,10.2774],[78.5746,10.2749],[78.5761,10.269],[78.5781,10.2667],[78.5732,10.2573],[78.5667,10.2565],[78.5629,10.2531],[78.5578,10.2544],[78.5547,10.2484],[78.5444,10.2538],[78.5418,10.2565],[78.5328,10.2568],[78.53,10.2589],[78.5258,10.2571],[78.5225,10.2512],[78.523,10.2421],[78.5178,10.2368],[78.5163,10.229],[78.518,10.2132],[78.5174,10.2092],[78.5149,10.2068],[78.5143,10.1993],[78.5176,10.1911],[78.5082,10.1884],[78.5019,10.1891],[78.4967,10.1921],[78.4927,10.1902],[78.4893,10.1905],[78.4797,10.1983],[78.4767,10.2026],[78.4671,10.207],[78.4711,10.2242],[78.4765,10.2267],[78.4784,10.2306],[78.4842,10.2362],[78.4801,10.2414],[78.4775,10.2419],[78.477,10.244],[78.4853,10.2543],[78.4837,10.2559],[78.4776,10.2467],[78.4728,10.243],[78.4644,10.2404],[78.4557,10.2429],[78.4511,10.2463],[78.4518,10.2545],[78.4549,10.2607],[78.4547,10.2666],[78.476,10.2693],[78.4899,10.264],[78.5102,10.2636],[78.5153,10.2665],[78.5135,10.2701],[78.5176,10.2655],[78.5207,10.2644],[78.5205,10.2757],[78.5232,10.28],[78.5205,10.2825],[78.5158,10.2816],[78.5061,10.2884],[78.5048,10.2979],[78.5091,10.3104],[78.5077,10.3147],[78.5099,10.3253],[78.5051,10.3311],[78.4984,10.3475],[78.4908,10.3562],[78.5049,10.3646],[78.5055,10.3716],[78.5033,10.3756],[78.5022,10.3841],[78.4984,10.3857],[78.4997,10.3876],[78.4918,10.3898],[78.4916,10.3955],[78.4637,10.4069],[78.4581,10.4084],[78.447,10.4082],[78.4379,10.3979],[78.4353,10.3816],[78.4402,10.3771],[78.4468,10.375],[78.448,10.3728],[78.4375,10.3638],[78.4257,10.3633],[78.4273,10.3581],[78.4118,10.3434],[78.4085,10.3414],[78.4082,10.3426],[78.4051,10.3387],[78.4031,10.3393],[78.3969,10.3248],[78.3943,10.3244],[78.3919,10.317],[78.3859,10.3154],[78.3811,10.3103],[78.3722,10.3088],[78.3738,10.3001],[78.3689,10.2995],[78.3657,10.2946],[78.3656,10.2849],[78.3609,10.2856],[78.361,10.2834],[78.3628,10.2809],[78.3624,10.2792],[78.3671,10.2751],[78.3656,10.2782],[78.3731,10.2769],[78.3741,10.2784],[78.3785,10.2783],[78.3847,10.2755],[78.3833,10.2744],[78.3886,10.2705],[78.392,10.2728],[78.3972,10.2731],[78.4048,10.2765],[78.4086,10.2724],[78.4153,10.2744],[78.4243,10.2696],[78.424,10.2595],[78.413,10.26],[78.4051,10.2585],[78.3978,10.2601],[78.3926,10.2526],[78.396,10.2497],[78.3954,10.2358],[78.3991,10.2268],[78.4082,10.2217],[78.4132,10.2138],[78.4098,10.2046],[78.4062,10.2003],[78.404,10.1888],[78.3967,10.179],[78.3973,10.1726],[78.4007,10.1659],[78.4155,10.1603],[78.4044,10.1382],[78.4166,10.1351],[78.4194,10.13],[78.4221,10.1321],[78.4276,10.1319],[78.4273,10.1249],[78.4303,10.1237],[78.4332,10.1271],[78.4344,10.1357],[78.4376,10.1346],[78.4388,10.1384],[78.4365,10.1418],[78.4392,10.1428],[78.4404,10.141],[78.4469,10.139],[78.4533,10.1344],[78.4568,10.1294],[78.46,10.1327],[78.4637,10.1334],[78.4663,10.1323],[78.467,10.1296],[78.4754,10.129],[78.4766,10.1278],[78.47,10.1089],[78.4583,10.1016],[78.4603,10.0923],[78.4585,10.0832],[78.4632,10.079],[78.4618,10.0709],[78.456,10.0714],[78.4522,10.0615],[78.4343,10.0581],[78.4297,10.0534],[78.4302,10.0461],[78.4321,10.0436],[78.4329,10.0379],[78.4468,10.034],[78.4505,10.0252],[78.4626,10.0118],[78.4596,10.0038],[78.4587,9.9927],[78.4516,9.9915],[78.4511,9.989],[78.4559,9.983],[78.4587,9.9691],[78.4175,9.9589],[78.4189,9.9563],[78.4167,9.955],[78.3904,9.9455],[78.3831,9.9459],[78.3731,9.9514],[78.3738,9.9339],[78.3635,9.935],[78.357,9.9395],[78.3536,9.9378],[78.3482,9.939],[78.3408,9.9366],[78.3356,9.9321],[78.32,9.9243],[78.315,9.9005],[78.3187,9.8836],[78.3164,9.8808],[78.314,9.8664],[78.2999,9.8622],[78.2944,9.8644],[78.2897,9.8705],[78.2825,9.8702],[78.2792,9.8717],[78.2761,9.8697],[78.2541,9.8736],[78.2655,9.8582],[78.2693,9.8499],[78.2642,9.8478],[78.2604,9.8353],[78.2533,9.8362],[78.247,9.8403],[78.2407,9.8474],[78.2482,9.8596],[78.231,9.8654],[78.227,9.8624],[78.2244,9.8656],[78.2054,9.876],[78.2036,9.8762],[78.2009,9.8729],[78.1955,9.8728],[78.1914,9.8738],[78.1871,9.8771],[78.1874,9.8718],[78.1808,9.8682],[78.1768,9.8725],[78.1675,9.8763],[78.1619,9.8764],[78.16,9.873],[78.1561,9.8742],[78.153,9.8659],[78.1546,9.8517],[78.1408,9.8567],[78.1373,9.8562],[78.133,9.8517],[78.1273,9.8554],[78.1279,9.8444],[78.1323,9.8393],[78.1342,9.8328],[78.1328,9.8142],[78.1406,9.8122],[78.1555,9.8218],[78.1583,9.8282],[78.1642,9.828],[78.1698,9.8303],[78.1734,9.8297],[78.1819,9.823],[78.1888,9.8159],[78.1937,9.8081],[78.1913,9.8],[78.1846,9.7897],[78.18,9.7744],[78.1775,9.772],[78.1736,9.7751],[78.1667,9.7735],[78.1638,9.7753],[78.164,9.7821],[78.1712,9.7836],[78.1734,9.7903],[78.1716,9.7991],[78.1621,9.8044],[78.1471,9.8078],[78.1439,9.8072],[78.1423,9.7978],[78.146,9.7951],[78.1464,9.7848],[78.1512,9.7814],[78.1505,9.7751],[78.1576,9.7655],[78.1666,9.7644],[78.1676,9.7601],[78.1654,9.7536],[78.1682,9.7495],[78.1723,9.7483],[78.1777,9.7538],[78.2008,9.7679],[78.2083,9.766],[78.2254,9.7678],[78.2361,9.7605],[78.2444,9.7581],[78.2502,9.7578],[78.2619,9.7613],[78.2753,9.7534],[78.274,9.7495],[78.2697,9.7447],[78.2626,9.7394],[78.2562,9.7186],[78.2528,9.7141],[78.2532,9.7119],[78.2558,9.7103],[78.2559,9.7046],[78.2514,9.7064],[78.2486,9.7024],[78.2494,9.6989],[78.2628,9.6918],[78.2652,9.6878],[78.2728,9.6868],[78.2781,9.6893],[78.2766,9.7003],[78.2723,9.7026],[78.2711,9.7055],[78.2739,9.7152],[78.2758,9.7172],[78.2781,9.7266],[78.2814,9.7316],[78.2846,9.7331],[78.2917,9.7451],[78.2992,9.7487],[78.2896,9.7265],[78.2903,9.7186],[78.2961,9.7115],[78.3179,9.7055],[78.3254,9.706],[78.3395,9.7036],[78.3352,9.6978],[78.3317,9.6955],[78.3387,9.6865],[78.3432,9.6833],[78.342,9.6799],[78.3445,9.6741],[78.336,9.6693],[78.3394,9.664],[78.3428,9.6602],[78.3467,9.66],[78.3521,9.6658],[78.3583,9.658],[78.3651,9.6557],[78.376,9.6588],[78.3836,9.6564],[78.3936,9.6504],[78.3934,9.6412],[78.3906,9.6324],[78.405,9.6233],[78.4162,9.6194],[78.4172,9.6031],[78.4191,9.5973]]]]}},{"type":"Feature","properties":{"kind":"district","name":"Thanjavur"},"geometry":{"type":"MultiPolygon","coordinates":[[[[79.0079,10.8906],[79.0003,10.8934],[78.9653,10.8893],[78.9607,10.8933],[78.9444,10.8886],[78.9384,10.8822],[78.9415,10.8794],[78.9354,10.8728],[78.9203,10.8656],[78.8824,10.8546],[78.8559,10.8448],[78.8189,10.8372],[78.7979,10.8382],[78.7787,10.8329],[78.7792,10.8267],[78.7877,10.8284],[78.7943,10.8253],[78.801,10.8241],[78.8056,10.8256],[78.8159,10.8243],[78.8681,10.8266],[78.8716,10.816],[78.8654,10.8121],[78.8645,10.8029],[78.8701,10.8034],[78.869,10.798],[78.8706,10.7869],[78.8793,10.7886],[78.8809,10.7796],[78.8756,10.7763],[78.8738,10.7632],[78.8686,10.7598],[78.8701,10.742],[78.8691,10.7378],[78.8657,10.7354],[78.8688,10.7151],[78.8719,10.7072],[78.8837,10.6949],[78.8932,10.6936],[78.8942,10.688],[78.8978,10.6835],[78.9024,10.6802],[78.9061,10.6804],[78.9089,10.6722],[78.9197,10.6711],[78.9214,10.6694],[78.9255,10.6687],[78.9269,10.6697],[78.9287,10.6689],[78.9298,10.6712],[78.9223,10.6742],[78.9257,10.6743],[78.925,10.6758],[78.9274,10.6754],[78.9265,10.6744],[78.9276,10.6737],[78.9314,10.6742],[78.9376,10.6723],[78.9389,10.6766],[78.9463,10.6737],[78.9473,10.6757],[78.9425,10.6815],[78.9414,10.6853],[78.9376,10.6871],[78.9425,10.6887],[78.9478,10.6854],[78.9488,10.6803],[78.9551,10.6768],[78.955,10.6786],[78.9569,10.6795],[78.9714,10.6686],[78.9723,10.6719],[78.9695,10.6759],[78.9711,10.6799],[78.9774,10.68],[78.9842,10.684],[78.9826,10.6918],[78.9894,10.7027],[78.9876,10.7102],[78.9881,10.7158],[78.9907,10.7196],[79.0004,10.7236],[79.006,10.7178],[79.0073,10.7142],[79.0124,10.714],[79.0125,10.7125],[79.0055,10.7076],[79.0107,10.7032],[79.01,10.6995],[79.0334,10.6975],[79.0342,10.6948],[79.0228,10.6909],[79.0186,10.6914],[79.0192,10.6893],[79.0163,10.6863],[79.0174,10.6818],[79.0202,10.6819],[79.0186,10.6757],[79.0424,10.6778],[79.0559,10.6744],[79.0545,10.6705],[79.0642,10.6695],[79.0666,10.6712],[79.0696,10.6711],[79.0662,10.6553],[79.0701,10.6555],[79.068,10.6506],[79.0686,10.6434],[79.0713,10.6374],[79.0824,10.6333],[79.0827,10.6315],[79.0866,10.6318],[79.0932,10.6297],[79.0951,10.6259],[79.102,10.6252],[79.1017,10.6231],[79.1047,10.6231],[79.1053,10.6187],[79.107,10.6168],[79.1206,10.6315],[79.1272,10.6319],[79.1284,10.6346],[79.1397,10.6145],[79.1422,10.6148],[79.1429,10.6128],[79.1409,10.611],[79.1461,10.6047],[79.146,10.6024],[79.1402,10.5978],[79.1436,10.5947],[79.1437,10.5876],[79.165,10.5884],[79.1701,10.5873],[79.1694,10.585],[79.1736,10.5828],[79.1794,10.5871],[79.1799,10.5721],[79.1837,10.5714],[79.1844,10.576],[79.1918,10.579],[79.193,10.5698],[79.1895,10.5669],[79.1926,10.562],[79.1922,10.5596],[79.1902,10.5594],[79.1904,10.5556],[79.1846,10.5565],[79.1874,10.5413],[79.1858,10.5381],[79.182,10.5399],[79.1756,10.5344],[79.171,10.5346],[79.1708,10.5318],[79.1605,10.5326],[79.1527,10.5295],[79.1514,10.5245],[79.1558,10.5236],[79.1518,10.5185],[79.1433,10.5136],[79.1408,10.4992],[79.1307,10.4953],[79.1352,10.4883],[79.1402,10.4858],[79.148,10.4861],[79.154,10.4754],[79.1578,10.4766],[79.1615,10.4729],[79.1633,10.4753],[79.1692,10.4772],[79.1711,10.4817],[79.1742,10.4821],[79.1731,10.478],[79.182,10.4754],[79.181,10.474],[79.1848,10.4716],[79.1898,10.4714],[79.1923,10.4688],[79.1946,10.4688],[79.1958,10.4632],[79.1923,10.4621],[79.1925,10.4599],[79.1798,10.4602],[79.1794,10.4577],[79.1752,10.4591],[79.1737,10.4559],[79.1692,10.4562],[79.1685,10.4535],[79.1763,10.4504],[79.1768,10.4473],[79.1685,10.4492],[79.1599,10.4478],[79.1567,10.4533],[79.1586,10.4626],[79.1534,10.4637],[79.1504,10.4599],[79.1537,10.4575],[79.1525,10.455],[79.1555,10.45],[79.1522,10.4474],[79.1469,10.4497],[79.1414,10.4494],[79.1414,10.4464],[79.1442,10.4447],[79.1385,10.4386],[79.1333,10.4361],[79.1309,10.4365],[79.1295,10.434],[79.1325,10.4271],[79.1462,10.4128],[79.1554,10.4002],[79.1526,10.3942],[79.1485,10.3899],[79.1462,10.3839],[79.1466,10.3795],[79.1494,10.3761],[79.1462,10.3724],[79.1488,10.37],[79.1449,10.3673],[79.1455,10.3646],[79.1491,10.3627],[79.1523,10.3568],[79.1489,10.3549],[79.1501,10.344],[79.1446,10.3452],[79.1417,10.3416],[79.1427,10.3403],[79.1348,10.335],[79.1315,10.338],[79.1256,10.3366],[79.1221,10.3346],[79.1229,10.3324],[79.1197,10.331],[79.1202,10.3254],[79.1237,10.3253],[79.1248,10.3282],[79.1286,10.3281],[79.1319,10.3304],[79.1356,10.3254],[79.1316,10.3221],[79.1292,10.3172],[79.1273,10.3123],[79.1279,10.3091],[79.1226,10.3083],[79.1202,10.3024],[79.1228,10.3018],[79.1216,10.2949],[79.1235,10.2939],[79.1222,10.2876],[79.1276,10.2842],[79.1278,10.2802],[79.1327,10.274],[79.1314,10.2677],[79.1338,10.2657],[79.1305,10.2613],[79.1303,10.2558],[79.1285,10.2536],[79.117,10.2526],[79.1176,10.2381],[79.1221,10.2358],[79.1285,10.2351],[79.1329,10.2354],[79.135,10.238],[79.1395,10.2388],[79.1462,10.2377],[79.1459,10.232],[79.149,10.2309],[79.1448,10.2204],[79.1486,10.2186],[79.1529,10.2218],[79.157,10.2205],[79.1596,10.2217],[79.1654,10.2214],[79.1724,10.2181],[79.1757,10.221],[79.1819,10.2192],[79.1825,10.2112],[79.1864,10.2102],[79.1888,10.2066],[79.1855,10.2052],[79.1854,10.2009],[79.1826,10.2032],[79.1778,10.2027],[79.177,10.1986],[79.1752,10.2014],[79.1705,10.2023],[79.1703,10.2056],[79.1644,10.2062],[79.1642,10.2035],[79.1596,10.2029],[79.1533,10.1984],[79.1539,10.1884],[79.1575,10.1873],[79.16,10.1823],[79.1582,10.1765],[79.1598,10.1744],[79.1528,10.1682],[79.1539,10.1631],[79.1606,10.1599],[79.1651,10.1607],[79.1666,10.1639],[79.1834,10.1621],[79.1946,10.1645],[79.1964,10.1613],[79.2044,10.1614],[79.2048,10.1567],[79.2071,10.1539],[79.2066,10.1493],[79.2103,10.1464],[79.2106,10.1446],[79.2065,10.1438],[79.206,10.1408],[79.2188,10.1401],[79.2297,10.1415],[79.2293,10.1454],[79.231,10.1496],[79.2408,10.1539],[79.2412,10.164],[79.2381,10.1691],[79.2418,10.1733],[79.241,10.1793],[79.242,10.1815],[79.2454,10.1846],[79.2556,10.1892],[79.2651,10.1979],[79.27,10.2047],[79.2793,10.211],[79.2814,10.2145],[79.2805,10.2193],[79.2684,10.2278],[79.2682,10.2324],[79.2725,10.2386],[79.2951,10.2604],[79.3017,10.2646],[79.3075,10.2656],[79.3199,10.2779],[79.3317,10.2844],[79.3401,10.2865],[79.351,10.2856],[79.3668,10.2924],[79.3727,10.2973],[79.3823,10.3134],[79.3852,10.3157],[79.3904,10.3166],[79.4054,10.3172],[79.4959,10.3089],[79.5123,10.3085],[79.5175,10.3128],[79.5186,10.3162],[79.5019,10.3156],[79.4762,10.3192],[79.472,10.3215],[79.4727,10.3255],[79.4822,10.3217],[79.4811,10.3303],[79.4738,10.3362],[79.4781,10.3381],[79.4835,10.3377],[79.4852,10.3336],[79.4887,10.3304],[79.4948,10.3275],[79.4951,10.326],[79.4936,10.3257],[79.4867,10.3297],[79.4857,10.3269],[79.4954,10.3181],[79.5007,10.3181],[79.5054,10.3214],[79.5066,10.3346],[79.5094,10.3343],[79.514,10.3215],[79.5158,10.3206],[79.5184,10.3211],[79.5191,10.3227],[79.5172,10.3272],[79.5184,10.3297],[79.5244,10.33],[79.5278,10.3263],[79.5262,10.3254],[79.5225,10.3266],[79.5217,10.3255],[79.5203,10.3187],[79.5222,10.3175],[79.5253,10.3175],[79.5324,10.322],[79.5377,10.322],[79.5419,10.3256],[79.5419,10.3292],[79.536,10.3357],[79.5056,10.3509],[79.5042,10.3523],[79.5044,10.3552],[79.5064,10.3562],[79.5086,10.3547],[79.5084,10.3639],[79.5054,10.37],[79.4977,10.3715],[79.4916,10.3745],[79.4863,10.3819],[79.4778,10.3736],[79.4622,10.3758],[79.4713,10.3872],[79.466,10.3951],[79.4627,10.3955],[79.4633,10.3986],[79.4665,10.4001],[79.4717,10.3977],[79.4803,10.3995],[79.475,10.4087],[79.4662,10.4134],[79.4666,10.4184],[79.4601,10.4196],[79.4572,10.429],[79.4532,10.4354],[79.4607,10.4343],[79.4678,10.4361],[79.4806,10.4429],[79.4752,10.4449],[79.4741,10.4521],[79.4708,10.4591],[79.4783,10.4647],[79.4841,10.4792],[79.4843,10.4866],[79.4841,10.4887],[79.4798,10.4926],[79.4718,10.4928],[79.4627,10.4888],[79.4554,10.4945],[79.462,10.5046],[79.4693,10.5108],[79.464,10.5139],[79.4592,10.5145],[79.4573,10.5198],[79.4533,10.5218],[79.4478,10.5213],[79.4425,10.5228],[79.435,10.5331],[79.4247,10.5358],[79.4272,10.5426],[79.4381,10.5454],[79.4485,10.5503],[79.4538,10.5507],[79.4512,10.5575],[79.4466,10.5571],[79.4402,10.5597],[79.4344,10.557],[79.4274,10.5608],[79.4209,10.5495],[79.4154,10.5519],[79.4082,10.5512],[79.3998,10.5567],[79.3989,10.5625],[79.3999,10.5729],[79.403,10.5769],[79.3894,10.5834],[79.3768,10.5794],[79.363,10.5792],[79.3501,10.5863],[79.3473,10.591],[79.349,10.597],[79.3479,10.6068],[79.3524,10.6106],[79.3489,10.6204],[79.3452,10.6252],[79.353,10.6294],[79.3571,10.6481],[79.3512,10.6472],[79.3479,10.6527],[79.341,10.6585],[79.3178,10.6614],[79.3172,10.6738],[79.3188,10.6876],[79.3067,10.7096],[79.3081,10.7177],[79.3044,10.7355],[79.3012,10.7352],[79.3002,10.7363],[79.3019,10.7419],[79.305,10.7458],[79.3096,10.7465],[79.3125,10.7404],[79.3366,10.7395],[79.3429,10.7407],[79.35,10.7444],[79.3506,10.75],[79.3573,10.7497],[79.3626,10.763],[79.3455,10.7684],[79.3452,10.7818],[79.3506,10.7853],[79.3533,10.7936],[79.3632,10.7939],[79.3693,10.7962],[79.3716,10.8006],[79.3694,10.807],[79.3618,10.8078],[79.3533,10.8134],[79.3404,10.8124],[79.3367,10.8145],[79.3306,10.8098],[79.331,10.8158],[79.3268,10.8176],[79.3264,10.8192],[79.3211,10.8194],[79.3173,10.8223],[79.3108,10.823],[79.3069,10.8262],[79.2994,10.8269],[79.2964,10.8317],[79.2914,10.8326],[79.2931,10.8399],[79.2952,10.8405],[79.2968,10.8468],[79.2949,10.8531],[79.2961,10.8628],[79.2935,10.8648],[79.292,10.8696],[79.2762,10.8749],[79.2749,10.8822],[79.2682,10.891],[79.2716,10.8923],[79.2733,10.8957],[79.2734,10.9003],[79.2721,10.9039],[79.2698,10.9058],[79.2698,10.9081],[79.2735,10.9064],[79.2786,10.9068],[79.2837,10.9029],[79.2988,10.9025],[79.2979,10.9077],[79.2911,10.9074],[79.2897,10.9151],[79.2849,10.9204],[79.2782,10.9235],[79.2779,10.9254],[79.2786,10.9273],[79.2854,10.9279],[79.292,10.9353],[79.2922,10.9372],[79.298,10.9384],[79.3009,10.9356],[79.303,10.9361],[79.313,10.9304],[79.3144,10.9284],[79.3167,10.9302],[79.3272,10.9264],[79.3318,10.9262],[79.3327,10.9239],[79.3363,10.9217],[79.3337,10.9173],[79.338,10.9127],[79.3405,10.914],[79.3437,10.9112],[79.3495,10.9117],[79.3535,10.9096],[79.353,10.908],[79.3643,10.8973],[79.3662,10.8984],[79.3705,10.8978],[79.3734,10.8915],[79.3772,10.8908],[79.3796,10.8922],[79.3823,10.891],[79.3853,10.8936],[79.3934,10.8931],[79.3953,10.8946],[79.3998,10.8908],[79.4077,10.8888],[79.4116,10.8841],[79.4183,10.8802],[79.4336,10.8739],[79.4387,10.8695],[79.4458,10.8692],[79.4547,10.8608],[79.4594,10.8661],[79.4674,10.8631],[79.4714,10.872],[79.4813,10.8689],[79.4872,10.8721],[79.4846,10.8778],[79.4922,10.8882],[79.4973,10.8897],[79.5084,10.8966],[79.5084,10.9024],[79.5013,10.9051],[79.4948,10.9048],[79.4947,10.9092],[79.4913,10.9186],[79.4861,10.9193],[79.4888,10.9231],[79.4998,10.9319],[79.5,10.9385],[79.5161,10.9401],[79.5191,10.945],[79.5157,10.9534],[79.5155,10.9796],[79.5106,10.9845],[79.5128,10.9875],[79.5202,10.9876],[79.524,10.9922],[79.5234,10.9975],[79.5269,10.9964],[79.5269,10.9986],[79.5301,10.9986],[79.5319,10.9964],[79.5428,10.9975],[79.5475,10.999],[79.5492,11.0017],[79.5463,11.0064],[79.5422,11.008],[79.5356,11.0097],[79.5275,11.008],[79.5276,11.0138],[79.5304,11.0148],[79.5336,11.0127],[79.5378,11.0133],[79.5349,11.026],[79.5197,11.0262],[79.5158,11.0412],[79.5225,11.0512],[79.529,11.0541],[79.5362,11.0626],[79.5376,11.0682],[79.552,11.0809],[79.5482,11.0852],[79.5455,11.0862],[79.5429,11.0842],[79.542,11.0873],[79.5488,11.1009],[79.5491,11.1041],[79.5424,11.1039],[79.5426,11.095],[79.5403,11.0949],[79.5378,11.1005],[79.5381,11.1033],[79.5402,11.1058],[79.5403,11.1089],[79.5466,11.1083],[79.5488,11.1095],[79.5492,11.1117],[79.5464,11.113],[79.5477,11.115],[79.5512,11.1156],[79.5527,11.1195],[79.5503,11.1238],[79.5538,11.1254],[79.5536,11.129],[79.5555,11.1304],[79.5575,11.1283],[79.5604,11.1301],[79.5625,11.1358],[79.5743,11.1462],[79.5675,11.1478],[79.5667,11.1543],[79.5594,11.1542],[79.5596,11.1621],[79.5523,11.1626],[79.5458,11.1595],[79.5445,11.1625],[79.5413,11.1633],[79.5383,11.1786],[79.5311,11.1778],[79.5239,11.182],[79.5256,11.1832],[79.5137,11.1794],[79.5113,11.1774],[79.5019,11.1754],[79.4834,11.1633],[79.4651,11.1555],[79.4603,11.1505],[79.4319,11.1183],[79.4265,11.1064],[79.4284,11.1031],[79.4256,11.1014],[79.4279,11.0986],[79.4274,11.0971],[79.4238,11.0972],[79.4229,11.0953],[79.4238,11.0938],[79.4186,11.0893],[79.4138,11.081],[79.3952,11.0633],[79.3772,11.0546],[79.3578,11.0473],[79.3405,11.0353],[79.3361,11.0296],[79.3139,11.016],[79.3094,11.0191],[79.3016,11.0154],[79.2951,11.0148],[79.2852,11.0061],[79.2844,11.0016],[79.273,10.9875],[79.2395,10.9615],[79.2269,10.9483],[79.2206,10.9458],[79.2217,10.9439],[79.2143,10.9397],[79.2086,10.9387],[79.2055,10.9471],[79.1936,10.945],[79.1809,10.9391],[79.1526,10.9413],[79.1459,10.9397],[79.1353,10.9338],[79.1278,10.9241],[79.119,10.9199],[79.0944,10.9221],[79.0785,10.9197],[79.0758,10.9175],[79.0686,10.899],[79.0638,10.8919],[79.0526,10.8846],[79.0491,10.8852],[79.0387,10.8827],[79.0329,10.8829],[79.0079,10.8906]]]]}},{"type":"Feature","properties":{"kind":"district","name":"Tiruvannamalai"},"geometry":{"type":"MultiPolygon","coordinates":[[[[79.2104,12.779],[79.2155,12.7611],[79.2065,12.7414],[79.2019,12.7426],[79.1989,12.7471],[79.1886,12.7486],[79.1851,12.7444],[79.1809,12.7437],[79.1764,12.745],[79.1759,12.7595],[79.1672,12.762],[79.1673,12.7649],[79.164,12.7705],[79.1596,12.7688],[79.1639,12.7604],[79.1631,12.7521],[79.1501,12.7542],[79.1415,12.7585],[79.1241,12.7589],[79.1029,12.7566],[79.0934,12.757],[79.093,12.7528],[79.0874,12.7526],[79.0834,12.7505],[79.0755,12.7528],[79.0587,12.7371],[79.0627,12.7346],[79.0565,12.728],[79.0585,12.7242],[79.0567,12.7189],[79.0481,12.7121],[79.0344,12.6943],[79.0166,12.6579],[79.0111,12.6576],[79.0133,12.6641],[79.0195,12.674],[79.0204,12.6811],[79.0244,12.691],[79.0232,12.6959],[79.0145,12.7002],[78.996,12.7042],[78.9921,12.6948],[78.9884,12.6962],[78.988,12.6854],[78.9818,12.681],[78.9813,12.667],[78.9785,12.6658],[78.9744,12.668],[78.9718,12.672],[78.9553,12.6776],[78.9531,12.6815],[78.953,12.6855],[78.9465,12.6848],[78.9441,12.6798],[78.9272,12.6768],[78.9156,12.6852],[78.9111,12.685],[78.9044,12.6795],[78.9014,12.682],[78.9021,12.6863],[78.8988,12.6886],[78.8864,12.6613],[78.8788,12.6521],[78.868,12.6324],[78.8609,12.6352],[78.8598,12.6285],[78.8573,12.6241],[78.8315,12.5659],[78.8278,12.5509],[78.8074,12.5085],[78.7982,12.4969],[78.7924,12.499],[78.7901,12.4934],[78.7859,12.4884],[78.7809,12.4868],[78.7793,12.4843],[78.778,12.4772],[78.779,12.4704],[78.7822,12.4677],[78.7784,12.4604],[78.7743,12.4606],[78.7648,12.4471],[78.7661,12.4424],[78.7695,12.4407],[78.7708,12.4372],[78.7712,12.4249],[78.7682,12.4212],[78.7659,12.4112],[78.7531,12.3847],[78.7439,12.3774],[78.7364,12.3778],[78.732,12.3712],[78.7312,12.3607],[78.7175,12.3275],[78.7107,12.3022],[78.7086,12.3],[78.6979,12.2962],[78.6952,12.2934],[78.6924,12.2846],[78.688,12.2839],[78.6778,12.2734],[78.656,12.2623],[78.6527,12.2589],[78.6544,12.2464],[78.6532,12.2399],[78.6637,12.2359],[78.6702,12.2307],[78.6729,12.225],[78.6731,12.2187],[78.6705,12.2097],[78.6596,12.1975],[78.645,12.2051],[78.6351,12.177],[78.6499,12.1627],[78.6499,12.1585],[78.6452,12.1502],[78.6402,12.1478],[78.6369,12.1443],[78.6336,12.1305],[78.6361,12.1282],[78.6526,12.129],[78.6598,12.1245],[78.6608,12.1213],[78.6671,12.1139],[78.6644,12.1035],[78.6882,12.108],[78.6922,12.1144],[78.6983,12.1157],[78.741,12.135],[78.7478,12.1264],[78.7426,12.1189],[78.7371,12.1139],[78.7384,12.111],[78.7307,12.1009],[78.7299,12.0949],[78.7268,12.0924],[78.7231,12.073],[78.7108,12.0439],[78.7023,12.0107],[78.7011,12.0015],[78.7047,11.9968],[78.699,11.9895],[78.7015,11.9847],[78.7048,11.9819],[78.7188,11.9807],[78.7388,11.9828],[78.7368,11.986],[78.742,11.9894],[78.747,11.9982],[78.7585,12.007],[78.7611,12.0105],[78.7732,12.0078],[78.7834,12.0089],[78.797,12.0126],[78.8073,12.0183],[78.8205,12.009],[78.8293,12.0144],[78.8839,12.0293],[78.892,12.0352],[78.9099,12.0312],[78.9137,12.0269],[78.917,12.0258],[78.9204,12.0238],[78.9229,12.0236],[78.93,12.029],[78.9373,12.0387],[78.9432,12.0438],[78.9463,12.0536],[78.9611,12.0678],[78.9729,12.0656],[78.9831,12.0671],[78.9886,12.0637],[78.9957,12.051],[78.9948,12.0632],[78.9978,12.0686],[79.0137,12.0645],[79.0178,12.0645],[79.0193,12.0665],[79.0317,12.0649],[79.0315,12.0625],[79.0219,12.0562],[79.0249,12.0478],[79.0399,12.0429],[79.0462,12.0374],[79.0521,12.0371],[79.0546,12.0384],[79.061,12.0523],[79.0671,12.052],[79.0688,12.0545],[79.0682,12.0576],[79.0626,12.0622],[79.063,12.0657],[79.0668,12.0709],[79.0728,12.0712],[79.0806,12.0738],[79.0873,12.0813],[79.0935,12.0769],[79.0994,12.0697],[79.0995,12.0663],[79.094,12.0577],[79.0897,12.0454],[79.0845,12.0447],[79.079,12.0475],[79.0785,12.0427],[79.0805,12.0331],[79.0847,12.0304],[79.0942,12.0316],[79.1,12.0238],[79.1066,12.0227],[79.1075,12.0274],[79.1063,12.0287],[79.1063,12.0339],[79.1107,12.0346],[79.1156,12.0387],[79.1221,12.0359],[79.129,12.0352],[79.1329,12.0363],[79.1358,12.039],[79.135,12.0418],[79.1365,12.0451],[79.1406,12.0485],[79.1462,12.0498],[79.1522,12.0445],[79.1524,12.0422],[79.1676,12.0327],[79.1749,12.032],[79.1766,12.0343],[79.1774,12.0497],[79.1799,12.0508],[79.1841,12.0494],[79.191,12.05],[79.1984,12.0597],[79.2011,12.0702],[79.2064,12.0692],[79.21,12.0703],[79.2226,12.0639],[79.2358,12.063],[79.2421,12.0682],[79.2427,12.0714],[79.2398,12.0771],[79.2459,12.0799],[79.2508,12.0796],[79.2615,12.0824],[79.2694,12.0959],[79.2689,12.103],[79.2764,12.1064],[79.2748,12.1083],[79.2751,12.1108],[79.2722,12.1131],[79.271,12.1288],[79.2604,12.1311],[79.2603,12.1355],[79.2561,12.1364],[79.255,12.1398],[79.2498,12.1406],[79.2484,12.1476],[79.2392,12.1499],[79.2377,12.1552],[79.2146,12.1671],[79.2128,12.1704],[79.2164,12.184],[79.2135,12.188],[79.2132,12.1918],[79.2176,12.1977],[79.2202,12.1974],[79.2232,12.1913],[79.2239,12.1839],[79.2356,12.1838],[79.2345,12.1902],[79.2355,12.1977],[79.228,12.2042],[79.2191,12.2086],[79.2179,12.2112],[79.2193,12.2142],[79.2362,12.213],[79.2382,12.2148],[79.2376,12.2174],[79.228,12.2199],[79.2277,12.2217],[79.2368,12.2296],[79.2393,12.2343],[79.2353,12.24],[79.2342,12.2442],[79.2351,12.2596],[79.2377,12.2706],[79.2447,12.2697],[79.2476,12.2777],[79.2519,12.2751],[79.2577,12.2747],[79.2592,12.2782],[79.2666,12.2827],[79.273,12.2917],[79.2789,12.291],[79.2805,12.292],[79.2813,12.2936],[79.2761,12.3049],[79.277,12.3063],[79.2817,12.3057],[79.2857,12.3069],[79.2889,12.3108],[79.2884,12.3148],[79.2906,12.3169],[79.2904,12.3188],[79.2872,12.3204],[79.2714,12.321],[79.265,12.3234],[79.2605,12.3217],[79.2517,12.3236],[79.2474,12.3169],[79.2353,12.317],[79.2336,12.3208],[79.2358,12.3264],[79.2352,12.329],[79.2321,12.3309],[79.2232,12.3314],[79.2212,12.3367],[79.2144,12.3398],[79.2012,12.3409],[79.2012,12.3434],[79.2156,12.3451],[79.2227,12.3479],[79.2267,12.3458],[79.2294,12.342],[79.2352,12.3428],[79.2405,12.3472],[79.2415,12.3519],[79.2326,12.3585],[79.2339,12.3621],[79.2283,12.3648],[79.2274,12.368],[79.23,12.3723],[79.2381,12.3679],[79.2421,12.37],[79.2492,12.3795],[79.2486,12.3902],[79.2412,12.3985],[79.237,12.4008],[79.2271,12.4019],[79.2359,12.4368],[79.2384,12.4415],[79.2464,12.4426],[79.2483,12.4466],[79.2767,12.4471],[79.3083,12.4397],[79.3177,12.4437],[79.3238,12.4493],[79.3274,12.4505],[79.348,12.4432],[79.3555,12.4463],[79.3637,12.4403],[79.3693,12.4437],[79.3878,12.441],[79.4025,12.4357],[79.403,12.4285],[79.4119,12.4181],[79.4115,12.41],[79.4175,12.4078],[79.4218,12.4109],[79.4305,12.4031],[79.4338,12.406],[79.4357,12.4105],[79.4428,12.4079],[79.4398,12.393],[79.4431,12.3907],[79.4455,12.3941],[79.4502,12.3959],[79.4512,12.3918],[79.4503,12.3791],[79.4679,12.3745],[79.4756,12.3668],[79.4868,12.3717],[79.4902,12.3749],[79.4935,12.3734],[79.4947,12.3693],[79.491,12.3596],[79.4922,12.351],[79.5025,12.347],[79.5114,12.349],[79.5135,12.355],[79.5168,12.3542],[79.5221,12.3561],[79.5261,12.3653],[79.5326,12.3695],[79.5386,12.3686],[79.5499,12.3638],[79.5578,12.3653],[79.5673,12.3617],[79.5726,12.3568],[79.5772,12.3577],[79.5824,12.354],[79.5924,12.3504],[79.5991,12.3505],[79.6042,12.3709],[79.6082,12.3755],[79.6163,12.3758],[79.6238,12.3711],[79.6245,12.3628],[79.6208,12.352],[79.6387,12.3441],[79.6452,12.3463],[79.645,12.356],[79.6469,12.3606],[79.6528,12.3614],[79.6636,12.3662],[79.668,12.3722],[79.6615,12.3791],[79.6639,12.3837],[79.6883,12.3996],[79.6968,12.3993],[79.6989,12.4096],[79.6932,12.4116],[79.6901,12.415],[79.691,12.4188],[79.706,12.4145],[79.7076,12.4194],[79.7048,12.4309],[79.7091,12.4316],[79.7156,12.4286],[79.7177,12.437],[79.7362,12.4289],[79.74,12.4344],[79.7456,12.4573],[79.7504,12.4561],[79.7505,12.4631],[79.7474,12.4657],[79.7473,12.484],[79.74,12.4879],[79.7345,12.4938],[79.7284,12.4931],[79.7245,12.496],[79.7255,12.4995],[79.728,12.5019],[79.7393,12.4965],[79.7404,12.5003],[79.7441,12.5031],[79.7526,12.5051],[79.7535,12.5091],[79.7573,12.5127],[79.7571,12.5192],[79.7497,12.5264],[79.7495,12.5289],[79.7471,12.5316],[79.7365,12.5406],[79.7177,12.5502],[79.7215,12.5598],[79.7218,12.5665],[79.7104,12.5691],[79.7076,12.5722],[79.7174,12.5781],[79.7188,12.5813],[79.7247,12.5792],[79.7286,12.5799],[79.7289,12.5846],[79.7242,12.5895],[79.7068,12.5961],[79.7009,12.5946],[79.698,12.5994],[79.6923,12.6015],[79.6866,12.5983],[79.6817,12.5983],[79.6709,12.5933],[79.6646,12.5968],[79.663,12.5993],[79.6588,12.6003],[79.6544,12.6034],[79.6506,12.6023],[79.646,12.6111],[79.6473,12.6261],[79.6447,12.6277],[79.6392,12.6266],[79.639,12.6293],[79.6341,12.6322],[79.637,12.6456],[79.6489,12.6688],[79.6587,12.6709],[79.6715,12.6679],[79.6847,12.6687],[79.739,12.6896],[79.7456,12.6947],[79.7471,12.6993],[79.7458,12.7022],[79.7377,12.7009],[79.7357,12.7028],[79.7388,12.7062],[79.74,12.7105],[79.7394,12.717],[79.7351,12.7213],[79.7264,12.7241],[79.718,12.7236],[79.716,12.7278],[79.7422,12.7334],[79.7453,12.7376],[79.7469,12.7439],[79.7427,12.7481],[79.7292,12.7567],[79.7123,12.7591],[79.7104,12.7705],[79.7117,12.7772],[79.7074,12.7808],[79.703,12.7768],[79.6948,12.7806],[79.6887,12.7855],[79.6812,12.7817],[79.6702,12.785],[79.6732,12.7785],[79.6597,12.7757],[79.6617,12.7713],[79.6569,12.7649],[79.6499,12.7746],[79.6505,12.7835],[79.6398,12.7864],[79.6384,12.7887],[79.6418,12.7922],[79.6445,12.7985],[79.645,12.8085],[79.6403,12.8174],[79.6132,12.8279],[79.5972,12.8309],[79.5885,12.8347],[79.583,12.8419],[79.5608,12.8507],[79.5398,12.8626],[79.5141,12.8564],[79.5095,12.8587],[79.4986,12.8697],[79.4905,12.8734],[79.4799,12.8719],[79.4744,12.8726],[79.4738,12.868],[79.4753,12.8641],[79.473,12.8604],[79.4753,12.8551],[79.4746,12.8516],[79.4599,12.8466],[79.4588,12.837],[79.4621,12.8337],[79.4628,12.8288],[79.4576,12.8112],[79.4757,12.8075],[79.4774,12.7983],[79.4739,12.7991],[79.4704,12.7981],[79.4638,12.8012],[79.4654,12.7866],[79.4771,12.7772],[79.4714,12.7703],[79.4684,12.7641],[79.4717,12.7567],[79.4688,12.7548],[79.4572,12.7558],[79.4595,12.7478],[79.4565,12.7446],[79.4577,12.7374],[79.4627,12.7367],[79.4696,12.7319],[79.4742,12.7347],[79.4777,12.732],[79.4779,12.7284],[79.4672,12.7156],[79.4696,12.7118],[79.4665,12.6994],[79.4591,12.6977],[79.4625,12.6849],[79.4551,12.6821],[79.4561,12.6774],[79.4517,12.6711],[79.4376,12.667],[79.431,12.6609],[79.4129,12.6567],[79.4094,12.6486],[79.3996,12.6414],[79.3915,12.6328],[79.3845,12.6284],[79.3764,12.63],[79.3693,12.6339],[79.3556,12.6457],[79.356,12.6492],[79.3589,12.6491],[79.3596,12.6536],[79.3625,12.6534],[79.3648,12.6573],[79.3609,12.6673],[79.3564,12.6684],[79.3577,12.6731],[79.366,12.6772],[79.3705,12.6816],[79.3786,12.6818],[79.3931,12.6867],[79.3934,12.6903],[79.3965,12.69],[79.3945,12.6944],[79.3879,12.6971],[79.3828,12.7053],[79.3828,12.709],[79.3945,12.7134],[79.3972,12.7266],[79.3913,12.7284],[79.3916,12.7328],[79.381,12.7337],[79.3807,12.7261],[79.3776,12.7221],[79.3682,12.7204],[79.3676,12.715],[79.3595,12.7194],[79.3563,12.7126],[79.3571,12.708],[79.36,12.7062],[79.3579,12.7019],[79.3589,12.6978],[79.3465,12.6942],[79.346,12.6997],[79.3404,12.7008],[79.348,12.7099],[79.3454,12.7292],[79.3428,12.7327],[79.3384,12.7358],[79.3332,12.7369],[79.324,12.7436],[79.3171,12.7447],[79.313,12.7429],[79.3116,12.7466],[79.2988,12.7473],[79.2887,12.7569],[79.2868,12.7611],[79.2903,12.7762],[79.2889,12.7812],[79.2818,12.7824],[79.281,12.7888],[79.2734,12.7942],[79.2734,12.8014],[79.2756,12.8036],[79.2728,12.8064],[79.2725,12.8124],[79.274,12.8155],[79.2729,12.818],[79.2673,12.8206],[79.2665,12.8158],[79.2678,12.8089],[79.2645,12.8065],[79.2624,12.8067],[79.2616,12.8137],[79.2632,12.8186],[79.2554,12.8231],[79.252,12.8206],[79.2511,12.8157],[79.255,12.8125],[79.252,12.807],[79.2462,12.8078],[79.2418,12.797],[79.228,12.7912],[79.2221,12.7911],[79.2098,12.7851],[79.2104,12.779]]]]}},{"type":"Feature","properties":{"kind":"district","name":"Ramanathapuram"},"geometry":{"type":"MultiPolygon","coordinates":[[[[78.4191,9.5973],[78.4131,9.5886],[78.4011,9.5948],[78.4009,9.5824],[78.3799,9.576],[78.3782,9.5741],[78.3691,9.5729],[78.3703,9.5695],[78.3773,9.5676],[78.3758,9.5569],[78.3784,9.5545],[78.3769,9.5457],[78.3789,9.5386],[78.3883,9.5369],[78.3887,9.5281],[78.3848,9.5174],[78.3665,9.5187],[78.3493,9.5161],[78.3333,9.525],[78.3275,9.5195],[78.327,9.5138],[78.3331,9.5094],[78.3335,9.5073],[78.331,9.4966],[78.3309,9.4885],[78.3337,9.4849],[78.331,9.4803],[78.3349,9.4719],[78.3411,9.4725],[78.343,9.471],[78.3507,9.4704],[78.3538,9.4676],[78.3563,9.4617],[78.352,9.4603],[78.3438,9.4663],[78.3364,9.4666],[78.3326,9.4635],[78.3287,9.4632],[78.3181,9.467],[78.3074,9.4601],[78.3024,9.4602],[78.3012,9.4579],[78.3066,9.451],[78.3072,9.4461],[78.3038,9.4419],[78.2958,9.4415],[78.2761,9.4469],[78.2422,9.4461],[78.2446,9.4508],[78.2237,9.4489],[78.2163,9.45],[78.2152,9.4489],[78.2125,9.4374],[78.2159,9.4331],[78.217,9.4336],[78.2214,9.4302],[78.2228,9.4238],[78.2217,9.4201],[78.2248,9.4175],[78.2257,9.4114],[78.2448,9.4064],[78.244,9.3972],[78.2464,9.396],[78.2454,9.3782],[78.2501,9.38],[78.2587,9.3748],[78.2634,9.3789],[78.2654,9.3844],[78.27,9.3849],[78.2715,9.3875],[78.2769,9.3843],[78.2807,9.3845],[78.2828,9.3894],[78.2971,9.39],[78.2966,9.3822],[78.2992,9.3802],[78.3016,9.3843],[78.307,9.3844],[78.3075,9.3771],[78.323,9.3763],[78.338,9.3671],[78.3445,9.3579],[78.3421,9.3522],[78.348,9.3468],[78.3546,9.3353],[78.3625,9.3296],[78.3715,9.3255],[78.3771,9.3194],[78.3779,9.3106],[78.375,9.3058],[78.3634,9.3034],[78.3629,9.2972],[78.3717,9.2967],[78.3781,9.2931],[78.38,9.2866],[78.3786,9.278],[78.37,9.2811],[78.3501,9.2806],[78.3326,9.2628],[78.3082,9.2728],[78.3005,9.2689],[78.2833,9.2765],[78.2774,9.2639],[78.2752,9.2487],[78.2732,9.2033],[78.2899,9.2066],[78.3017,9.2056],[78.2956,9.1821],[78.2923,9.1765],[78.29,9.168],[78.2767,9.1423],[78.2912,9.1363],[78.3244,9.1323],[78.3245,9.1291],[78.3454,9.1236],[78.3464,9.1211],[78.3521,9.1185],[78.3579,9.118],[78.3601,9.1149],[78.361,9.0994],[78.3657,9.1011],[78.3805,9.0994],[78.3902,9.0961],[78.413,9.1114],[78.4321,9.1186],[78.4575,9.1256],[78.4888,9.1282],[78.5184,9.1352],[78.5608,9.1354],[78.579,9.13],[78.5903,9.1395],[78.6117,9.1491],[78.6582,9.1572],[78.6575,9.1587],[78.6544,9.1579],[78.6503,9.1593],[78.6494,9.1664],[78.644,9.17],[78.6428,9.1744],[78.6436,9.1778],[78.6495,9.1851],[78.66,9.192],[78.6798,9.1959],[78.6991,9.1929],[78.7049,9.1909],[78.7184,9.1902],[78.72,9.1984],[78.7176,9.2001],[78.7276,9.209],[78.7567,9.2158],[78.7662,9.2208],[78.7738,9.2219],[78.7767,9.2242],[78.785,9.2261],[78.7889,9.2287],[78.7945,9.229],[78.8046,9.2357],[78.817,9.237],[78.8224,9.2389],[78.8243,9.2413],[78.8429,9.2479],[78.853,9.2483],[78.8601,9.2531],[78.8699,9.2536],[78.8748,9.2564],[78.9085,9.2494],[78.9254,9.2653],[78.9363,9.268],[78.9667,9.2719],[79.012,9.2703],[79.0645,9.2608],[79.0894,9.2594],[79.0962,9.2602],[79.1177,9.2679],[79.1415,9.2722],[79.1482,9.2762],[79.1917,9.2818],[79.191,9.283],[79.1821,9.2829],[79.1758,9.2846],[79.1606,9.2846],[79.1401,9.2922],[79.1302,9.2873],[79.1226,9.2896],[79.106,9.2886],[79.0844,9.2956],[79.0694,9.2986],[79.0425,9.3132],[79.0138,9.3333],[78.9844,9.3585],[78.9569,9.387],[78.9361,9.4109],[78.9161,9.4419],[78.9026,9.4689],[78.8998,9.4792],[78.8992,9.4879],[78.901,9.4923],[78.9036,9.4928],[78.9068,9.4903],[78.9119,9.4897],[78.9189,9.4918],[78.9166,9.4929],[78.9174,9.5036],[78.9196,9.5126],[78.9262,9.5289],[78.9257,9.5318],[78.9219,9.5361],[78.9208,9.5427],[78.9258,9.5579],[78.9276,9.5703],[78.9314,9.5797],[78.9337,9.5931],[78.9362,9.5999],[78.9448,9.6134],[78.9598,9.6275],[78.9664,9.6478],[78.9704,9.6546],[78.9716,9.668],[78.9809,9.6897],[78.988,9.6965],[78.9952,9.7099],[79.0039,9.717],[79.0083,9.7248],[79.016,9.7311],[79.0185,9.7374],[79.0259,9.7459],[79.0359,9.7607],[79.0424,9.766],[79.0576,9.7726],[79.062,9.782],[79.0682,9.791],[79.0787,9.8002],[79.083,9.8155],[79.0892,9.8246],[79.095,9.8308],[79.1064,9.8365],[79.1088,9.8424],[79.1146,9.8475],[79.1087,9.8503],[79.1001,9.8574],[79.0954,9.8581],[79.0823,9.8536],[79.0766,9.854],[79.0701,9.852],[79.061,9.8595],[79.0502,9.8593],[79.0466,9.8612],[79.0429,9.8692],[79.0419,9.8756],[79.0337,9.8895],[79.025,9.8997],[79.0233,9.9038],[79.0194,9.9033],[79.0165,9.9046],[79.0112,9.9098],[79.0083,9.9162],[79.0003,9.927],[78.9953,9.9429],[78.991,9.9466],[78.9796,9.9427],[78.9798,9.9402],[78.9826,9.9401],[78.9842,9.9381],[78.9762,9.9345],[78.9662,9.9236],[78.9596,9.9186],[78.9494,9.9157],[78.946,9.9157],[78.9389,9.92],[78.9172,9.9177],[78.9037,9.9013],[78.902,9.8955],[78.9066,9.8864],[78.9048,9.8813],[78.8833,9.8827],[78.878,9.8741],[78.8737,9.8625],[78.8771,9.841],[78.8848,9.8189],[78.8828,9.81],[78.8844,9.8003],[78.9002,9.7909],[78.9008,9.7863],[78.8927,9.7718],[78.8933,9.7661],[78.8892,9.7575],[78.8849,9.7552],[78.8584,9.7557],[78.8549,9.7481],[78.8492,9.7415],[78.8383,9.7382],[78.8331,9.7322],[78.8302,9.7228],[78.8257,9.7256],[78.817,9.7413],[78.819,9.7477],[78.8248,9.7564],[78.8376,9.769],[78.8251,9.7711],[78.818,9.7644],[78.8122,9.7561],[78.8103,9.7455],[78.8026,9.7473],[78.8035,9.7533],[78.7956,9.7609],[78.7835,9.763],[78.787,9.77],[78.7856,9.7709],[78.7614,9.7724],[78.7534,9.7667],[78.7367,9.7473],[78.7432,9.744],[78.7544,9.7436],[78.7605,9.7478],[78.7665,9.7486],[78.7694,9.742],[78.774,9.7424],[78.7749,9.7413],[78.7762,9.7354],[78.7744,9.7283],[78.7712,9.726],[78.7541,9.7254],[78.7525,9.7171],[78.7593,9.7166],[78.7769,9.72],[78.7906,9.7075],[78.7979,9.7068],[78.7975,9.7019],[78.8002,9.6927],[78.7976,9.6889],[78.7935,9.687],[78.7905,9.6822],[78.7941,9.6803],[78.7928,9.6751],[78.7948,9.6744],[78.7938,9.6679],[78.79,9.6657],[78.7859,9.6521],[78.7945,9.6429],[78.794,9.6385],[78.7893,9.6378],[78.7951,9.6296],[78.7948,9.6259],[78.7991,9.6229],[78.8042,9.6217],[78.8174,9.6263],[78.8267,9.6257],[78.8313,9.6312],[78.8409,9.6304],[78.842,9.628],[78.8448,9.6265],[78.8466,9.6219],[78.8401,9.6135],[78.8403,9.61],[78.8373,9.6099],[78.8412,9.6076],[78.8415,9.606],[78.8351,9.6003],[78.8277,9.5959],[78.8232,9.5969],[78.8188,9.5957],[78.8207,9.5946],[78.8081,9.5898],[78.7869,9.585],[78.7732,9.5855],[78.7549,9.5786],[78.7458,9.5781],[78.7462,9.5848],[78.74,9.5879],[78.7365,9.5881],[78.7123,9.608],[78.6895,9.6043],[78.6855,9.6058],[78.6812,9.6125],[78.6759,9.6111],[78.6734,9.6088],[78.6719,9.6009],[78.674,9.5968],[78.6799,9.5939],[78.6831,9.5834],[78.6846,9.5678],[78.682,9.5616],[78.676,9.5564],[78.6543,9.5446],[78.6548,9.5391],[78.6605,9.5268],[78.6621,9.5199],[78.657,9.5203],[78.6349,9.5324],[78.6178,9.5372],[78.6104,9.5451],[78.609,9.553],[78.6029,9.5532],[78.598,9.5555],[78.5912,9.562],[78.5825,9.5635],[78.5771,9.5693],[78.5722,9.5717],[78.575,9.5821],[78.5489,9.5806],[78.5424,9.586],[78.5238,9.5859],[78.5172,9.5834],[78.5142,9.5868],[78.5152,9.5954],[78.5139,9.6002],[78.5105,9.6032],[78.5027,9.6056],[78.5039,9.6093],[78.4978,9.6109],[78.4771,9.6123],[78.4723,9.6162],[78.4662,9.6171],[78.4648,9.6228],[78.4614,9.6221],[78.4585,9.6161],[78.4545,9.6169],[78.4513,9.6201],[78.4424,9.6181],[78.4328,9.6091],[78.4294,9.5999],[78.4254,9.596],[78.4191,9.5973]]],[[[79.3247,9.2928],[79.3271,9.2947],[79.3271,9.2994],[79.3328,9.3047],[79.3346,9.3125],[79.3298,9.3194],[79.3168,9.3268],[79.3109,9.3282],[79.3031,9.3253],[79.3008,9.323],[79.2908,9.3199],[79.2782,9.3102],[79.2731,9.3022],[79.2716,9.297],[79.2682,9.2941],[79.2532,9.2916],[79.2419,9.2928],[79.2207,9.2915],[79.216,9.2852],[79.2098,9.283],[79.2056,9.2795],[79.2045,9.2743],[79.2096,9.2732],[79.2093,9.2697],[79.2169,9.2629],[79.2176,9.2596],[79.214,9.2568],[79.2169,9.2522],[79.2179,9.2521],[79.2203,9.2574],[79.2252,9.2596],[79.2577,9.258],[79.291,9.2494],[79.3235,9.2341],[79.3439,9.2229],[79.4121,9.1801],[79.4211,9.174],[79.4459,9.1522],[79.4461,9.1547],[79.4097,9.1913],[79.3918,9.2068],[79.3734,9.2196],[79.3381,9.2493],[79.3273,9.2605],[79.3188,9.2717],[79.315,9.2826],[79.3164,9.2859],[79.3208,9.288],[79.3247,9.2928]]],[[[79.1558,9.2206],[79.1527,9.2216],[79.1465,9.2205],[79.1127,9.2207],[79.1094,9.2196],[79.1016,9.2113],[79.0969,9.2084],[79.0717,9.2072],[79.0715,9.2109],[79.0641,9.2102],[79.0577,9.2038],[79.0556,9.2002],[79.0551,9.1957],[79.0571,9.193],[79.0605,9.1931],[79.0675,9.1982],[79.0818,9.1885],[79.0867,9.188],[79.0932,9.1898],[79.0959,9.1975],[79.1024,9.1984],[79.1079,9.204],[79.1119,9.2037],[79.1134,9.2008],[79.1166,9.1988],[79.1311,9.1984],[79.1395,9.199],[79.1516,9.207],[79.1572,9.2046],[79.1663,9.2067],[79.1696,9.2131],[79.1695,9.2166],[79.1598,9.2166],[79.1558,9.2206]]],[[[79.2013,9.2492],[79.1894,9.2507],[79.1806,9.2481],[79.1792,9.2438],[79.1824,9.2419],[79.1823,9.2396],[79.1976,9.2326],[79.201,9.234],[79.2019,9.2406],[79.2074,9.2443],[79.2221,9.248],[79.2188,9.2506],[79.2085,9.2497],[79.2077,9.2486],[79.2013,9.2492]]],[[[78.9412,9.1844],[78.9401,9.1857],[78.9346,9.184],[78.9191,9.1842],[78.9094,9.1818],[78.9057,9.1839],[78.8998,9.1814],[78.8983,9.1788],[78.9005,9.1774],[78.9192,9.1811],[78.932,9.1804],[78.9354,9.1821],[78.9392,9.1815],[78.9412,9.1844]]],[[[78.5805,9.1119],[78.5786,9.1133],[78.5756,9.1084],[78.5701,9.1036],[78.5697,9.1015],[78.5769,9.1002],[78.5837,9.1063],[78.5879,9.1073],[78.5848,9.1113],[78.5805,9.1119]]],[[[78.8269,9.1582],[78.8215,9.1603],[78.8291,9.1666],[78.8285,9.1719],[78.8266,9.1739],[78.8259,9.1681],[78.8153,9.1592],[78.8149,9.1576],[78.8257,9.1566],[78.8269,9.1582]]],[[[78.4924,9.0871],[78.4953,9.091],[78.4911,9.0936],[78.4875,9.0894],[78.4924,9.0871]]],[[[78.6945,9.1504],[78.697,9.1516],[78.6961,9.1562],[78.693,9.1524],[78.693,9.1508],[78.6945,9.1504]]],[[[79.2373,9.244],[79.2321,9.2434],[79.2358,9.2403],[79.2387,9.2413],[79.2373,9.244]]],[[[79.5373,9.1015],[79.5379,9.1044],[79.5356,9.101],[79.5348,9.1029],[79.5349,9.099],[79.5391,9.1],[79.5399,9.102],[79.5373,9.1015]]],[[[78.9687,9.1838],[78.9707,9.1864],[78.9668,9.1891],[78.9664,9.1871],[78.9687,9.1838]]],[[[78.5358,9.1014],[78.5382,9.1025],[78.5394,9.1056],[78.5349,9.1029],[78.5358,9.1014]]]]}},{"type":"Feature","properties":{"kind":"district","name":"Tirunelveli"},"geometry":{"type":"MultiPolygon","coordinates":[[[[77.2017,8.7708],[77.1994,8.7673],[77.2021,8.7631],[77.2024,8.7578],[77.1998,8.7505],[77.1953,8.7447],[77.1896,8.743],[77.1814,8.7448],[77.1759,8.7504],[77.174,8.7472],[77.1817,8.7305],[77.1805,8.7248],[77.1858,8.7173],[77.1981,8.7093],[77.2018,8.6997],[77.2066,8.6934],[77.2094,8.6809],[77.2061,8.672],[77.2176,8.6508],[77.2274,8.6408],[77.2315,8.6385],[77.2379,8.6281],[77.2475,8.6226],[77.2477,8.6075],[77.2515,8.6018],[77.257,8.5982],[77.271,8.5808],[77.288,8.5697],[77.2928,8.5716],[77.3095,8.5635],[77.3235,8.5598],[77.34,8.5533],[77.3474,8.5478],[77.3542,8.5463],[77.3552,8.5431],[77.3642,8.542],[77.3684,8.532],[77.3815,8.5232],[77.3869,8.522],[77.3903,8.5239],[77.4014,8.5218],[77.4068,8.5176],[77.4256,8.5144],[77.4429,8.5051],[77.4482,8.4996],[77.4497,8.4893],[77.4479,8.4825],[77.448,8.4754],[77.4685,8.4685],[77.4658,8.4642],[77.4728,8.4574],[77.4724,8.4533],[77.4686,8.448],[77.4666,8.4409],[77.4656,8.4296],[77.472,8.4169],[77.4753,8.415],[77.4741,8.41],[77.4753,8.4017],[77.4789,8.3971],[77.4866,8.3937],[77.4934,8.3817],[77.4992,8.3817],[77.509,8.3875],[77.5171,8.3852],[77.5222,8.3854],[77.5316,8.3928],[77.5456,8.3938],[77.5517,8.3882],[77.5549,8.3808],[77.5512,8.3729],[77.5511,8.3668],[77.5609,8.3335],[77.5605,8.3322],[77.5556,8.3326],[77.5565,8.3164],[77.5617,8.3105],[77.5674,8.2817],[77.5586,8.2816],[77.5567,8.2788],[77.5603,8.2744],[77.565,8.2729],[77.566,8.2699],[77.5635,8.2668],[77.5665,8.2632],[77.5722,8.2614],[77.5782,8.2502],[77.576,8.2482],[77.5742,8.2506],[77.5674,8.2477],[77.5518,8.2468],[77.5467,8.2444],[77.5461,8.2354],[77.5477,8.2309],[77.5439,8.2272],[77.5435,8.2246],[77.5504,8.2245],[77.5467,8.2174],[77.545,8.2101],[77.5498,8.2095],[77.5495,8.2058],[77.5471,8.2024],[77.5524,8.1979],[77.5536,8.1943],[77.5449,8.19],[77.5476,8.1846],[77.5537,8.1798],[77.5577,8.1791],[77.5592,8.1712],[77.5549,8.166],[77.5591,8.1643],[77.5628,8.1592],[77.5771,8.1558],[77.5842,8.1568],[77.5905,8.1473],[77.592,8.1428],[77.6097,8.1492],[77.6507,8.1593],[77.6579,8.1568],[77.6632,8.1594],[77.6732,8.1593],[77.6993,8.1638],[77.7112,8.1639],[77.7124,8.1634],[77.7139,8.1565],[77.7158,8.1567],[77.7143,8.1639],[77.7247,8.1701],[77.7379,8.1726],[77.7442,8.1753],[77.7453,8.1774],[77.7549,8.1832],[77.7549,8.1855],[77.7567,8.1873],[77.7665,8.1931],[77.7786,8.198],[77.7841,8.2069],[77.7822,8.2157],[77.7852,8.2232],[77.7973,8.2332],[77.8023,8.2396],[77.8196,8.2469],[77.8475,8.2554],[77.8859,8.2714],[77.8994,8.2842],[77.9258,8.2962],[77.9325,8.3021],[77.95,8.312],[77.9604,8.3154],[77.956,8.3164],[77.9575,8.3227],[77.9776,8.3358],[77.9706,8.3402],[77.9684,8.3357],[77.9505,8.3367],[77.9354,8.3294],[77.9286,8.3313],[77.9147,8.3233],[77.9053,8.3227],[77.8997,8.3267],[77.893,8.3254],[77.8908,8.3339],[77.8904,8.3441],[77.8866,8.3462],[77.8869,8.35],[77.8729,8.3516],[77.8716,8.346],[77.868,8.3463],[77.8641,8.3418],[77.8595,8.3443],[77.8619,8.3575],[77.8545,8.3575],[77.8496,8.3551],[77.8509,8.3639],[77.8438,8.3647],[77.8456,8.3682],[77.8528,8.3702],[77.857,8.3732],[77.8556,8.3759],[77.8395,8.3799],[77.8367,8.3832],[77.8413,8.3851],[77.8454,8.3849],[77.8491,8.3876],[77.8596,8.3867],[77.8613,8.3924],[77.8614,8.4005],[77.8562,8.4026],[77.8538,8.4112],[77.8556,8.4148],[77.851,8.4221],[77.835,8.4323],[77.8348,8.4365],[77.8413,8.4511],[77.8365,8.4527],[77.834,8.4556],[77.838,8.4651],[77.8433,8.4715],[77.8405,8.4754],[77.8414,8.4846],[77.8371,8.4849],[77.8322,8.4891],[77.831,8.4924],[77.8313,8.4993],[77.8269,8.5073],[77.8239,8.5189],[77.8149,8.5234],[77.8133,8.5312],[77.8094,8.5323],[77.8086,8.5353],[77.8211,8.539],[77.8219,8.5426],[77.8213,8.5519],[77.8159,8.5541],[77.8167,8.5623],[77.8136,8.5702],[77.8086,8.5718],[77.8067,8.5692],[77.798,8.5645],[77.7996,8.5721],[77.8047,8.5765],[77.784,8.5831],[77.7866,8.6177],[77.7896,8.6241],[77.793,8.621],[77.7931,8.616],[77.7967,8.6139],[77.8066,8.6146],[77.8072,8.6182],[77.8144,8.6214],[77.8164,8.6302],[77.8192,8.6318],[77.8204,8.6346],[77.8206,8.6501],[77.8087,8.647],[77.8071,8.6513],[77.8099,8.6578],[77.8182,8.6656],[77.8183,8.6721],[77.827,8.673],[77.8262,8.6805],[77.8132,8.6816],[77.8282,8.7342],[77.8267,8.7431],[77.8201,8.7581],[77.8184,8.7724],[77.8333,8.7801],[77.8386,8.7809],[77.8419,8.7845],[77.8484,8.7877],[77.8478,8.7944],[77.8494,8.7984],[77.8532,8.7973],[77.8542,8.8027],[77.8492,8.8108],[77.8457,8.8145],[77.8411,8.8164],[77.8327,8.8316],[77.8214,8.8386],[77.8221,8.845],[77.814,8.86],[77.8118,8.8728],[77.8066,8.8738],[77.8024,8.8798],[77.7975,8.8837],[77.7908,8.885],[77.7743,8.8811],[77.7697,8.8832],[77.7634,8.889],[77.7642,8.9163],[77.7632,8.9244],[77.7576,8.9288],[77.7502,8.9288],[77.7479,8.9336],[77.739,8.9289],[77.7369,8.9253],[77.7328,8.9227],[77.7293,8.9257],[77.725,8.9229],[77.7108,8.9259],[77.7058,8.9221],[77.7029,8.9237],[77.7025,8.9269],[77.6982,8.9241],[77.6906,8.9229],[77.6893,8.9265],[77.6743,8.9323],[77.6737,8.9347],[77.6697,8.9384],[77.662,8.9405],[77.6622,8.9478],[77.6596,8.9519],[77.6607,8.9622],[77.6521,8.9629],[77.6496,8.9612],[77.6402,8.9613],[77.6394,8.9597],[77.6351,8.9592],[77.6325,8.9542],[77.624,8.9544],[77.6233,8.9492],[77.6207,8.9488],[77.6203,8.9462],[77.6181,8.9457],[77.6158,8.9356],[77.6143,8.9341],[77.6125,8.9467],[77.6059,8.9504],[77.5972,8.9518],[77.5954,8.9443],[77.5958,8.9332],[77.598,8.9262],[77.5971,8.9149],[77.5928,8.9125],[77.5842,8.9108],[77.578,8.9131],[77.5712,8.9132],[77.5659,8.9156],[77.5746,8.9086],[77.5722,8.9024],[77.5683,8.8988],[77.5751,8.8954],[77.5696,8.8911],[77.5713,8.888],[77.5701,8.8876],[77.5646,8.8928],[77.5581,8.8948],[77.554,8.8949],[77.5503,8.8923],[77.5531,8.8791],[77.5584,8.8772],[77.5657,8.8798],[77.5684,8.8704],[77.5708,8.868],[77.5799,8.8673],[77.5812,8.8683],[77.5817,8.8732],[77.5802,8.8738],[77.5797,8.8759],[77.5866,8.8804],[77.5901,8.8785],[77.5939,8.8788],[77.5982,8.8729],[77.5983,8.8666],[77.5951,8.8636],[77.593,8.856],[77.5932,8.849],[77.5901,8.8306],[77.5864,8.8291],[77.585,8.8247],[77.5801,8.8212],[77.5782,8.8154],[77.5765,8.8158],[77.5766,8.814],[77.5739,8.8133],[77.5724,8.8038],[77.5659,8.8033],[77.5631,8.8011],[77.5606,8.8038],[77.5555,8.8046],[77.5545,8.8056],[77.5571,8.8078],[77.5541,8.8114],[77.552,8.8085],[77.5511,8.8091],[77.5525,8.8132],[77.549,8.8126],[77.5448,8.815],[77.547,8.8179],[77.5459,8.8195],[77.5487,8.822],[77.548,8.8244],[77.5494,8.8311],[77.5463,8.8393],[77.5426,8.8412],[77.5396,8.841],[77.536,8.8451],[77.5315,8.8411],[77.5288,8.8435],[77.5121,8.8491],[77.5078,8.854],[77.5023,8.8544],[77.499,8.8559],[77.4995,8.8574],[77.4928,8.8598],[77.4885,8.8643],[77.4886,8.8667],[77.4864,8.8696],[77.4816,8.8701],[77.4788,8.8558],[77.4811,8.8538],[77.4772,8.8504],[77.4746,8.85],[77.4755,8.8517],[77.4725,8.854],[77.463,8.855],[77.4624,8.8434],[77.4672,8.8295],[77.4656,8.822],[77.4666,8.8184],[77.4649,8.8186],[77.4634,8.8091],[77.464,8.8039],[77.4618,8.8014],[77.4615,8.7976],[77.4633,8.7958],[77.4615,8.7898],[77.4585,8.7885],[77.4578,8.7855],[77.4616,8.7792],[77.4627,8.7739],[77.4604,8.7693],[77.4529,8.7653],[77.4549,8.7579],[77.4597,8.7561],[77.4575,8.7537],[77.4601,8.7508],[77.4601,8.7486],[77.447,8.7437],[77.4412,8.7487],[77.4397,8.7524],[77.4306,8.7573],[77.4276,8.7608],[77.4227,8.7599],[77.4233,8.7554],[77.4188,8.7508],[77.4111,8.7543],[77.4079,8.7535],[77.4078,8.7514],[77.4112,8.7477],[77.4078,8.7459],[77.404,8.7493],[77.4007,8.7481],[77.4033,8.741],[77.3979,8.7398],[77.394,8.7428],[77.3922,8.7466],[77.3867,8.7447],[77.386,8.7486],[77.3834,8.7474],[77.3791,8.7489],[77.3757,8.7528],[77.3731,8.7537],[77.3669,8.7499],[77.3661,8.7437],[77.365,8.7408],[77.3637,8.7413],[77.3606,8.7498],[77.3638,8.7499],[77.3522,8.7634],[77.3431,8.7682],[77.3396,8.7671],[77.3374,8.7685],[77.334,8.7678],[77.3329,8.7701],[77.3269,8.7733],[77.3253,8.7768],[77.321,8.7786],[77.3199,8.7807],[77.3205,8.7851],[77.3061,8.7931],[77.3075,8.8093],[77.3131,8.8077],[77.3194,8.8094],[77.3224,8.8155],[77.3205,8.8235],[77.3227,8.8295],[77.3247,8.8312],[77.3087,8.8571],[77.3112,8.8615],[77.3177,8.8591],[77.3191,8.8608],[77.3219,8.8594],[77.3248,8.8618],[77.3207,8.8676],[77.3155,8.8687],[77.3191,8.8746],[77.3187,8.8808],[77.3149,8.8774],[77.3026,8.8842],[77.2922,8.8872],[77.2872,8.8837],[77.2715,8.8819],[77.2636,8.8856],[77.2574,8.884],[77.2617,8.865],[77.259,8.8614],[77.2642,8.855],[77.2645,8.853],[77.2615,8.8512],[77.2657,8.8418],[77.2506,8.8234],[77.2495,8.8215],[77.2502,8.817],[77.246,8.8104],[77.2426,8.8082],[77.236,8.8069],[77.2334,8.7856],[77.224,8.7802],[77.2171,8.7793],[77.221,8.7706],[77.2165,8.7675],[77.2017,8.7708]]]]}},{"type":"Feature","properties":{"kind":"district","name":"Virudhunagar"},"geometry":{"type":"MultiPolygon","coordinates":[[[[77.3412,9.4186],[77.3473,9.4182],[77.3509,9.4126],[77.3621,9.4117],[77.3639,9.4083],[77.3677,9.4061],[77.372,9.4064],[77.3761,9.4008],[77.3829,9.4014],[77.3901,9.3929],[77.3958,9.3947],[77.412,9.3956],[77.4215,9.3996],[77.4235,9.3974],[77.4238,9.3942],[77.4308,9.4011],[77.4434,9.3936],[77.4595,9.373],[77.4584,9.3698],[77.4535,9.371],[77.4506,9.369],[77.4545,9.3655],[77.4549,9.3602],[77.4668,9.3515],[77.4664,9.3501],[77.4683,9.3484],[77.4656,9.3475],[77.4593,9.334],[77.4608,9.3326],[77.463,9.333],[77.474,9.3293],[77.4771,9.3417],[77.4976,9.3355],[77.506,9.3357],[77.51,9.3324],[77.5119,9.335],[77.523,9.3363],[77.5253,9.3394],[77.5329,9.3373],[77.5404,9.3403],[77.5413,9.3396],[77.54,9.3379],[77.544,9.3379],[77.5479,9.3403],[77.5569,9.3362],[77.5621,9.3382],[77.5644,9.341],[77.5606,9.3553],[77.5615,9.3542],[77.5757,9.3556],[77.5759,9.3476],[77.5738,9.3454],[77.5754,9.3441],[77.5823,9.3474],[77.5894,9.3488],[77.5905,9.3458],[77.5924,9.3452],[77.5943,9.3162],[77.5892,9.3144],[77.5888,9.3089],[77.6047,9.307],[77.6051,9.3011],[77.6087,9.301],[77.6096,9.3024],[77.6145,9.3014],[77.615,9.2994],[77.6177,9.2998],[77.618,9.2966],[77.6251,9.2957],[77.6261,9.2931],[77.6364,9.2942],[77.6463,9.291],[77.6466,9.2883],[77.6536,9.2876],[77.6549,9.2846],[77.6575,9.2835],[77.6619,9.2842],[77.6617,9.2858],[77.6793,9.2878],[77.6833,9.2855],[77.6849,9.2892],[77.6981,9.2888],[77.6994,9.2903],[77.7132,9.2908],[77.7135,9.2861],[77.718,9.2867],[77.7194,9.284],[77.7247,9.283],[77.7259,9.2816],[77.7357,9.2815],[77.7402,9.2798],[77.7422,9.2762],[77.7436,9.2674],[77.7456,9.2654],[77.7468,9.268],[77.7495,9.2688],[77.757,9.2691],[77.76,9.2675],[77.7596,9.2621],[77.761,9.2604],[77.7597,9.257],[77.761,9.254],[77.7689,9.2445],[77.7715,9.2433],[77.7733,9.2376],[77.776,9.2363],[77.7824,9.2387],[77.7858,9.2492],[77.7904,9.2521],[77.7912,9.2583],[77.7889,9.2584],[77.79,9.2646],[77.7849,9.2663],[77.7811,9.2658],[77.7756,9.272],[77.776,9.2833],[77.7833,9.2836],[77.7856,9.2821],[77.7982,9.2812],[77.7994,9.2797],[77.798,9.2732],[77.7984,9.2569],[77.8053,9.2555],[77.8091,9.2528],[77.8096,9.2472],[77.8188,9.2444],[77.8315,9.2451],[77.8395,9.2433],[77.8409,9.2454],[77.8488,9.2435],[77.854,9.2441],[77.8589,9.2483],[77.8689,9.2452],[77.8827,9.2441],[77.8836,9.2333],[77.888,9.2325],[77.8886,9.2304],[77.8802,9.2297],[77.878,9.2275],[77.8783,9.2203],[77.8811,9.2203],[77.882,9.2075],[77.9117,9.2022],[77.9127,9.2],[77.9179,9.201],[77.9224,9.203],[77.9269,9.2118],[77.9312,9.2165],[77.9317,9.2232],[77.946,9.22],[77.9491,9.2258],[77.949,9.2308],[77.9569,9.2307],[77.9582,9.2374],[77.9553,9.2374],[77.958,9.2509],[77.9661,9.253],[77.9736,9.2515],[77.9859,9.2554],[77.9885,9.261],[77.9892,9.2672],[77.9921,9.271],[77.9949,9.2694],[78.0125,9.2743],[78.0127,9.2938],[78.0106,9.301],[78.0134,9.3059],[78.0213,9.3065],[78.0262,9.3045],[78.0459,9.3059],[78.0521,9.3042],[78.0533,9.3056],[78.0516,9.3115],[78.0483,9.3149],[78.0439,9.3167],[78.0427,9.322],[78.0389,9.3243],[78.0366,9.3325],[78.0354,9.3414],[78.0405,9.3603],[78.0436,9.3648],[78.0517,9.362],[78.0538,9.3637],[78.0586,9.3605],[78.0605,9.3622],[78.0727,9.36],[78.0754,9.362],[78.0789,9.3585],[78.0824,9.3573],[78.0846,9.3595],[78.1024,9.3625],[78.1181,9.3629],[78.134,9.3662],[78.1409,9.3704],[78.1487,9.3707],[78.1504,9.3724],[78.1707,9.3693],[78.1688,9.3546],[78.1705,9.3544],[78.1716,9.3472],[78.1745,9.3454],[78.174,9.3425],[78.1768,9.3408],[78.1763,9.3385],[78.1863,9.3366],[78.1865,9.3338],[78.1912,9.3318],[78.2114,9.3266],[78.2108,9.3196],[78.2136,9.3186],[78.2154,9.3041],[78.226,9.2973],[78.2402,9.2945],[78.2562,9.295],[78.2708,9.2928],[78.2845,9.2876],[78.2833,9.2765],[78.3005,9.2689],[78.3082,9.2728],[78.3326,9.2628],[78.3501,9.2806],[78.37,9.2811],[78.3786,9.278],[78.38,9.2866],[78.3781,9.2931],[78.3717,9.2967],[78.3629,9.2972],[78.3634,9.3034],[78.375,9.3058],[78.3779,9.3106],[78.3771,9.3194],[78.3715,9.3255],[78.3625,9.3296],[78.3546,9.3353],[78.348,9.3468],[78.3421,9.3522],[78.3445,9.3579],[78.338,9.3671],[78.323,9.3763],[78.3075,9.3771],[78.307,9.3844],[78.3016,9.3843],[78.2992,9.3802],[78.2966,9.3822],[78.2971,9.39],[78.2828,9.3894],[78.2807,9.3845],[78.2769,9.3843],[78.2715,9.3875],[78.27,9.3849],[78.2654,9.3844],[78.2634,9.3789],[78.2587,9.3748],[78.2501,9.38],[78.2454,9.3782],[78.2464,9.396],[78.244,9.3972],[78.2448,9.4064],[78.2257,9.4114],[78.2248,9.4175],[78.2217,9.4201],[78.2228,9.4238],[78.2214,9.4302],[78.217,9.4336],[78.2159,9.4331],[78.2125,9.4374],[78.2152,9.4489],[78.2163,9.45],[78.2237,9.4489],[78.2446,9.4508],[78.2422,9.4461],[78.2761,9.4469],[78.2958,9.4415],[78.3038,9.4419],[78.3072,9.4461],[78.3066,9.451],[78.3012,9.4579],[78.3024,9.4602],[78.3074,9.4601],[78.3181,9.467],[78.3287,9.4632],[78.3326,9.4635],[78.3364,9.4666],[78.3438,9.4663],[78.352,9.4603],[78.3563,9.4617],[78.3538,9.4676],[78.3507,9.4704],[78.343,9.471],[78.3411,9.4725],[78.3349,9.4719],[78.331,9.4803],[78.3337,9.4849],[78.3309,9.4885],[78.331,9.4966],[78.3335,9.5073],[78.3331,9.5094],[78.327,9.5138],[78.3275,9.5195],[78.3333,9.525],[78.3493,9.5161],[78.3665,9.5187],[78.3848,9.5174],[78.3887,9.5281],[78.3883,9.5369],[78.3789,9.5386],[78.3769,9.5457],[78.3784,9.5545],[78.3758,9.5569],[78.3773,9.5676],[78.3703,9.5695],[78.3691,9.5729],[78.3782,9.5741],[78.3799,9.576],[78.4009,9.5824],[78.4011,9.5948],[78.4131,9.5886],[78.4191,9.5973],[78.4172,9.6031],[78.4162,9.6194],[78.405,9.6233],[78.3906,9.6324],[78.3934,9.6412],[78.3936,9.6504],[78.3836,9.6564],[78.376,9.6588],[78.3651,9.6557],[78.3583,9.658],[78.3521,9.6658],[78.3467,9.66],[78.3428,9.6602],[78.3394,9.664],[78.336,9.6693],[78.3445,9.6741],[78.342,9.6799],[78.3432,9.6833],[78.3387,9.6865],[78.3317,9.6955],[78.3352,9.6978],[78.3395,9.7036],[78.3254,9.706],[78.3179,9.7055],[78.2961,9.7115],[78.2903,9.7186],[78.2896,9.7265],[78.2992,9.7487],[78.2917,9.7451],[78.2846,9.7331],[78.2814,9.7316],[78.2781,9.7266],[78.2758,9.7172],[78.2739,9.7152],[78.2711,9.7055],[78.2723,9.7026],[78.2766,9.7003],[78.2781,9.6893],[78.2728,9.6868],[78.2652,9.6878],[78.2628,9.6918],[78.2494,9.6989],[78.2486,9.7024],[78.2514,9.7064],[78.2559,9.7046],[78.2558,9.7103],[78.2532,9.7119],[78.2528,9.7141],[78.2562,9.7186],[78.2626,9.7394],[78.2697,9.7447],[78.274,9.7495],[78.2753,9.7534],[78.2619,9.7613],[78.2502,9.7578],[78.2444,9.7581],[78.2361,9.7605],[78.2254,9.7678],[78.2083,9.766],[78.2008,9.7679],[78.1777,9.7538],[78.1723,9.7483],[78.1682,9.7495],[78.1654,9.7536],[78.1676,9.7601],[78.1666,9.7644],[78.1576,9.7655],[78.1505,9.7751],[78.1512,9.7814],[78.1464,9.7848],[78.1425,9.7822],[78.14,9.7768],[78.1394,9.7701],[78.1408,9.7621],[78.1344,9.7659],[78.1289,9.764],[78.1283,9.7708],[78.11,9.7862],[78.1033,9.7843],[78.1002,9.7808],[78.0929,9.7807],[78.0914,9.7779],[78.105,9.7678],[78.1025,9.7562],[78.0941,9.7568],[78.0858,9.7602],[78.0825,9.7498],[78.0732,9.7536],[78.0639,9.7422],[78.0755,9.7324],[78.0708,9.7253],[78.075,9.7205],[78.0784,9.7112],[78.0816,9.7069],[78.0807,9.6967],[78.0859,9.6936],[78.0867,9.6889],[78.09,9.6835],[78.0896,9.6768],[78.0849,9.6758],[78.0824,9.6726],[78.0845,9.6687],[78.0843,9.6635],[78.0792,9.6611],[78.0616,9.6612],[78.0626,9.6718],[78.0416,9.6777],[78.0328,9.6603],[78.0269,9.6596],[78.0161,9.6405],[78.0123,9.6404],[78.0066,9.643],[78.0067,9.645],[78.0047,9.6433],[78.0049,9.6396],[78.001,9.6317],[77.9938,9.6255],[77.9899,9.6252],[77.9824,9.6277],[77.9843,9.6328],[77.9884,9.6374],[77.9759,9.6316],[77.9678,9.6358],[77.9674,9.639],[77.9648,9.6399],[77.9649,9.6465],[77.9545,9.6495],[77.9535,9.6476],[77.95,9.6464],[77.9468,9.641],[77.9434,9.6304],[77.9331,9.6282],[77.9264,9.6236],[77.9192,9.6161],[77.9155,9.6152],[77.9108,9.6181],[77.9082,9.6241],[77.9052,9.6258],[77.9036,9.6299],[77.9027,9.626],[77.8952,9.6308],[77.892,9.6432],[77.8694,9.6488],[77.8482,9.6515],[77.8443,9.6368],[77.8342,9.6369],[77.8189,9.6425],[77.8122,9.6418],[77.7975,9.6497],[77.7935,9.6399],[77.7768,9.6417],[77.7707,9.6519],[77.7668,9.6621],[77.7712,9.6634],[77.771,9.6662],[77.7686,9.6676],[77.7691,9.674],[77.7658,9.6812],[77.7638,9.6819],[77.7635,9.685],[77.762,9.6849],[77.7611,9.6831],[77.7354,9.6932],[77.7302,9.6929],[77.7259,9.6945],[77.7117,9.7051],[77.7127,9.6973],[77.7094,9.6918],[77.7034,9.6918],[77.7013,9.6939],[77.7023,9.6994],[77.6962,9.6982],[77.6967,9.6936],[77.6863,9.6856],[77.6857,9.6791],[77.6822,9.6782],[77.6797,9.6825],[77.67,9.678],[77.6621,9.6826],[77.6588,9.6801],[77.6575,9.6822],[77.6529,9.6831],[77.6524,9.6852],[77.6541,9.6885],[77.6517,9.6956],[77.6504,9.6988],[77.6472,9.6986],[77.6482,9.7023],[77.6465,9.7021],[77.6448,9.7067],[77.638,9.7033],[77.6339,9.704],[77.6313,9.7078],[77.6238,9.7006],[77.6196,9.6999],[77.6177,9.6958],[77.6119,9.6992],[77.6017,9.6956],[77.594,9.6898],[77.588,9.6883],[77.5855,9.6852],[77.5843,9.6799],[77.5775,9.6802],[77.576,9.677],[77.5715,9.674],[77.567,9.664],[77.5535,9.6531],[77.5521,9.6534],[77.5523,9.6593],[77.5501,9.6658],[77.5446,9.6657],[77.5368,9.6593],[77.5333,9.6546],[77.5306,9.6533],[77.521,9.6395],[77.5203,9.6349],[77.5215,9.6323],[77.5171,9.6134],[77.5121,9.6038],[77.5085,9.6034],[77.5062,9.6008],[77.5002,9.5895],[77.5011,9.584],[77.4996,9.5779],[77.4948,9.5735],[77.4882,9.5727],[77.4826,9.5644],[77.479,9.564],[77.4784,9.5608],[77.4802,9.5528],[77.4778,9.5505],[77.4644,9.5463],[77.458,9.5409],[77.4493,9.5464],[77.447,9.545],[77.4426,9.5468],[77.4296,9.5475],[77.4247,9.5408],[77.4037,9.5274],[77.4034,9.5174],[77.4071,9.5153],[77.4119,9.5151],[77.4133,9.5072],[77.405,9.5016],[77.4026,9.4968],[77.401,9.4897],[77.4012,9.4804],[77.404,9.478],[77.3994,9.4718],[77.3945,9.4692],[77.3957,9.4614],[77.3894,9.4559],[77.3848,9.4545],[77.3773,9.4542],[77.3736,9.4585],[77.3687,9.4602],[77.3625,9.4558],[77.36,9.451],[77.3513,9.4415],[77.3517,9.4344],[77.349,9.4319],[77.3472,9.4257],[77.3412,9.4186]]]]}},{"type":"Feature","properties":{"kind":"district","name":"Thiruvarur"},"geometry":{"type":"MultiPolygon","coordinates":[[[[79.7638,11.0025],[79.7616,11.0013],[79.7612,11.0031],[79.7573,11.0056],[79.7497,11.0044],[79.7485,11.0032],[79.7498,10.9981],[79.7424,10.996],[79.735,10.9962],[79.7326,10.9983],[79.7275,10.9994],[79.7225,11.0046],[79.7121,11.009],[79.7075,11.0128],[79.6993,11.0154],[79.6915,11.0171],[79.6795,11.0169],[79.6547,11.0135],[79.6509,11.0143],[79.6527,11.0131],[79.6432,11.0089],[79.6413,11.0064],[79.6412,11.0017],[79.6358,10.9978],[79.6368,10.9952],[79.6344,10.9938],[79.6366,10.9918],[79.6333,10.9909],[79.6351,10.9888],[79.6317,10.9865],[79.634,10.9786],[79.6276,10.9774],[79.6245,10.9829],[79.6082,10.9811],[79.6053,10.9786],[79.6084,10.9748],[79.6036,10.9713],[79.5972,10.9723],[79.5965,10.9776],[79.592,10.9774],[79.5903,10.9823],[79.5795,10.9822],[79.5786,10.9768],[79.5755,10.9762],[79.5771,10.9707],[79.5699,10.972],[79.5695,10.9759],[79.5592,10.9742],[79.5575,10.9691],[79.5544,10.97],[79.5533,10.9661],[79.5312,10.9648],[79.5319,10.9605],[79.5277,10.9588],[79.5266,10.9626],[79.5287,10.9703],[79.5156,10.9689],[79.5157,10.9534],[79.5191,10.945],[79.5161,10.9401],[79.5,10.9385],[79.4998,10.9319],[79.4888,10.9231],[79.4861,10.9193],[79.4913,10.9186],[79.4947,10.9092],[79.4948,10.9048],[79.5013,10.9051],[79.5084,10.9024],[79.5084,10.8966],[79.4973,10.8897],[79.4922,10.8882],[79.4846,10.8778],[79.4872,10.8721],[79.4813,10.8689],[79.4714,10.872],[79.4674,10.8631],[79.4594,10.8661],[79.4547,10.8608],[79.4458,10.8692],[79.4387,10.8695],[79.4336,10.8739],[79.4183,10.8802],[79.4116,10.8841],[79.4077,10.8888],[79.3998,10.8908],[79.3953,10.8946],[79.3934,10.8931],[79.3853,10.8936],[79.3823,10.891],[79.3796,10.8922],[79.3772,10.8908],[79.3734,10.8915],[79.3705,10.8978],[79.3662,10.8984],[79.3643,10.8973],[79.353,10.908],[79.3535,10.9096],[79.3495,10.9117],[79.3437,10.9112],[79.3405,10.914],[79.338,10.9127],[79.3337,10.9173],[79.3363,10.9217],[79.3327,10.9239],[79.3318,10.9262],[79.3272,10.9264],[79.3167,10.9302],[79.3144,10.9284],[79.313,10.9304],[79.303,10.9361],[79.3009,10.9356],[79.298,10.9384],[79.2922,10.9372],[79.292,10.9353],[79.2854,10.9279],[79.2786,10.9273],[79.2779,10.9254],[79.2782,10.9235],[79.2849,10.9204],[79.2897,10.9151],[79.2911,10.9074],[79.2979,10.9077],[79.2988,10.9025],[79.2837,10.9029],[79.2786,10.9068],[79.2735,10.9064],[79.2698,10.9081],[79.2698,10.9058],[79.2721,10.9039],[79.2734,10.9003],[79.2733,10.8957],[79.2716,10.8923],[79.2682,10.891],[79.2749,10.8822],[79.2762,10.8749],[79.292,10.8696],[79.2935,10.8648],[79.2961,10.8628],[79.2949,10.8531],[79.2968,10.8468],[79.2952,10.8405],[79.2931,10.8399],[79.2914,10.8326],[79.2964,10.8317],[79.2994,10.8269],[79.3069,10.8262],[79.3108,10.823],[79.3173,10.8223],[79.3211,10.8194],[79.3264,10.8192],[79.3268,10.8176],[79.331,10.8158],[79.3306,10.8098],[79.3367,10.8145],[79.3404,10.8124],[79.3533,10.8134],[79.3618,10.8078],[79.3694,10.807],[79.3716,10.8006],[79.3693,10.7962],[79.3632,10.7939],[79.3533,10.7936],[79.3506,10.7853],[79.3452,10.7818],[79.3455,10.7684],[79.3626,10.763],[79.3573,10.7497],[79.3506,10.75],[79.35,10.7444],[79.3429,10.7407],[79.3366,10.7395],[79.3125,10.7404],[79.3096,10.7465],[79.305,10.7458],[79.3019,10.7419],[79.3002,10.7363],[79.3012,10.7352],[79.3044,10.7355],[79.3081,10.7177],[79.3067,10.7096],[79.3188,10.6876],[79.3172,10.6738],[79.3178,10.6614],[79.341,10.6585],[79.3479,10.6527],[79.3512,10.6472],[79.3571,10.6481],[79.353,10.6294],[79.3452,10.6252],[79.3489,10.6204],[79.3524,10.6106],[79.3479,10.6068],[79.349,10.597],[79.3473,10.591],[79.3501,10.5863],[79.363,10.5792],[79.3768,10.5794],[79.3894,10.5834],[79.403,10.5769],[79.3999,10.5729],[79.3989,10.5625],[79.3998,10.5567],[79.4082,10.5512],[79.4154,10.5519],[79.4209,10.5495],[79.4274,10.5608],[79.4344,10.557],[79.4402,10.5597],[79.4466,10.5571],[79.4512,10.5575],[79.4538,10.5507],[79.4485,10.5503],[79.4381,10.5454],[79.4272,10.5426],[79.4247,10.5358],[79.435,10.5331],[79.4425,10.5228],[79.4478,10.5213],[79.4533,10.5218],[79.4573,10.5198],[79.4592,10.5145],[79.464,10.5139],[79.4693,10.5108],[79.462,10.5046],[79.4554,10.4945],[79.4627,10.4888],[79.4718,10.4928],[79.4798,10.4926],[79.4841,10.4887],[79.4841,10.4792],[79.4783,10.4647],[79.4708,10.4591],[79.4741,10.4521],[79.4752,10.4449],[79.4806,10.4429],[79.4678,10.4361],[79.4607,10.4343],[79.4532,10.4354],[79.4572,10.429],[79.4601,10.4196],[79.4666,10.4184],[79.4662,10.4134],[79.475,10.4087],[79.4803,10.3995],[79.4717,10.3977],[79.4665,10.4001],[79.4633,10.3986],[79.4627,10.3955],[79.466,10.3951],[79.4713,10.3872],[79.4622,10.3758],[79.4778,10.3736],[79.4863,10.3819],[79.4916,10.3745],[79.4977,10.3715],[79.5054,10.37],[79.5084,10.3639],[79.5086,10.3547],[79.5064,10.3562],[79.5044,10.3552],[79.5042,10.3523],[79.5056,10.3509],[79.536,10.3357],[79.5378,10.3372],[79.5415,10.3372],[79.5456,10.3406],[79.5433,10.3469],[79.5486,10.348],[79.5658,10.3425],[79.5793,10.3407],[79.587,10.3421],[79.5901,10.3412],[79.5904,10.3394],[79.5879,10.3291],[79.5863,10.3276],[79.5836,10.327],[79.5595,10.3324],[79.5552,10.3302],[79.5525,10.3266],[79.5511,10.3194],[79.5479,10.3162],[79.5383,10.3129],[79.5317,10.3166],[79.5289,10.3169],[79.5261,10.3153],[79.5236,10.3115],[79.524,10.3082],[79.5262,10.3064],[79.5424,10.3024],[79.6071,10.2928],[79.6239,10.2885],[79.6784,10.2805],[79.7416,10.2734],[79.7764,10.2726],[79.7765,10.2779],[79.7707,10.2851],[79.7606,10.29],[79.7541,10.289],[79.7516,10.29],[79.7478,10.3013],[79.7384,10.2991],[79.7328,10.2929],[79.7281,10.2903],[79.7232,10.2906],[79.7003,10.2965],[79.6814,10.3086],[79.6733,10.3122],[79.663,10.3131],[79.6488,10.3174],[79.6319,10.317],[79.6138,10.3196],[79.6118,10.3221],[79.6167,10.3253],[79.6235,10.3272],[79.6273,10.3321],[79.6383,10.3394],[79.655,10.3339],[79.6441,10.3604],[79.6439,10.4099],[79.651,10.4583],[79.6734,10.4621],[79.6904,10.4727],[79.6883,10.4874],[79.6993,10.4936],[79.693,10.5082],[79.693,10.5242],[79.7054,10.5437],[79.7064,10.5536],[79.6647,10.5557],[79.6606,10.5595],[79.6693,10.5861],[79.67,10.5944],[79.6704,10.6009],[79.6645,10.6141],[79.6877,10.6253],[79.6963,10.6411],[79.6765,10.6472],[79.668,10.6558],[79.6727,10.6597],[79.6743,10.6665],[79.6772,10.6686],[79.6806,10.6749],[79.6793,10.6887],[79.6751,10.6929],[79.6609,10.7016],[79.6597,10.7096],[79.6664,10.71],[79.6894,10.7184],[79.6902,10.7238],[79.6864,10.7322],[79.6969,10.7455],[79.7015,10.766],[79.7109,10.7876],[79.7163,10.7922],[79.7234,10.7934],[79.7318,10.7984],[79.736,10.8089],[79.7351,10.8197],[79.7289,10.8278],[79.7059,10.8256],[79.6984,10.8285],[79.6896,10.8264],[79.6857,10.8162],[79.6653,10.8147],[79.6651,10.8106],[79.6699,10.8],[79.6815,10.7914],[79.6811,10.7861],[79.6786,10.7863],[79.6748,10.7929],[79.6665,10.7942],[79.6644,10.7903],[79.6605,10.7897],[79.6597,10.7909],[79.6624,10.8047],[79.6605,10.8091],[79.6432,10.8147],[79.6568,10.8358],[79.653,10.858],[79.6559,10.8835],[79.6655,10.9027],[79.6822,10.9215],[79.7011,10.9253],[79.7161,10.9199],[79.7266,10.9296],[79.7373,10.9354],[79.7372,10.9389],[79.74,10.9404],[79.736,10.941],[79.7378,10.943],[79.7359,10.9478],[79.7429,10.9492],[79.7436,10.9515],[79.7482,10.955],[79.7481,10.9587],[79.7463,10.9604],[79.7448,10.957],[79.7432,10.9564],[79.7353,10.9569],[79.7321,10.9584],[79.7327,10.9607],[79.7312,10.963],[79.7327,10.9646],[79.7324,10.974],[79.7443,10.9743],[79.751,10.97],[79.756,10.9687],[79.757,10.9605],[79.7708,10.9612],[79.777,10.96],[79.7735,10.9713],[79.7678,10.9775],[79.7735,10.9793],[79.7741,10.982],[79.7695,10.9834],[79.7633,10.9895],[79.7638,11.0025]]]]}},{"type":"Feature","properties":{"kind":"district","name":"Thiruvallur"},"geometry":{"type":"MultiPolygon","coordinates":[[[[80.0423,13.5376],[80.0304,13.5391],[80.0205,13.5463],[80.0069,13.5436],[80.0025,13.5407],[80.003,13.5241],[80.019,13.5291],[80.0212,13.5223],[80.0264,13.5179],[80.0319,13.5157],[80.0385,13.518],[80.0456,13.5159],[80.0499,13.5134],[80.0489,13.4986],[80.0377,13.5008],[80.0187,13.5018],[80.0173,13.4923],[80.0082,13.4743],[80.0036,13.4733],[80.0034,13.4761],[80.0003,13.476],[79.9811,13.4704],[79.9747,13.4653],[79.976,13.4546],[79.9739,13.4417],[79.9762,13.432],[79.9712,13.4266],[79.9638,13.4222],[79.9572,13.4248],[79.9501,13.4238],[79.9454,13.4184],[79.9486,13.3989],[79.9633,13.396],[79.9666,13.3882],[79.961,13.3813],[79.9527,13.3832],[79.953,13.3722],[79.9418,13.3576],[79.9385,13.35],[79.9237,13.3578],[79.9193,13.3531],[79.9169,13.3473],[79.904,13.3381],[79.9026,13.3394],[79.8975,13.3398],[79.8935,13.3438],[79.8888,13.341],[79.8869,13.3415],[79.8866,13.3403],[79.8886,13.339],[79.8811,13.335],[79.882,13.3303],[79.8782,13.3247],[79.8719,13.3277],[79.8642,13.3176],[79.8436,13.316],[79.8215,13.319],[79.8132,13.3182],[79.808,13.3124],[79.8052,13.3055],[79.8002,13.2985],[79.7928,13.2959],[79.7813,13.3035],[79.767,13.3166],[79.7635,13.3126],[79.7627,13.3047],[79.7591,13.2938],[79.7544,13.2904],[79.7426,13.2888],[79.7342,13.286],[79.7347,13.2795],[79.7524,13.2682],[79.7586,13.262],[79.7658,13.2576],[79.7884,13.248],[79.7963,13.2421],[79.798,13.2374],[79.7964,13.2319],[79.7867,13.2315],[79.7802,13.2273],[79.7764,13.2228],[79.7708,13.2195],[79.7649,13.2187],[79.7575,13.2088],[79.7514,13.2122],[79.75,13.2234],[79.7467,13.2241],[79.7456,13.2288],[79.7395,13.2312],[79.7358,13.2357],[79.7316,13.2364],[79.7287,13.2282],[79.7245,13.2243],[79.7187,13.223],[79.7127,13.2165],[79.7023,13.2242],[79.7087,13.2376],[79.709,13.2476],[79.7049,13.2523],[79.6975,13.2476],[79.6936,13.2421],[79.6863,13.2432],[79.6841,13.2495],[79.6867,13.2607],[79.6972,13.2704],[79.6922,13.283],[79.6814,13.2956],[79.6787,13.2868],[79.6754,13.2818],[79.6703,13.2821],[79.6662,13.2882],[79.6566,13.287],[79.6513,13.2898],[79.6454,13.2871],[79.6424,13.2744],[79.6372,13.2756],[79.6336,13.2725],[79.628,13.274],[79.6236,13.2781],[79.6179,13.2809],[79.6139,13.2812],[79.6015,13.2739],[79.5982,13.2606],[79.5931,13.2589],[79.5782,13.2628],[79.5676,13.2726],[79.5615,13.2805],[79.5591,13.2874],[79.5546,13.2916],[79.5519,13.3031],[79.5516,13.3142],[79.5484,13.3244],[79.5354,13.3292],[79.5104,13.328],[79.4998,13.3297],[79.4917,13.3347],[79.4672,13.3374],[79.4491,13.3369],[79.4458,13.3385],[79.4414,13.3379],[79.4353,13.3416],[79.4343,13.3398],[79.4368,13.336],[79.4298,13.335],[79.4139,13.3288],[79.3871,13.316],[79.3981,13.3077],[79.418,13.2985],[79.4343,13.2998],[79.4376,13.2944],[79.4309,13.2877],[79.4316,13.2795],[79.4249,13.2706],[79.4213,13.2599],[79.42,13.2508],[79.4223,13.2413],[79.4213,13.2328],[79.4235,13.2253],[79.4297,13.2254],[79.4309,13.2316],[79.4396,13.2359],[79.4488,13.243],[79.4552,13.2424],[79.4581,13.235],[79.4582,13.23],[79.4343,13.2217],[79.4359,13.2121],[79.4343,13.2064],[79.4365,13.2007],[79.4333,13.1977],[79.4106,13.1996],[79.4053,13.1976],[79.3971,13.1979],[79.3911,13.1956],[79.3817,13.1894],[79.3835,13.1817],[79.3799,13.1787],[79.3739,13.1692],[79.3674,13.1745],[79.3604,13.1761],[79.3595,13.148],[79.3673,13.1429],[79.3628,13.1386],[79.3571,13.1367],[79.3505,13.1363],[79.348,13.1406],[79.3434,13.1344],[79.3294,13.1325],[79.3251,13.1269],[79.3225,13.12],[79.3228,13.113],[79.3207,13.11],[79.3102,13.1104],[79.3115,13.1279],[79.3008,13.1313],[79.2976,13.1359],[79.2902,13.1327],[79.2865,13.1339],[79.2862,13.1208],[79.3018,13.0907],[79.3067,13.0852],[79.323,13.0804],[79.332,13.0738],[79.3384,13.0649],[79.3476,13.0616],[79.3831,13.0798],[79.3941,13.0822],[79.4173,13.0841],[79.4221,13.0991],[79.419,13.1038],[79.4095,13.1026],[79.4027,13.107],[79.4129,13.1212],[79.4126,13.1367],[79.419,13.1496],[79.4246,13.1456],[79.4374,13.1262],[79.4435,13.1251],[79.452,13.1267],[79.4542,13.1215],[79.4317,13.1191],[79.4325,13.1142],[79.4427,13.1103],[79.4537,13.0933],[79.4626,13.0983],[79.4638,13.1055],[79.4665,13.1087],[79.474,13.1081],[79.476,13.1139],[79.4744,13.1271],[79.4798,13.1279],[79.4822,13.1319],[79.4828,13.1392],[79.5054,13.1378],[79.5175,13.1438],[79.5293,13.1372],[79.5513,13.1345],[79.5561,13.1378],[79.57,13.135],[79.5695,13.129],[79.572,13.1226],[79.5955,13.1233],[79.5994,13.1304],[79.5924,13.1435],[79.5944,13.1465],[79.6192,13.1439],[79.6299,13.1447],[79.6365,13.1486],[79.6322,13.1624],[79.6327,13.17],[79.6456,13.1793],[79.6483,13.1976],[79.6554,13.2094],[79.6712,13.2018],[79.6699,13.1878],[79.6714,13.1825],[79.6928,13.1908],[79.7006,13.1885],[79.6978,13.1811],[79.6924,13.1761],[79.6927,13.1656],[79.6961,13.1602],[79.7006,13.1571],[79.7041,13.1613],[79.7362,13.1655],[79.7397,13.1523],[79.74,13.1376],[79.7349,13.1174],[79.7266,13.1159],[79.7225,13.108],[79.717,13.1059],[79.7091,13.1089],[79.7039,13.1077],[79.702,13.1008],[79.7126,13.0987],[79.7273,13.0981],[79.7326,13.0963],[79.7409,13.0754],[79.7394,13.0706],[79.7346,13.0679],[79.7269,13.068],[79.7245,13.062],[79.7199,13.0582],[79.7213,13.0548],[79.7272,13.0543],[79.7347,13.0603],[79.7492,13.0513],[79.7618,13.0531],[79.7715,13.0603],[79.7768,13.0594],[79.7786,13.0561],[79.7872,13.0536],[79.7902,13.0476],[79.7862,13.0409],[79.7859,13.0232],[79.7998,13.0277],[79.8026,13.0159],[79.8105,13.0179],[79.8209,13.0014],[79.8206,12.9946],[79.8159,12.9914],[79.8181,12.9879],[79.8237,12.9891],[79.8217,12.9861],[79.8236,12.9679],[79.8254,12.9644],[79.8384,12.9649],[79.837,12.96],[79.852,12.956],[79.854,12.9512],[79.896,12.9476],[79.8999,12.958],[79.9036,12.9617],[79.9101,12.9642],[79.9127,12.9686],[79.9132,12.974],[79.9172,12.9782],[79.9016,12.9893],[79.8949,12.9916],[79.8979,12.9958],[79.9026,12.9957],[79.9132,13.0042],[79.9162,12.9998],[79.9298,12.9918],[79.9412,12.9958],[79.9446,13.0042],[79.9442,13.0081],[79.9247,13.0156],[79.9228,13.0203],[79.9165,13.0171],[79.9118,13.0176],[79.9056,13.016],[79.9041,13.0308],[79.8985,13.0356],[79.9044,13.0519],[79.9154,13.0491],[79.9223,13.0492],[79.9219,13.0384],[79.9264,13.0362],[79.9467,13.0345],[79.9631,13.0408],[79.9716,13.0393],[79.9731,13.0407],[79.9718,13.0485],[79.9773,13.0541],[79.9897,13.058],[79.9934,13.0529],[79.9833,13.0489],[79.9792,13.0397],[79.9795,13.0376],[79.9849,13.0338],[79.9921,13.0325],[79.9983,13.0448],[80.0084,13.0522],[80.0101,13.0584],[80.0152,13.0563],[80.0172,13.0532],[80.0264,13.0532],[80.0285,13.0511],[80.0339,13.0519],[80.0363,13.0488],[80.034,13.0469],[80.0349,13.0449],[80.0471,13.0444],[80.0521,13.0463],[80.0568,13.0463],[80.0515,13.0414],[80.0506,13.0384],[80.0565,13.0325],[80.066,13.0348],[80.0714,13.0428],[80.079,13.0429],[80.0804,13.0415],[80.081,13.03],[80.0838,13.022],[80.088,13.025],[80.0901,13.0364],[80.0917,13.0358],[80.0981,13.0386],[80.0995,13.0404],[80.1,13.0464],[80.1034,13.0454],[80.1052,13.0429],[80.1118,13.0465],[80.1191,13.0459],[80.1192,13.0487],[80.1237,13.0473],[80.1244,13.0501],[80.1307,13.0527],[80.1311,13.0561],[80.1358,13.0526],[80.137,13.0477],[80.1423,13.047],[80.1426,13.0485],[80.1489,13.0423],[80.1511,13.0384],[80.147,13.0381],[80.1487,13.0314],[80.162,13.032],[80.1632,13.0287],[80.1667,13.0279],[80.1676,13.032],[80.1848,13.0273],[80.1859,13.026],[80.1901,13.0264],[80.1867,13.0337],[80.1867,13.0403],[80.1834,13.0487],[80.1881,13.0668],[80.1868,13.0758],[80.1971,13.0895],[80.1946,13.0912],[80.1964,13.0988],[80.1937,13.1054],[80.2032,13.1194],[80.2033,13.1269],[80.2249,13.1305],[80.225,13.1274],[80.2437,13.1284],[80.2428,13.1424],[80.247,13.1432],[80.2536,13.1486],[80.2594,13.1489],[80.2596,13.1427],[80.2633,13.1415],[80.2762,13.1403],[80.2809,13.1429],[80.2885,13.1438],[80.3038,13.1423],[80.308,13.153],[80.3185,13.1911],[80.3226,13.1983],[80.3427,13.2563],[80.3394,13.2586],[80.3391,13.2639],[80.3463,13.2882],[80.3466,13.3136],[80.341,13.3525],[80.3328,13.3904],[80.3279,13.4383],[80.3234,13.4559],[80.2992,13.4775],[80.2874,13.5147],[80.2685,13.5634],[80.2652,13.5615],[80.2537,13.5069],[80.2421,13.469],[80.2258,13.4845],[80.2157,13.4876],[80.2159,13.4885],[80.2117,13.4884],[80.2103,13.4862],[80.2016,13.4885],[80.1775,13.4884],[80.1764,13.4902],[80.1694,13.4927],[80.148,13.4955],[80.1472,13.5047],[80.1266,13.5083],[80.1136,13.5092],[80.1135,13.4983],[80.1106,13.493],[80.1043,13.4913],[80.0808,13.4922],[80.0791,13.5101],[80.0803,13.5267],[80.0832,13.5331],[80.0899,13.5381],[80.0856,13.548],[80.0823,13.5517],[80.0784,13.5488],[80.0638,13.5446],[80.0582,13.536],[80.0469,13.5358],[80.0423,13.5376]]]]}},{"type":"Feature","properties":{"kind":"district","name":"Tiruchirappalli"},"geometry":{"type":"MultiPolygon","coordinates":[[[[79.0094,11.058],[79.0055,11.0603],[79.0024,11.0653],[79.0024,11.0702],[79.0006,11.0723],[78.9913,11.0766],[78.9879,11.0766],[78.9857,11.0876],[78.9756,11.0939],[78.9667,11.0955],[78.9528,11.0955],[78.9524,11.094],[78.933,11.0958],[78.9275,11.091],[78.9152,11.0986],[78.9068,11.0977],[78.8907,11.1009],[78.8897,11.1029],[78.8847,11.1021],[78.884,11.0984],[78.8799,11.0991],[78.8738,11.094],[78.8768,11.0851],[78.8738,11.0842],[78.873,11.0872],[78.8678,11.087],[78.8618,11.091],[78.8573,11.0895],[78.8469,11.0892],[78.8412,11.0771],[78.8332,11.0777],[78.8363,11.0892],[78.8228,11.0909],[78.8096,11.09],[78.8079,11.0936],[78.8114,11.1056],[78.8113,11.113],[78.8022,11.1158],[78.7995,11.1137],[78.7921,11.1164],[78.7828,11.117],[78.7828,11.1147],[78.7791,11.114],[78.7781,11.1181],[78.7626,11.1228],[78.7583,11.1195],[78.7519,11.1176],[78.7424,11.1095],[78.7378,11.1087],[78.7345,11.099],[78.7379,11.0958],[78.7414,11.0843],[78.7334,11.0898],[78.7166,11.0956],[78.7126,11.0956],[78.7008,11.0795],[78.6992,11.0915],[78.6956,11.0928],[78.6936,11.1045],[78.6877,11.1145],[78.6874,11.1252],[78.6853,11.1287],[78.6807,11.1299],[78.6803,11.1465],[78.6775,11.1476],[78.6775,11.1573],[78.673,11.1652],[78.6636,11.1637],[78.6542,11.1645],[78.6536,11.1682],[78.661,11.1714],[78.6701,11.1827],[78.6742,11.1856],[78.6795,11.1939],[78.6905,11.1938],[78.6992,11.1911],[78.7019,11.1936],[78.709,11.2114],[78.7143,11.2131],[78.7097,11.2262],[78.7055,11.226],[78.7044,11.2294],[78.7106,11.2346],[78.7133,11.2391],[78.7129,11.2493],[78.7194,11.2568],[78.726,11.2591],[78.7304,11.2667],[78.731,11.2713],[78.7409,11.2739],[78.7469,11.2804],[78.7502,11.2819],[78.7519,11.2856],[78.7392,11.2951],[78.7368,11.2987],[78.739,11.3021],[78.7386,11.3145],[78.7366,11.3193],[78.7333,11.3222],[78.7154,11.3224],[78.7097,11.3238],[78.6916,11.3225],[78.687,11.3205],[78.6839,11.324],[78.6781,11.3262],[78.6736,11.324],[78.6663,11.3169],[78.6612,11.3218],[78.663,11.3294],[78.6548,11.3321],[78.6402,11.3258],[78.637,11.3319],[78.6333,11.3328],[78.6358,11.3351],[78.6309,11.3382],[78.6192,11.3353],[78.6098,11.3377],[78.5916,11.3259],[78.5851,11.3303],[78.5817,11.3259],[78.5788,11.3157],[78.5567,11.316],[78.5543,11.3212],[78.5566,11.3244],[78.5563,11.3329],[78.5543,11.3377],[78.5553,11.3477],[78.5526,11.3585],[78.5497,11.3623],[78.542,11.3674],[78.5321,11.3683],[78.5254,11.3722],[78.5198,11.3779],[78.517,11.3832],[78.5086,11.3787],[78.5065,11.3795],[78.5096,11.3866],[78.5105,11.3936],[78.5063,11.3952],[78.4989,11.4038],[78.4953,11.405],[78.4869,11.4043],[78.4863,11.3972],[78.4833,11.3895],[78.4774,11.3858],[78.4711,11.3858],[78.4665,11.378],[78.4568,11.3513],[78.4575,11.3451],[78.461,11.3402],[78.4586,11.3387],[78.4482,11.3433],[78.4482,11.3371],[78.451,11.3333],[78.45,11.3305],[78.4525,11.3288],[78.4567,11.3299],[78.4571,11.3258],[78.4625,11.3225],[78.4668,11.312],[78.4636,11.3056],[78.4596,11.3056],[78.4566,11.3016],[78.4511,11.2785],[78.4464,11.2727],[78.44,11.268],[78.4403,11.2576],[78.43,11.239],[78.4245,11.2225],[78.4218,11.2204],[78.4216,11.2116],[78.4175,11.21],[78.4098,11.1966],[78.4012,11.1943],[78.3918,11.1895],[78.3819,11.188],[78.3869,11.1763],[78.3781,11.1764],[78.3828,11.1396],[78.3796,11.1399],[78.3764,11.1342],[78.3705,11.1366],[78.3499,11.1362],[78.3472,11.1376],[78.3456,11.1325],[78.3472,11.1219],[78.3438,11.1123],[78.3363,11.1045],[78.3265,11.0988],[78.3301,11.094],[78.3398,11.0911],[78.3387,11.0821],[78.3405,11.0796],[78.3472,11.0771],[78.3541,11.0673],[78.3631,11.0637],[78.3602,11.0466],[78.351,11.0476],[78.3497,11.0387],[78.3453,11.0257],[78.3294,11.0314],[78.328,11.0493],[78.3262,11.0498],[78.3245,11.0575],[78.2973,11.0709],[78.2928,11.0758],[78.2844,11.0775],[78.2756,11.0776],[78.2696,11.0706],[78.2664,11.0708],[78.2652,11.0682],[78.2488,11.092],[78.2302,11.0943],[78.2297,11.0879],[78.2335,11.0819],[78.237,11.0668],[78.2316,11.062],[78.2285,11.0535],[78.2224,11.0571],[78.2227,11.0618],[78.2209,11.0647],[78.204,11.0728],[78.1964,11.063],[78.1834,11.0681],[78.1663,11.0488],[78.1656,11.0448],[78.1848,11.0406],[78.189,11.044],[78.1968,11.0447],[78.1986,11.0408],[78.1969,11.0373],[78.1974,11.0311],[78.1992,11.0282],[78.1959,11.0224],[78.184,11.019],[78.1745,11.0131],[78.1686,11.012],[78.1673,11.0049],[78.1681,11.0015],[78.1816,10.9846],[78.1813,10.9831],[78.1849,10.9771],[78.1995,10.9603],[78.2199,10.9588],[78.2465,10.9669],[78.2618,10.9686],[78.2803,10.967],[78.2995,10.962],[78.3084,10.9615],[78.314,10.9627],[78.3292,10.9597],[78.341,10.9602],[78.3528,10.9628],[78.3697,10.9627],[78.3788,10.9639],[78.3828,10.9658],[78.4317,10.9466],[78.4429,10.9322],[78.4611,10.9219],[78.4608,10.9243],[78.4791,10.9141],[78.4868,10.912],[78.4885,10.9043],[78.4967,10.8999],[78.4963,10.8983],[78.4886,10.8998],[78.4867,10.902],[78.4852,10.8998],[78.4765,10.9004],[78.4713,10.8984],[78.4698,10.8865],[78.4788,10.8826],[78.4799,10.886],[78.4846,10.8869],[78.4895,10.8935],[78.4938,10.8935],[78.5044,10.8866],[78.5114,10.884],[78.5335,10.8782],[78.5496,10.8769],[78.5589,10.8683],[78.5593,10.8638],[78.5663,10.8611],[78.5778,10.8517],[78.5791,10.8462],[78.5746,10.8444],[78.5716,10.8343],[78.5861,10.8301],[78.5868,10.8289],[78.5764,10.8102],[78.5681,10.8099],[78.5607,10.8126],[78.5546,10.813],[78.5465,10.7985],[78.5462,10.7933],[78.5475,10.7913],[78.5514,10.7894],[78.5578,10.7893],[78.5584,10.7829],[78.5624,10.7819],[78.5691,10.7764],[78.5687,10.7736],[78.5647,10.7717],[78.5647,10.7662],[78.5672,10.7615],[78.5657,10.7564],[78.5681,10.7494],[78.5683,10.7431],[78.5657,10.7355],[78.5553,10.7256],[78.5511,10.7228],[78.5461,10.7218],[78.5423,10.7177],[78.5326,10.7116],[78.5187,10.7096],[78.5176,10.7004],[78.5156,10.6982],[78.5146,10.6935],[78.4912,10.6967],[78.49,10.6993],[78.4745,10.7051],[78.4666,10.7014],[78.4588,10.691],[78.4331,10.6935],[78.4326,10.6887],[78.428,10.6774],[78.4255,10.678],[78.4217,10.674],[78.4166,10.6737],[78.4051,10.6786],[78.4024,10.6822],[78.4043,10.689],[78.4038,10.6933],[78.3923,10.7062],[78.3825,10.715],[78.3729,10.7191],[78.3739,10.7215],[78.3688,10.7252],[78.3606,10.7256],[78.3598,10.7225],[78.3472,10.7217],[78.3412,10.7071],[78.3309,10.7102],[78.3305,10.7055],[78.3267,10.7057],[78.325,10.7084],[78.3193,10.7071],[78.3177,10.7031],[78.2947,10.7036],[78.2909,10.7145],[78.2946,10.7336],[78.2885,10.7358],[78.286,10.7417],[78.2863,10.7461],[78.2834,10.7456],[78.2798,10.708],[78.2768,10.6976],[78.2676,10.6421],[78.2658,10.62],[78.2648,10.6159],[78.2569,10.6068],[78.2613,10.5954],[78.2616,10.5817],[78.2589,10.5754],[78.2466,10.5588],[78.2401,10.555],[78.2235,10.5505],[78.1984,10.5481],[78.1927,10.5425],[78.1723,10.5031],[78.1814,10.5026],[78.1911,10.4977],[78.2036,10.4849],[78.2008,10.483],[78.2085,10.4732],[78.2175,10.4702],[78.2248,10.4641],[78.2357,10.4696],[78.251,10.4638],[78.2557,10.4596],[78.2666,10.4584],[78.2815,10.4532],[78.2973,10.4503],[78.3075,10.4432],[78.3155,10.4396],[78.3146,10.4317],[78.3097,10.4263],[78.3094,10.4145],[78.3071,10.4097],[78.2945,10.403],[78.2893,10.4024],[78.2884,10.3903],[78.2802,10.3885],[78.2786,10.3822],[78.282,10.3711],[78.2869,10.3692],[78.292,10.3616],[78.2968,10.3601],[78.3055,10.3517],[78.3186,10.3494],[78.325,10.3394],[78.3302,10.337],[78.3353,10.3321],[78.3382,10.3269],[78.3371,10.3124],[78.3346,10.3012],[78.3657,10.2946],[78.3689,10.2995],[78.3738,10.3001],[78.3722,10.3088],[78.3811,10.3103],[78.3859,10.3154],[78.3919,10.317],[78.3943,10.3244],[78.3969,10.3248],[78.4031,10.3393],[78.4051,10.3387],[78.4082,10.3426],[78.4085,10.3414],[78.4118,10.3434],[78.4273,10.3581],[78.4257,10.3633],[78.4375,10.3638],[78.448,10.3728],[78.4468,10.375],[78.4402,10.3771],[78.4353,10.3816],[78.4379,10.3979],[78.447,10.4082],[78.4581,10.4084],[78.4637,10.4069],[78.4916,10.3955],[78.4918,10.3898],[78.4997,10.3876],[78.508,10.3879],[78.5082,10.3762],[78.514,10.3717],[78.5175,10.3717],[78.518,10.3754],[78.5234,10.3769],[78.5273,10.3821],[78.5308,10.3954],[78.5301,10.4011],[78.5189,10.407],[78.5183,10.4154],[78.5197,10.423],[78.5218,10.4312],[78.5252,10.4372],[78.5346,10.4347],[78.5535,10.4336],[78.5533,10.427],[78.5569,10.4265],[78.5579,10.4287],[78.5646,10.428],[78.5649,10.4302],[78.5626,10.4319],[78.5655,10.4385],[78.5657,10.4434],[78.5728,10.4435],[78.576,10.4454],[78.5821,10.4428],[78.5848,10.4438],[78.584,10.4549],[78.5886,10.457],[78.5875,10.4636],[78.59,10.4658],[78.5898,10.4748],[78.5869,10.4771],[78.5864,10.48],[78.5713,10.4887],[78.5809,10.5077],[78.5829,10.5219],[78.5812,10.5228],[78.5742,10.5177],[78.57,10.5185],[78.5693,10.5158],[78.5622,10.5146],[78.5544,10.5152],[78.5507,10.5162],[78.5464,10.5299],[78.5398,10.5305],[78.5375,10.529],[78.535,10.5149],[78.5407,10.514],[78.541,10.5102],[78.5438,10.508],[78.5412,10.5026],[78.538,10.4996],[78.5377,10.496],[78.5345,10.4944],[78.5304,10.4897],[78.53,10.4869],[78.5224,10.4832],[78.5111,10.483],[78.4989,10.4855],[78.4976,10.5087],[78.4857,10.5122],[78.4909,10.5272],[78.4834,10.5406],[78.4652,10.5434],[78.4669,10.5469],[78.4652,10.5589],[78.4634,10.5605],[78.4652,10.575],[78.4578,10.5802],[78.4592,10.5885],[78.4571,10.5909],[78.4524,10.5925],[78.4537,10.5992],[78.4502,10.6021],[78.4513,10.6062],[78.4571,10.6082],[78.459,10.6111],[78.4584,10.6154],[78.4599,10.6178],[78.4656,10.6182],[78.47,10.6268],[78.4724,10.6277],[78.4744,10.6318],[78.4846,10.6386],[78.5289,10.6285],[78.5298,10.6431],[78.528,10.6464],[78.5198,10.6516],[78.5199,10.6601],[78.5225,10.6614],[78.5221,10.6634],[78.5192,10.665],[78.5194,10.6665],[78.5262,10.6744],[78.5297,10.6708],[78.5352,10.6707],[78.536,10.6767],[78.5454,10.6749],[78.548,10.676],[78.5532,10.687],[78.5586,10.686],[78.57,10.6801],[78.5681,10.6733],[78.5679,10.6611],[78.5763,10.6611],[78.5824,10.6573],[78.5879,10.6584],[78.5961,10.6578],[78.6055,10.6729],[78.6144,10.682],[78.6203,10.6763],[78.6233,10.6768],[78.625,10.6822],[78.6253,10.6969],[78.6301,10.7054],[78.6375,10.7078],[78.6492,10.7036],[78.6595,10.7036],[78.6538,10.6809],[78.6566,10.6745],[78.6542,10.6613],[78.6548,10.6572],[78.6601,10.6548],[78.6638,10.6549],[78.667,10.6592],[78.6686,10.6734],[78.6795,10.6697],[78.6835,10.6701],[78.6838,10.6869],[78.6886,10.6893],[78.6876,10.693],[78.6935,10.6953],[78.6971,10.7024],[78.6964,10.7053],[78.6919,10.7077],[78.692,10.7176],[78.6885,10.7283],[78.6896,10.7328],[78.7064,10.7322],[78.7088,10.7308],[78.7101,10.7223],[78.7156,10.7216],[78.721,10.7157],[78.7246,10.714],[78.7374,10.712],[78.7429,10.7092],[78.7441,10.705],[78.7426,10.699],[78.7469,10.6974],[78.747,10.6879],[78.7455,10.6852],[78.7412,10.6837],[78.7389,10.6808],[78.7372,10.6714],[78.7424,10.6617],[78.7464,10.6597],[78.7596,10.6606],[78.7599,10.6643],[78.7664,10.6659],[78.7737,10.666],[78.7795,10.6641],[78.7981,10.6646],[78.8016,10.6719],[78.8,10.6765],[78.8009,10.6799],[78.8051,10.6803],[78.8063,10.678],[78.8036,10.6767],[78.8042,10.6741],[78.8106,10.6725],[78.8151,10.6838],[78.8208,10.6879],[78.8213,10.6944],[78.83,10.6943],[78.8383,10.6924],[78.848,10.6929],[78.8493,10.6907],[78.8609,10.6913],[78.8648,10.6886],[78.8734,10.6889],[78.8719,10.7072],[78.8688,10.7151],[78.8657,10.7354],[78.8691,10.7378],[78.8701,10.742],[78.8686,10.7598],[78.8738,10.7632],[78.8756,10.7763],[78.8809,10.7796],[78.8793,10.7886],[78.8706,10.7869],[78.869,10.798],[78.8701,10.8034],[78.8645,10.8029],[78.8654,10.8121],[78.8716,10.816],[78.8681,10.8266],[78.8159,10.8243],[78.8056,10.8256],[78.801,10.8241],[78.7943,10.8253],[78.7877,10.8284],[78.7792,10.8267],[78.7787,10.8329],[78.7979,10.8382],[78.8189,10.8372],[78.8559,10.8448],[78.8824,10.8546],[78.9203,10.8656],[78.9354,10.8728],[78.9415,10.8794],[78.9384,10.8822],[78.9444,10.8886],[78.9607,10.8933],[78.9653,10.8893],[79.0003,10.8934],[79.0079,10.8906],[79.0044,10.9107],[79.0003,10.9214],[78.9904,10.9275],[78.9869,10.9275],[78.9847,10.9234],[78.9815,10.9222],[78.9782,10.9295],[78.9802,10.9346],[78.9666,10.9496],[78.9538,10.9498],[78.9507,10.9533],[78.9396,10.9595],[78.9394,10.9631],[78.9494,10.9666],[78.9535,10.9706],[78.9664,10.9693],[78.9731,10.9667],[78.9783,10.9671],[78.9793,10.9746],[78.9864,10.9774],[78.9849,10.9914],[78.9873,10.9949],[78.9883,11.0013],[78.992,10.9975],[78.995,10.998],[79.01,11.0085],[79.0153,11.0095],[79.0128,11.0167],[79.0124,11.0416],[79.0095,11.0439],[79.0094,11.058]]]]}},{"type":"Feature","properties":{"kind":"district","name":"Tiruppur"},"geometry":{"type":"MultiPolygon","coordinates":[[[[77.2896,10.231],[77.2976,10.2522],[77.2994,10.2522],[77.3028,10.2484],[77.3041,10.2437],[77.3097,10.2452],[77.3263,10.2636],[77.3262,10.2732],[77.3437,10.2619],[77.3453,10.2641],[77.3485,10.2639],[77.3511,10.2771],[77.3489,10.2813],[77.3474,10.2907],[77.3457,10.2945],[77.3429,10.2946],[77.3427,10.3007],[77.3399,10.3045],[77.33,10.3105],[77.3298,10.3153],[77.3268,10.3204],[77.3279,10.326],[77.3346,10.3334],[77.331,10.3356],[77.3305,10.3415],[77.3352,10.3479],[77.3367,10.3546],[77.3156,10.3565],[77.3144,10.3633],[77.3157,10.3905],[77.3216,10.4224],[77.3238,10.4279],[77.3215,10.4354],[77.3278,10.4351],[77.3278,10.437],[77.3256,10.4378],[77.327,10.4401],[77.3251,10.4415],[77.3272,10.4448],[77.3248,10.447],[77.3253,10.4509],[77.3342,10.4565],[77.3414,10.4548],[77.3442,10.4554],[77.3479,10.4496],[77.3537,10.4469],[77.3856,10.4505],[77.3843,10.4623],[77.3866,10.464],[77.3853,10.4796],[77.3841,10.484],[77.3804,10.4881],[77.381,10.4922],[77.3838,10.4958],[77.3906,10.4972],[77.3933,10.4955],[77.3973,10.5004],[77.4013,10.4995],[77.4057,10.5234],[77.3787,10.5261],[77.3769,10.5307],[77.3724,10.5333],[77.3702,10.5364],[77.3684,10.5446],[77.3698,10.549],[77.3752,10.5536],[77.3805,10.5748],[77.3849,10.5822],[77.3856,10.5919],[77.3883,10.5964],[77.3956,10.5984],[77.3949,10.6046],[77.4024,10.6125],[77.4142,10.6176],[77.4181,10.6264],[77.4283,10.6289],[77.4334,10.6326],[77.4414,10.6291],[77.4478,10.6298],[77.4513,10.6366],[77.4558,10.6412],[77.4755,10.645],[77.4783,10.6493],[77.4823,10.6502],[77.4862,10.6473],[77.4908,10.6474],[77.5021,10.6434],[77.5044,10.6343],[77.5108,10.626],[77.5096,10.621],[77.5156,10.6162],[77.5173,10.6121],[77.5088,10.6128],[77.5081,10.6084],[77.5103,10.6067],[77.5231,10.6065],[77.5276,10.609],[77.5336,10.6063],[77.5406,10.6081],[77.5443,10.6131],[77.5462,10.6245],[77.5484,10.6279],[77.5492,10.6355],[77.5729,10.6585],[77.5757,10.6661],[77.5839,10.6765],[77.5808,10.6782],[77.5858,10.6834],[77.5899,10.682],[77.5972,10.6759],[77.6132,10.6741],[77.631,10.6697],[77.6406,10.6688],[77.6565,10.6748],[77.6652,10.7159],[77.6696,10.7178],[77.6715,10.7211],[77.6893,10.7308],[77.6901,10.7347],[77.6972,10.734],[77.7027,10.7312],[77.7072,10.7193],[77.7092,10.7086],[77.7064,10.702],[77.7066,10.6973],[77.7075,10.6926],[77.7103,10.6882],[77.7094,10.684],[77.7053,10.6776],[77.7023,10.6766],[77.7021,10.6684],[77.6999,10.6662],[77.702,10.6597],[77.7153,10.6422],[77.7233,10.6424],[77.7194,10.6369],[77.7203,10.6331],[77.7244,10.6312],[77.7304,10.6311],[77.744,10.6383],[77.7564,10.651],[77.753,10.6647],[77.7536,10.6687],[77.7561,10.6715],[77.7628,10.6713],[77.7676,10.6768],[77.7684,10.6799],[77.7827,10.6849],[77.7896,10.6856],[77.8098,10.6802],[77.8088,10.695],[77.8134,10.7026],[77.8234,10.7124],[77.8248,10.7161],[77.8213,10.7328],[77.8251,10.7516],[77.8126,10.758],[77.8022,10.7551],[77.7977,10.7516],[77.7946,10.7565],[77.7831,10.7588],[77.7808,10.7661],[77.7692,10.7668],[77.7769,10.7902],[77.7936,10.7898],[77.7946,10.7943],[77.8015,10.8061],[77.812,10.8044],[77.8113,10.7994],[77.8141,10.7962],[77.826,10.7965],[77.8276,10.7922],[77.8333,10.7898],[77.834,10.7869],[77.8485,10.7839],[77.858,10.7802],[77.8629,10.7753],[77.8692,10.772],[77.8709,10.7763],[77.8846,10.7738],[77.8911,10.7744],[77.8918,10.783],[77.8912,10.7898],[77.8895,10.7925],[77.8851,10.789],[77.8759,10.7887],[77.8706,10.7936],[77.8677,10.7989],[77.8695,10.8038],[77.8751,10.8084],[77.8742,10.823],[77.8693,10.823],[77.8686,10.829],[77.8698,10.8329],[77.8732,10.8336],[77.8695,10.8402],[77.8631,10.8462],[77.8595,10.848],[77.8448,10.8367],[77.8395,10.8336],[77.835,10.8338],[77.8305,10.8357],[77.8264,10.8405],[77.8171,10.8562],[77.8072,10.8562],[77.8064,10.8598],[77.799,10.864],[77.7902,10.8826],[77.7881,10.8827],[77.7856,10.875],[77.7799,10.8681],[77.7758,10.8676],[77.7729,10.8717],[77.7722,10.8896],[77.7684,10.8946],[77.7639,10.8971],[77.7609,10.9007],[77.7602,10.9078],[77.7613,10.9233],[77.7651,10.931],[77.7697,10.9562],[77.7672,10.964],[77.7532,10.9643],[77.7504,10.9758],[77.7514,10.9805],[77.7591,10.9786],[77.762,10.985],[77.7798,10.9955],[77.7871,11.0149],[77.7916,11.0314],[77.7812,11.0388],[77.7801,11.0509],[77.7769,11.0555],[77.7728,11.0586],[77.7712,11.0625],[77.7627,11.0679],[77.7559,11.0756],[77.7453,11.0827],[77.7439,11.0855],[77.7389,11.0861],[77.7363,11.0837],[77.7361,11.077],[77.7203,11.0767],[77.7184,11.079],[77.7166,11.0877],[77.7072,11.095],[77.687,11.0993],[77.6783,11.0988],[77.6684,11.1023],[77.6591,11.1106],[77.6528,11.1109],[77.6463,11.1181],[77.6271,11.1214],[77.6237,11.1201],[77.6158,11.1098],[77.6116,11.1093],[77.6094,11.1067],[77.6069,11.1064],[77.595,11.1144],[77.5845,11.1126],[77.5789,11.1149],[77.5728,11.1073],[77.571,11.1016],[77.5675,11.1022],[77.564,11.1068],[77.5588,11.106],[77.5541,11.1022],[77.5508,11.1042],[77.5494,11.1077],[77.5437,11.1063],[77.5183,11.1078],[77.5108,11.1092],[77.5036,11.1131],[77.5076,11.1259],[77.5063,11.1308],[77.4978,11.1404],[77.5009,11.1467],[77.4964,11.1472],[77.4955,11.1447],[77.4918,11.1438],[77.485,11.1439],[77.4842,11.1451],[77.4855,11.1539],[77.4882,11.1585],[77.4748,11.1595],[77.472,11.1634],[77.4722,11.1661],[77.4755,11.1682],[77.4758,11.1727],[77.4781,11.1775],[77.4834,11.1751],[77.4879,11.1756],[77.4899,11.1739],[77.5097,11.176],[77.5165,11.1753],[77.5188,11.1895],[77.5217,11.1972],[77.519,11.2045],[77.5002,11.2079],[77.4999,11.2111],[77.5044,11.2124],[77.5054,11.2142],[77.5003,11.2168],[77.5004,11.2191],[77.4921,11.2176],[77.4937,11.2333],[77.4884,11.2334],[77.4867,11.2362],[77.4847,11.2336],[77.4828,11.2365],[77.4751,11.2396],[77.4737,11.2438],[77.4708,11.2442],[77.4723,11.2494],[77.4714,11.2549],[77.4758,11.2621],[77.4751,11.2674],[77.472,11.2739],[77.4736,11.2782],[77.4712,11.2777],[77.4699,11.2801],[77.4706,11.2827],[77.4656,11.2863],[77.4666,11.2893],[77.4653,11.2949],[77.4674,11.2954],[77.4692,11.2937],[77.47,11.2957],[77.4672,11.2976],[77.4658,11.3052],[77.4601,11.3109],[77.4597,11.3084],[77.4557,11.3098],[77.4502,11.3048],[77.4408,11.313],[77.4268,11.3166],[77.4252,11.3121],[77.42,11.3095],[77.4172,11.3098],[77.4097,11.314],[77.4079,11.3132],[77.4007,11.316],[77.3959,11.3199],[77.3878,11.3219],[77.3875,11.3242],[77.38,11.3329],[77.3802,11.3372],[77.3754,11.3356],[77.3689,11.3379],[77.3641,11.3376],[77.3682,11.325],[77.3671,11.3188],[77.3651,11.3168],[77.3449,11.3148],[77.3327,11.3154],[77.3342,11.3103],[77.3455,11.2965],[77.3477,11.2877],[77.3417,11.2712],[77.3379,11.2683],[77.3324,11.2562],[77.3039,11.2665],[77.2975,11.272],[77.3115,11.2759],[77.3137,11.2795],[77.3068,11.2828],[77.2905,11.2866],[77.2861,11.2896],[77.2883,11.3042],[77.2851,11.316],[77.2871,11.322],[77.2928,11.3291],[77.2855,11.3349],[77.2839,11.3378],[77.2844,11.341],[77.2799,11.3406],[77.2808,11.334],[77.2797,11.3314],[77.269,11.3231],[77.2673,11.3186],[77.2649,11.318],[77.263,11.314],[77.2605,11.3155],[77.2534,11.3093],[77.2514,11.3147],[77.2534,11.323],[77.2485,11.3273],[77.2455,11.3233],[77.2417,11.3232],[77.2393,11.3127],[77.2421,11.3024],[77.2176,11.2972],[77.2024,11.2981],[77.2006,11.3023],[77.2011,11.3079],[77.2078,11.3057],[77.219,11.3048],[77.2209,11.3116],[77.2277,11.3141],[77.2321,11.3136],[77.2348,11.3147],[77.2373,11.3265],[77.2348,11.3275],[77.2321,11.3339],[77.2217,11.3335],[77.2208,11.3381],[77.2314,11.3498],[77.2254,11.3511],[77.2187,11.3502],[77.2077,11.3469],[77.199,11.3422],[77.1966,11.3428],[77.1964,11.3343],[77.1879,11.3386],[77.1771,11.3399],[77.1749,11.33],[77.1792,11.3302],[77.1806,11.3219],[77.1836,11.3208],[77.1813,11.3138],[77.1668,11.3146],[77.1604,11.3285],[77.1503,11.334],[77.1508,11.3314],[77.1547,11.327],[77.1535,11.3235],[77.1552,11.3194],[77.1538,11.3176],[77.1531,11.3089],[77.1444,11.3115],[77.1281,11.3116],[77.1244,11.3095],[77.1224,11.2992],[77.1252,11.2939],[77.1325,11.2893],[77.1441,11.2869],[77.1452,11.29],[77.1478,11.2875],[77.1487,11.2898],[77.1516,11.2901],[77.1545,11.2839],[77.158,11.2822],[77.1603,11.2828],[77.1608,11.2812],[77.166,11.2817],[77.1654,11.2842],[77.1666,11.2856],[77.1736,11.2853],[77.1707,11.2738],[77.1702,11.2498],[77.1697,11.2481],[77.1646,11.2469],[77.1629,11.2344],[77.1606,11.2334],[77.1565,11.226],[77.152,11.2222],[77.1504,11.2106],[77.1505,11.2089],[77.1529,11.207],[77.1528,11.2044],[77.157,11.205],[77.1624,11.2022],[77.1636,11.1976],[77.1638,11.1741],[77.165,11.1717],[77.1755,11.1717],[77.1828,11.1652],[77.1777,11.1584],[77.1793,11.1535],[77.1777,11.1426],[77.1846,11.1424],[77.1876,11.1535],[77.1904,11.1538],[77.1949,11.1517],[77.1987,11.1475],[77.2026,11.1476],[77.2047,11.1442],[77.2117,11.1415],[77.2146,11.1309],[77.2242,11.1274],[77.2313,11.1294],[77.2344,11.1401],[77.2361,11.1415],[77.2396,11.1408],[77.2425,11.1396],[77.2498,11.1318],[77.2537,11.1229],[77.2571,11.1212],[77.2635,11.1102],[77.2632,11.1088],[77.2557,11.1104],[77.241,11.1095],[77.2388,11.1067],[77.2254,11.0994],[77.2036,11.0916],[77.1956,11.083],[77.1844,11.0791],[77.1662,11.0681],[77.1653,11.0613],[77.1726,11.054],[77.1752,11.0482],[77.1775,11.0361],[77.1743,11.0258],[77.1744,11.0182],[77.1707,11.0124],[77.1651,11.0083],[77.1611,11.0005],[77.1557,10.9994],[77.1556,10.9968],[77.1681,10.9706],[77.169,10.9625],[77.171,10.9613],[77.1727,10.9508],[77.1762,10.9473],[77.1768,10.9447],[77.1751,10.9423],[77.1796,10.9253],[77.1861,10.9275],[77.1905,10.9248],[77.1995,10.9241],[77.2012,10.919],[77.1995,10.9168],[77.2027,10.9154],[77.2041,10.9115],[77.2108,10.9119],[77.2148,10.9109],[77.2178,10.9083],[77.2288,10.9117],[77.2459,10.9061],[77.256,10.901],[77.2604,10.8855],[77.2621,10.8662],[77.278,10.8566],[77.2906,10.8549],[77.2895,10.8501],[77.2901,10.8382],[77.2917,10.8354],[77.2908,10.8323],[77.2914,10.8294],[77.2967,10.8248],[77.2966,10.8214],[77.2995,10.8147],[77.2945,10.8117],[77.2898,10.8137],[77.2849,10.8069],[77.278,10.8028],[77.2752,10.7887],[77.2717,10.7864],[77.258,10.7797],[77.2392,10.7769],[77.2266,10.7782],[77.2096,10.7874],[77.2082,10.7899],[77.2085,10.7944],[77.2146,10.8022],[77.2146,10.8039],[77.2129,10.8047],[77.2,10.8024],[77.1894,10.803],[77.18,10.7991],[77.1714,10.8006],[77.1698,10.8025],[77.1588,10.7905],[77.1515,10.7694],[77.1393,10.7614],[77.1341,10.7555],[77.1411,10.7011],[77.1417,10.6878],[77.1405,10.678],[77.1417,10.668],[77.1461,10.6584],[77.1518,10.6518],[77.1644,10.6457],[77.1772,10.6437],[77.1794,10.6422],[77.1708,10.6106],[77.1698,10.5966],[77.166,10.5896],[77.1556,10.5848],[77.1496,10.5839],[77.1066,10.5877],[77.0916,10.5854],[77.0783,10.5604],[77.0756,10.5506],[77.0751,10.541],[77.078,10.5058],[77.0659,10.4798],[77.0656,10.4724],[77.0665,10.4688],[77.0739,10.4617],[77.0738,10.4558],[77.0598,10.4452],[77.0493,10.4306],[77.0478,10.4261],[77.0492,10.4155],[77.0535,10.4094],[77.0756,10.3926],[77.093,10.3754],[77.095,10.3679],[77.095,10.3596],[77.0874,10.3357],[77.0872,10.3308],[77.0889,10.3246],[77.0956,10.3133],[77.0957,10.3096],[77.1062,10.3143],[77.1148,10.3145],[77.1283,10.3206],[77.1334,10.3256],[77.1482,10.3338],[77.1623,10.3442],[77.1771,10.3564],[77.1956,10.3534],[77.2032,10.3564],[77.2096,10.3528],[77.2365,10.3506],[77.2368,10.3389],[77.2327,10.3323],[77.2289,10.3161],[77.2316,10.3083],[77.2353,10.3064],[77.2464,10.2876],[77.2652,10.2641],[77.2599,10.259],[77.2594,10.2556],[77.2612,10.231],[77.2659,10.2348],[77.2689,10.2337],[77.2703,10.2359],[77.2735,10.2343],[77.281,10.2355],[77.2847,10.2348],[77.2896,10.231]]]]}},{"type":"Feature","properties":{"kind":"district","name":"Theni"},"geometry":{"type":"MultiPolygon","coordinates":[[[[77.4037,9.5274],[77.4247,9.5408],[77.4296,9.5475],[77.4426,9.5468],[77.447,9.545],[77.4493,9.5464],[77.458,9.5409],[77.4644,9.5463],[77.4778,9.5505],[77.4802,9.5528],[77.4784,9.5608],[77.479,9.564],[77.4762,9.571],[77.465,9.5802],[77.4742,9.5938],[77.4875,9.6077],[77.4883,9.6149],[77.5066,9.6377],[77.5042,9.644],[77.5057,9.6508],[77.5121,9.6534],[77.5205,9.6601],[77.5266,9.662],[77.5311,9.6711],[77.5374,9.6774],[77.5425,9.6946],[77.5447,9.6937],[77.5478,9.6994],[77.5466,9.7055],[77.5701,9.7491],[77.5804,9.7571],[77.601,9.778],[77.608,9.7953],[77.6192,9.8083],[77.6254,9.8238],[77.6285,9.8372],[77.6262,9.8389],[77.6208,9.8374],[77.619,9.839],[77.6202,9.8567],[77.6232,9.8647],[77.6373,9.8739],[77.6503,9.892],[77.6501,9.9028],[77.6512,9.9064],[77.6549,9.9104],[77.658,9.9198],[77.6671,9.9164],[77.6686,9.913],[77.6767,9.9261],[77.6813,9.9357],[77.675,9.9608],[77.6836,9.9702],[77.6938,9.969],[77.6977,10.0016],[77.6997,10.0077],[77.6989,10.0142],[77.7024,10.0144],[77.7031,10.0172],[77.7075,10.0181],[77.7116,10.0215],[77.7128,10.0324],[77.7068,10.0357],[77.7073,10.041],[77.7124,10.0436],[77.714,10.0463],[77.7105,10.0487],[77.7108,10.0575],[77.7086,10.0709],[77.7102,10.0798],[77.7085,10.0825],[77.7,10.087],[77.7012,10.104],[77.6958,10.1102],[77.6897,10.1139],[77.6756,10.1177],[77.6757,10.1209],[77.6676,10.1228],[77.6705,10.1257],[77.6754,10.1271],[77.6741,10.1455],[77.6917,10.1458],[77.6929,10.1414],[77.6967,10.1372],[77.7015,10.1363],[77.7096,10.1297],[77.7143,10.1289],[77.7171,10.1299],[77.722,10.1343],[77.7276,10.1302],[77.7301,10.1326],[77.7244,10.1407],[77.7253,10.1549],[77.7296,10.1568],[77.7287,10.1602],[77.7233,10.1623],[77.7228,10.1666],[77.7173,10.1682],[77.706,10.1814],[77.7015,10.1914],[77.702,10.1962],[77.7059,10.1984],[77.7034,10.2017],[77.706,10.2025],[77.7068,10.2052],[77.7101,10.2077],[77.7035,10.2151],[77.7024,10.2093],[77.6981,10.2073],[77.6986,10.2034],[77.6952,10.199],[77.6923,10.1973],[77.6857,10.2017],[77.6828,10.199],[77.68,10.1997],[77.6784,10.1977],[77.6708,10.197],[77.6682,10.1912],[77.6657,10.1899],[77.6592,10.1904],[77.6546,10.1958],[77.6503,10.1969],[77.6495,10.1992],[77.6461,10.2013],[77.6444,10.2055],[77.641,10.2036],[77.637,10.2074],[77.6316,10.2071],[77.6307,10.2101],[77.6248,10.2117],[77.6234,10.2165],[77.6168,10.2124],[77.6121,10.2131],[77.6053,10.205],[77.596,10.2044],[77.595,10.2024],[77.6025,10.1999],[77.5968,10.1935],[77.5934,10.1908],[77.5912,10.1943],[77.5889,10.1944],[77.5881,10.1916],[77.5813,10.1892],[77.5755,10.1855],[77.5727,10.1815],[77.5691,10.1808],[77.5675,10.1901],[77.5687,10.1926],[77.5628,10.1981],[77.5584,10.1976],[77.5548,10.1988],[77.5519,10.2008],[77.5508,10.2041],[77.5483,10.2042],[77.5465,10.1994],[77.5504,10.1949],[77.5517,10.1907],[77.5449,10.1928],[77.5448,10.1897],[77.5473,10.1869],[77.5466,10.1816],[77.5428,10.1831],[77.5384,10.1877],[77.5373,10.18],[77.5246,10.1755],[77.5273,10.174],[77.5138,10.1608],[77.5058,10.1596],[77.501,10.1616],[77.4901,10.1469],[77.4869,10.1487],[77.4851,10.1523],[77.4816,10.1513],[77.4816,10.1482],[77.475,10.1457],[77.4722,10.1427],[77.4687,10.1444],[77.4671,10.1416],[77.4701,10.1375],[77.4653,10.1288],[77.4492,10.134],[77.4377,10.1318],[77.4246,10.1367],[77.4116,10.144],[77.4085,10.1553],[77.3951,10.16],[77.3935,10.1552],[77.3876,10.148],[77.3725,10.1377],[77.3666,10.146],[77.3625,10.1482],[77.3532,10.1449],[77.344,10.1335],[77.3353,10.1388],[77.3311,10.1396],[77.326,10.1303],[77.3256,10.1264],[77.3147,10.1353],[77.3048,10.1363],[77.2997,10.1336],[77.291,10.1244],[77.2873,10.1259],[77.2848,10.1251],[77.2838,10.1173],[77.2752,10.1182],[77.2683,10.1218],[77.2548,10.1245],[77.2454,10.1305],[77.24,10.1288],[77.2336,10.1216],[77.2209,10.1163],[77.2182,10.1139],[77.2127,10.1167],[77.2094,10.1165],[77.203,10.1059],[77.2056,10.0914],[77.2101,10.0838],[77.2194,10.0788],[77.228,10.0688],[77.2332,10.0672],[77.2396,10.0559],[77.2522,10.0456],[77.2575,10.0365],[77.2633,10.0306],[77.2642,10.0262],[77.2559,10.0132],[77.2561,10.0105],[77.263,10.0052],[77.2632,10.0015],[77.2605,9.9966],[77.2621,9.9919],[77.2661,9.9918],[77.2641,9.9878],[77.2652,9.9832],[77.2768,9.9741],[77.2744,9.9638],[77.2653,9.9529],[77.2556,9.9534],[77.252,9.9517],[77.2513,9.9537],[77.2501,9.9532],[77.2499,9.9484],[77.2373,9.9331],[77.2323,9.916],[77.2199,9.9046],[77.222,9.888],[77.2182,9.885],[77.2146,9.8762],[77.2247,9.864],[77.2288,9.8623],[77.2339,9.8638],[77.2393,9.8593],[77.2394,9.8533],[77.2294,9.8488],[77.229,9.8432],[77.2307,9.8411],[77.2246,9.8248],[77.228,9.8232],[77.2347,9.8235],[77.2352,9.8191],[77.2428,9.8166],[77.2486,9.8076],[77.2478,9.8047],[77.2498,9.7988],[77.2425,9.797],[77.2383,9.7921],[77.2256,9.7902],[77.2265,9.7766],[77.2344,9.7703],[77.2282,9.7657],[77.2272,9.7555],[77.2219,9.7477],[77.2241,9.7319],[77.2158,9.7275],[77.2058,9.7257],[77.2067,9.717],[77.2049,9.7077],[77.2076,9.6964],[77.2019,9.6883],[77.2008,9.6816],[77.1982,9.6789],[77.1956,9.6705],[77.1885,9.6663],[77.1891,9.662],[77.1849,9.6617],[77.1817,9.6583],[77.1819,9.648],[77.1767,9.6374],[77.1783,9.6299],[77.1706,9.624],[77.171,9.6184],[77.168,9.6161],[77.1716,9.6116],[77.1834,9.6108],[77.1907,9.6073],[77.1953,9.6116],[77.2001,9.6126],[77.2021,9.6161],[77.2121,9.6144],[77.2128,9.6059],[77.2171,9.6026],[77.2216,9.6025],[77.2249,9.599],[77.2254,9.5946],[77.2392,9.583],[77.2463,9.5862],[77.2553,9.5836],[77.267,9.5757],[77.2715,9.5753],[77.2744,9.5785],[77.2776,9.577],[77.2918,9.587],[77.2915,9.5913],[77.296,9.5905],[77.303,9.5977],[77.3208,9.6035],[77.3256,9.5993],[77.3303,9.6006],[77.3314,9.5991],[77.3274,9.595],[77.3286,9.5886],[77.3264,9.5864],[77.3273,9.5808],[77.3377,9.5779],[77.3415,9.5737],[77.3452,9.5837],[77.3575,9.6056],[77.3678,9.5999],[77.368,9.5986],[77.3659,9.5971],[77.3615,9.5982],[77.3599,9.5954],[77.3576,9.5882],[77.362,9.5778],[77.3604,9.5744],[77.3572,9.5746],[77.3526,9.5674],[77.3548,9.5608],[77.3634,9.5591],[77.3656,9.5568],[77.3674,9.5508],[77.3674,9.5369],[77.3716,9.5345],[77.3779,9.5268],[77.3832,9.5254],[77.3877,9.5193],[77.4037,9.5274]]]]}},{"type":"Feature","properties":{"kind":"district","name":"Salem"},"geometry":{"type":"MultiPolygon","coordinates":[[[[78.6309,11.3382],[78.6438,11.3436],[78.6586,11.3658],[78.6658,11.3732],[78.6604,11.3788],[78.6582,11.3959],[78.6562,11.4006],[78.6518,11.4056],[78.6521,11.4208],[78.6756,11.4261],[78.6886,11.4333],[78.6903,11.4441],[78.6989,11.4503],[78.7006,11.4547],[78.7169,11.4548],[78.7417,11.4485],[78.7462,11.4422],[78.7526,11.4396],[78.758,11.4347],[78.7667,11.4202],[78.7737,11.4131],[78.7734,11.408],[78.7827,11.3997],[78.7866,11.391],[78.7903,11.3863],[78.7935,11.3875],[78.7992,11.3849],[78.8035,11.4008],[78.8076,11.4025],[78.8142,11.4099],[78.8128,11.4119],[78.8227,11.4263],[78.8211,11.4292],[78.8167,11.4313],[78.8184,11.438],[78.7992,11.447],[78.7914,11.4529],[78.7973,11.4603],[78.7983,11.4748],[78.8003,11.4807],[78.809,11.4807],[78.8102,11.4822],[78.8109,11.4934],[78.8133,11.5022],[78.8116,11.5051],[78.8169,11.5086],[78.8337,11.5055],[78.8359,11.5064],[78.8382,11.5154],[78.8454,11.5208],[78.8394,11.5235],[78.8364,11.5267],[78.8363,11.5394],[78.8277,11.543],[78.822,11.5425],[78.8168,11.5456],[78.8172,11.5573],[78.8193,11.5613],[78.8222,11.5627],[78.8264,11.5794],[78.8238,11.5811],[78.822,11.5851],[78.815,11.5896],[78.8081,11.5906],[78.795,11.5953],[78.7952,11.5977],[78.7907,11.5978],[78.7799,11.6048],[78.7792,11.6094],[78.7828,11.6127],[78.7877,11.6122],[78.79,11.6268],[78.7875,11.6343],[78.7882,11.6392],[78.7788,11.6391],[78.7856,11.6464],[78.796,11.6522],[78.7971,11.6551],[78.8042,11.658],[78.8058,11.6605],[78.8048,11.6862],[78.8013,11.6884],[78.7942,11.6899],[78.7823,11.6998],[78.7614,11.6904],[78.7359,11.6874],[78.7304,11.6847],[78.7258,11.685],[78.7194,11.6819],[78.7156,11.6818],[78.7078,11.687],[78.7007,11.6872],[78.6907,11.6842],[78.6839,11.6801],[78.68,11.6759],[78.6784,11.6648],[78.6834,11.6644],[78.679,11.6611],[78.6809,11.6426],[78.6794,11.6409],[78.6606,11.6454],[78.661,11.658],[78.6551,11.659],[78.6479,11.6569],[78.6515,11.6647],[78.651,11.6808],[78.6534,11.7127],[78.6389,11.7192],[78.6394,11.7377],[78.6444,11.751],[78.6415,11.7611],[78.6518,11.7697],[78.6639,11.7769],[78.664,11.7874],[78.6694,11.7952],[78.6738,11.7974],[78.6908,11.7998],[78.6923,11.8079],[78.6912,11.8166],[78.6952,11.8467],[78.687,11.8536],[78.6605,11.8537],[78.6592,11.8592],[78.6518,11.8627],[78.6334,11.8619],[78.6275,11.8647],[78.609,11.8468],[78.6031,11.8318],[78.6053,11.8293],[78.5966,11.8197],[78.5888,11.8165],[78.5759,11.816],[78.5628,11.8084],[78.543,11.8016],[78.5237,11.8108],[78.5133,11.8079],[78.5075,11.8098],[78.5028,11.8093],[78.4919,11.8152],[78.4856,11.8156],[78.4777,11.8137],[78.4752,11.8171],[78.4664,11.8218],[78.4547,11.825],[78.4425,11.8382],[78.439,11.8458],[78.4348,11.8601],[78.4414,11.8658],[78.4381,11.8693],[78.4175,11.8768],[78.4066,11.8737],[78.4042,11.8711],[78.4025,11.8626],[78.3972,11.8575],[78.3895,11.8437],[78.3821,11.825],[78.3766,11.8175],[78.356,11.7937],[78.3446,11.7873],[78.3298,11.7731],[78.3146,11.7804],[78.3308,11.7966],[78.3443,11.8198],[78.3518,11.8348],[78.3497,11.8346],[78.3493,11.8381],[78.3535,11.841],[78.3532,11.8433],[78.3507,11.8434],[78.3498,11.8455],[78.3523,11.8478],[78.3568,11.8608],[78.362,11.8648],[78.3683,11.8777],[78.367,11.8886],[78.375,11.8913],[78.3792,11.8894],[78.3828,11.896],[78.3831,11.9011],[78.3869,11.9109],[78.3795,11.9145],[78.3771,11.9172],[78.3751,11.9163],[78.3699,11.9088],[78.3679,11.908],[78.3668,11.9107],[78.364,11.9119],[78.3607,11.9103],[78.3594,11.9075],[78.3584,11.9093],[78.3546,11.907],[78.3421,11.8934],[78.3373,11.8968],[78.3112,11.8776],[78.3094,11.8787],[78.3122,11.8837],[78.3277,11.8966],[78.325,11.9003],[78.3263,11.906],[78.3318,11.914],[78.3306,11.9219],[78.328,11.9262],[78.3242,11.9247],[78.3217,11.9283],[78.3144,11.9234],[78.3117,11.9195],[78.301,11.917],[78.2999,11.9134],[78.2938,11.9098],[78.2945,11.9029],[78.2874,11.9003],[78.2875,11.907],[78.2844,11.9122],[78.2829,11.9203],[78.2876,11.9201],[78.2982,11.9245],[78.3037,11.9295],[78.3017,11.9313],[78.2984,11.9311],[78.2932,11.9371],[78.2828,11.9446],[78.2788,11.9389],[78.2738,11.9355],[78.2569,11.9362],[78.2545,11.9297],[78.2496,11.9319],[78.2526,11.9482],[78.2514,11.9535],[78.2476,11.9588],[78.2451,11.9658],[78.2359,11.9762],[78.2239,11.9731],[78.2007,11.9704],[78.1853,11.9657],[78.1782,11.9673],[78.174,11.9638],[78.1375,11.9626],[78.1242,11.9534],[78.1205,11.9546],[78.0997,11.9488],[78.0988,11.9458],[78.0953,11.9458],[78.083,11.9396],[78.0816,11.9362],[78.0712,11.9338],[78.0621,11.9361],[78.053,11.9348],[78.0502,11.9325],[78.037,11.929],[78.0293,11.9162],[78.027,11.9149],[78.0208,11.9176],[78.0121,11.9167],[78.0077,11.9114],[78.0036,11.9124],[78.0005,11.9082],[77.9744,11.8937],[77.9607,11.8988],[77.9434,11.8951],[77.9373,11.8986],[77.906,11.901],[77.9,11.9031],[77.8936,11.9086],[77.8894,11.9073],[77.8856,11.9104],[77.877,11.9114],[77.8712,11.91],[77.868,11.9136],[77.8583,11.9059],[77.8528,11.9048],[77.8474,11.8942],[77.8339,11.9018],[77.8101,11.9093],[77.7786,11.9133],[77.763,11.9125],[77.76,11.918],[77.751,11.9272],[77.7472,11.9264],[77.7449,11.9281],[77.7403,11.9334],[77.7388,11.9381],[77.7011,11.9416],[77.6937,11.9405],[77.6765,11.9504],[77.6822,11.9237],[77.6827,11.9112],[77.6811,11.9033],[77.6864,11.8887],[77.6857,11.8756],[77.6636,11.8762],[77.6607,11.846],[77.65,11.8215],[77.6505,11.8153],[77.654,11.8129],[77.661,11.812],[77.6661,11.8134],[77.6695,11.8221],[77.6846,11.8182],[77.7111,11.8082],[77.7119,11.7971],[77.7232,11.7932],[77.7195,11.7794],[77.7104,11.7652],[77.7085,11.753],[77.7034,11.7465],[77.7001,11.7384],[77.6989,11.7236],[77.6932,11.7176],[77.6948,11.7036],[77.6924,11.6992],[77.6917,11.6922],[77.6998,11.6899],[77.6916,11.6601],[77.6925,11.6462],[77.7037,11.6332],[77.708,11.6341],[77.7175,11.6401],[77.7157,11.6489],[77.7238,11.6513],[77.7271,11.6499],[77.7345,11.6545],[77.745,11.6542],[77.7507,11.6598],[77.7686,11.6924],[77.7718,11.6957],[77.775,11.696],[77.7771,11.6939],[77.7739,11.6838],[77.7694,11.6765],[77.7692,11.6705],[77.7646,11.6581],[77.7627,11.6466],[77.7528,11.6329],[77.7481,11.6193],[77.7406,11.6102],[77.7343,11.6102],[77.73,11.6073],[77.7245,11.6072],[77.7249,11.5976],[77.7288,11.5965],[77.7341,11.5976],[77.7307,11.5945],[77.7315,11.592],[77.7345,11.5921],[77.7385,11.5968],[77.7403,11.5949],[77.7405,11.5883],[77.7478,11.5652],[77.7289,11.5413],[77.7271,11.5353],[77.7266,11.5293],[77.7312,11.5226],[77.7342,11.512],[77.7298,11.5052],[77.704,11.4841],[77.6978,11.469],[77.6969,11.4596],[77.7105,11.4643],[77.7138,11.4599],[77.7094,11.4503],[77.7158,11.4483],[77.7226,11.4534],[77.7335,11.4433],[77.7398,11.4423],[77.7599,11.4501],[77.7665,11.4678],[77.7681,11.4769],[77.7704,11.48],[77.7826,11.4774],[77.7872,11.4741],[77.789,11.4691],[77.7952,11.4648],[77.7948,11.4632],[77.7874,11.4581],[77.787,11.45],[77.7961,11.4465],[77.8003,11.4476],[77.806,11.4468],[77.8074,11.4568],[77.8169,11.4541],[77.8169,11.4586],[77.8212,11.4614],[77.8195,11.4636],[77.82,11.4654],[77.8308,11.4657],[77.8353,11.4533],[77.8229,11.4453],[77.8241,11.441],[77.8286,11.441],[77.8318,11.4387],[77.8378,11.4385],[77.847,11.4346],[77.8488,11.4312],[77.8473,11.421],[77.8571,11.41],[77.8662,11.4182],[77.8665,11.4125],[77.8697,11.4129],[77.8742,11.4098],[77.8788,11.4148],[77.8795,11.421],[77.888,11.4221],[77.8917,11.4202],[77.8941,11.416],[77.902,11.4191],[77.9128,11.4314],[77.9134,11.4516],[77.9236,11.453],[77.9273,11.4598],[77.9408,11.4585],[77.9491,11.4698],[77.9673,11.4673],[77.9734,11.4686],[77.9748,11.4729],[77.9735,11.483],[77.9744,11.4917],[77.9778,11.5009],[77.9756,11.5167],[77.9773,11.5235],[77.9824,11.5274],[78.003,11.5216],[78.0191,11.5284],[78.0239,11.5251],[78.0274,11.5276],[78.0336,11.528],[78.0327,11.5234],[78.034,11.519],[78.0394,11.5176],[78.0393,11.5199],[78.0477,11.5162],[78.0461,11.5126],[78.0586,11.5127],[78.0615,11.5138],[78.0568,11.5164],[78.0626,11.5148],[78.069,11.5211],[78.0736,11.5204],[78.0791,11.5221],[78.077,11.5342],[78.0776,11.5394],[78.0844,11.5527],[78.088,11.5526],[78.0875,11.5436],[78.096,11.5444],[78.1045,11.5539],[78.1099,11.5536],[78.1114,11.5485],[78.1211,11.5375],[78.1264,11.5395],[78.1291,11.5357],[78.1323,11.537],[78.1335,11.5417],[78.1393,11.5412],[78.1476,11.5372],[78.16,11.5364],[78.1608,11.5401],[78.1644,11.5387],[78.1656,11.5443],[78.1686,11.5463],[78.1721,11.5442],[78.1762,11.5448],[78.1784,11.5485],[78.2029,11.5505],[78.208,11.5619],[78.2302,11.5579],[78.2461,11.5528],[78.2675,11.5576],[78.2804,11.5629],[78.2597,11.5674],[78.2596,11.5713],[78.2676,11.5796],[78.2874,11.588],[78.297,11.5907],[78.3075,11.5918],[78.3146,11.5872],[78.3146,11.5839],[78.3215,11.582],[78.3195,11.5727],[78.309,11.5736],[78.3069,11.5648],[78.3082,11.5627],[78.324,11.5592],[78.3296,11.5564],[78.3247,11.5492],[78.3253,11.5444],[78.3241,11.5418],[78.3133,11.5406],[78.3138,11.5378],[78.3278,11.5342],[78.3321,11.5312],[78.3393,11.5364],[78.3457,11.5367],[78.3472,11.542],[78.3457,11.5465],[78.3492,11.5511],[78.3585,11.5575],[78.3565,11.5613],[78.3643,11.5688],[78.3683,11.5753],[78.3739,11.5765],[78.3757,11.5852],[78.3787,11.5841],[78.3766,11.5749],[78.3838,11.5739],[78.3875,11.5835],[78.4186,11.5873],[78.4299,11.5902],[78.4355,11.5941],[78.4527,11.5945],[78.4506,11.5626],[78.4551,11.5635],[78.4616,11.5575],[78.4546,11.5396],[78.4692,11.5344],[78.46,11.5319],[78.4618,11.5277],[78.4715,11.5268],[78.4727,11.5166],[78.4655,11.501],[78.4641,11.4951],[78.4573,11.4966],[78.4418,11.4946],[78.437,11.4959],[78.4374,11.4922],[78.4342,11.4861],[78.4386,11.4852],[78.4381,11.4819],[78.4336,11.4809],[78.433,11.4736],[78.426,11.4706],[78.4283,11.4663],[78.4323,11.4652],[78.4341,11.4616],[78.4369,11.4611],[78.4449,11.4508],[78.4476,11.4394],[78.458,11.4376],[78.4573,11.4341],[78.4538,11.432],[78.4476,11.4221],[78.4493,11.4176],[78.4467,11.4121],[78.4461,11.3991],[78.4336,11.3922],[78.4285,11.3848],[78.4383,11.388],[78.441,11.392],[78.4526,11.3994],[78.4648,11.4033],[78.4689,11.403],[78.4699,11.4062],[78.4739,11.4062],[78.4752,11.403],[78.4821,11.405],[78.4833,11.41],[78.487,11.41],[78.4869,11.4043],[78.4953,11.405],[78.4989,11.4038],[78.5063,11.3952],[78.5105,11.3936],[78.5096,11.3866],[78.5065,11.3795],[78.5086,11.3787],[78.517,11.3832],[78.5198,11.3779],[78.5254,11.3722],[78.5321,11.3683],[78.542,11.3674],[78.5497,11.3623],[78.5526,11.3585],[78.5553,11.3477],[78.5543,11.3377],[78.5563,11.3329],[78.5566,11.3244],[78.5543,11.3212],[78.5567,11.316],[78.5788,11.3157],[78.5817,11.3259],[78.5851,11.3303],[78.5916,11.3259],[78.6098,11.3377],[78.6192,11.3353],[78.6309,11.3382]]]]}},{"type":"Feature","properties":{"kind":"district","name":"Madurai"},"geometry":{"type":"MultiPolygon","coordinates":[[[[78.3657,10.2946],[78.3346,10.3012],[78.3328,10.296],[78.3361,10.2922],[78.3358,10.2892],[78.3316,10.2881],[78.3288,10.2856],[78.3292,10.2726],[78.3309,10.2697],[78.3306,10.2646],[78.3278,10.2609],[78.332,10.2462],[78.3279,10.24],[78.3294,10.2271],[78.3214,10.2148],[78.3163,10.2098],[78.2793,10.182],[78.2666,10.1764],[78.2622,10.1706],[78.2581,10.1677],[78.2566,10.164],[78.26,10.1615],[78.2775,10.1657],[78.2818,10.1652],[78.2847,10.1495],[78.2813,10.1316],[78.2735,10.1313],[78.2725,10.1278],[78.2742,10.1226],[78.2728,10.1158],[78.271,10.1104],[78.2668,10.1099],[78.2646,10.1066],[78.2621,10.1008],[78.2625,10.0943],[78.2603,10.0868],[78.248,10.0857],[78.2409,10.08],[78.2269,10.0796],[78.2166,10.0764],[78.2127,10.0658],[78.2023,10.071],[78.2047,10.08],[78.1928,10.0852],[78.1793,10.0935],[78.1709,10.0933],[78.1697,10.1027],[78.1661,10.1039],[78.161,10.1119],[78.1655,10.1265],[78.1641,10.1415],[78.1588,10.1447],[78.1582,10.156],[78.1503,10.1758],[78.1421,10.1837],[78.1221,10.1902],[78.1168,10.1864],[78.108,10.185],[78.0735,10.184],[78.0726,10.1798],[78.0554,10.1805],[78.0355,10.1793],[78.031,10.1806],[78.0206,10.1661],[78.0197,10.1609],[78.0007,10.1603],[77.9945,10.1529],[77.9894,10.1437],[77.9753,10.1325],[77.9674,10.134],[77.9534,10.1415],[77.9483,10.1347],[77.9558,10.1335],[77.9552,10.1298],[77.9514,10.1287],[77.9492,10.1218],[77.9468,10.1183],[77.9432,10.1165],[77.9426,10.1108],[77.9377,10.108],[77.9387,10.0966],[77.9454,10.0956],[77.9484,10.0917],[77.9405,10.0912],[77.9395,10.0874],[77.9204,10.0843],[77.923,10.0782],[77.9209,10.0755],[77.912,10.0769],[77.9083,10.0744],[77.9064,10.0703],[77.902,10.0703],[77.896,10.073],[77.8868,10.0666],[77.8831,10.066],[77.8773,10.0603],[77.8723,10.0696],[77.8673,10.0745],[77.8553,10.0765],[77.8308,10.0718],[77.8241,10.068],[77.8152,10.0687],[77.8031,10.0656],[77.7983,10.0627],[77.793,10.0566],[77.7828,10.0511],[77.7648,10.0567],[77.7604,10.0509],[77.7632,10.0476],[77.7604,10.0464],[77.7543,10.0474],[77.7508,10.0453],[77.7428,10.0355],[77.7238,10.0236],[77.7218,10.0192],[77.7116,10.0215],[77.7075,10.0181],[77.7031,10.0172],[77.7024,10.0144],[77.6989,10.0142],[77.6997,10.0077],[77.6977,10.0016],[77.6938,9.969],[77.6836,9.9702],[77.675,9.9608],[77.6813,9.9357],[77.6767,9.9261],[77.6686,9.913],[77.6671,9.9164],[77.658,9.9198],[77.6549,9.9104],[77.6512,9.9064],[77.6501,9.9028],[77.6503,9.892],[77.6373,9.8739],[77.6232,9.8647],[77.6202,9.8567],[77.619,9.839],[77.6208,9.8374],[77.6262,9.8389],[77.6285,9.8372],[77.6254,9.8238],[77.6192,9.8083],[77.608,9.7953],[77.601,9.778],[77.5804,9.7571],[77.5701,9.7491],[77.5466,9.7055],[77.5478,9.6994],[77.5447,9.6937],[77.5425,9.6946],[77.5374,9.6774],[77.5311,9.6711],[77.5266,9.662],[77.5205,9.6601],[77.5121,9.6534],[77.5057,9.6508],[77.5042,9.644],[77.5066,9.6377],[77.4883,9.6149],[77.4875,9.6077],[77.4742,9.5938],[77.465,9.5802],[77.4762,9.571],[77.479,9.564],[77.4826,9.5644],[77.4882,9.5727],[77.4948,9.5735],[77.4996,9.5779],[77.5011,9.584],[77.5002,9.5895],[77.5062,9.6008],[77.5085,9.6034],[77.5121,9.6038],[77.5171,9.6134],[77.5215,9.6323],[77.5203,9.6349],[77.521,9.6395],[77.5306,9.6533],[77.5333,9.6546],[77.5368,9.6593],[77.5446,9.6657],[77.5501,9.6658],[77.5523,9.6593],[77.5521,9.6534],[77.5535,9.6531],[77.567,9.664],[77.5715,9.674],[77.576,9.677],[77.5775,9.6802],[77.5843,9.6799],[77.5855,9.6852],[77.588,9.6883],[77.594,9.6898],[77.6017,9.6956],[77.6119,9.6992],[77.6177,9.6958],[77.6196,9.6999],[77.6238,9.7006],[77.6313,9.7078],[77.6339,9.704],[77.638,9.7033],[77.6448,9.7067],[77.6465,9.7021],[77.6482,9.7023],[77.6472,9.6986],[77.6504,9.6988],[77.6517,9.6956],[77.6541,9.6885],[77.6524,9.6852],[77.6529,9.6831],[77.6575,9.6822],[77.6588,9.6801],[77.6621,9.6826],[77.67,9.678],[77.6797,9.6825],[77.6822,9.6782],[77.6857,9.6791],[77.6863,9.6856],[77.6967,9.6936],[77.6962,9.6982],[77.7023,9.6994],[77.7013,9.6939],[77.7034,9.6918],[77.7094,9.6918],[77.7127,9.6973],[77.7117,9.7051],[77.7259,9.6945],[77.7302,9.6929],[77.7354,9.6932],[77.7611,9.6831],[77.762,9.6849],[77.7635,9.685],[77.7638,9.6819],[77.7658,9.6812],[77.7691,9.674],[77.7686,9.6676],[77.771,9.6662],[77.7712,9.6634],[77.7668,9.6621],[77.7707,9.6519],[77.7768,9.6417],[77.7935,9.6399],[77.7975,9.6497],[77.8122,9.6418],[77.8189,9.6425],[77.8342,9.6369],[77.8443,9.6368],[77.8482,9.6515],[77.8694,9.6488],[77.892,9.6432],[77.8952,9.6308],[77.9027,9.626],[77.9036,9.6299],[77.9052,9.6258],[77.9082,9.6241],[77.9108,9.6181],[77.9155,9.6152],[77.9192,9.6161],[77.9264,9.6236],[77.9331,9.6282],[77.9434,9.6304],[77.9468,9.641],[77.95,9.6464],[77.9535,9.6476],[77.9545,9.6495],[77.9649,9.6465],[77.9648,9.6399],[77.9674,9.639],[77.9678,9.6358],[77.9759,9.6316],[77.9884,9.6374],[77.9843,9.6328],[77.9824,9.6277],[77.9899,9.6252],[77.9938,9.6255],[78.001,9.6317],[78.0049,9.6396],[78.0047,9.6433],[78.0067,9.645],[78.0066,9.643],[78.0123,9.6404],[78.0161,9.6405],[78.0269,9.6596],[78.0328,9.6603],[78.0416,9.6777],[78.0626,9.6718],[78.0616,9.6612],[78.0792,9.6611],[78.0843,9.6635],[78.0845,9.6687],[78.0824,9.6726],[78.0849,9.6758],[78.0896,9.6768],[78.09,9.6835],[78.0867,9.6889],[78.0859,9.6936],[78.0807,9.6967],[78.0816,9.7069],[78.0784,9.7112],[78.075,9.7205],[78.0708,9.7253],[78.0755,9.7324],[78.0639,9.7422],[78.0732,9.7536],[78.0825,9.7498],[78.0858,9.7602],[78.0941,9.7568],[78.1025,9.7562],[78.105,9.7678],[78.0914,9.7779],[78.0929,9.7807],[78.1002,9.7808],[78.1033,9.7843],[78.11,9.7862],[78.1283,9.7708],[78.1289,9.764],[78.1344,9.7659],[78.1408,9.7621],[78.1394,9.7701],[78.14,9.7768],[78.1425,9.7822],[78.1464,9.7848],[78.146,9.7951],[78.1423,9.7978],[78.1439,9.8072],[78.1471,9.8078],[78.1621,9.8044],[78.1716,9.7991],[78.1734,9.7903],[78.1712,9.7836],[78.164,9.7821],[78.1638,9.7753],[78.1667,9.7735],[78.1736,9.7751],[78.1775,9.772],[78.18,9.7744],[78.1846,9.7897],[78.1913,9.8],[78.1937,9.8081],[78.1888,9.8159],[78.1819,9.823],[78.1734,9.8297],[78.1698,9.8303],[78.1642,9.828],[78.1583,9.8282],[78.1555,9.8218],[78.1406,9.8122],[78.1328,9.8142],[78.1342,9.8328],[78.1323,9.8393],[78.1279,9.8444],[78.1273,9.8554],[78.133,9.8517],[78.1373,9.8562],[78.1408,9.8567],[78.1546,9.8517],[78.153,9.8659],[78.1561,9.8742],[78.16,9.873],[78.1619,9.8764],[78.1675,9.8763],[78.1768,9.8725],[78.1808,9.8682],[78.1874,9.8718],[78.1871,9.8771],[78.1914,9.8738],[78.1955,9.8728],[78.2009,9.8729],[78.2036,9.8762],[78.2054,9.876],[78.2244,9.8656],[78.227,9.8624],[78.231,9.8654],[78.2482,9.8596],[78.2407,9.8474],[78.247,9.8403],[78.2533,9.8362],[78.2604,9.8353],[78.2642,9.8478],[78.2693,9.8499],[78.2655,9.8582],[78.2541,9.8736],[78.2761,9.8697],[78.2792,9.8717],[78.2825,9.8702],[78.2897,9.8705],[78.2944,9.8644],[78.2999,9.8622],[78.314,9.8664],[78.3164,9.8808],[78.3187,9.8836],[78.315,9.9005],[78.32,9.9243],[78.3356,9.9321],[78.3408,9.9366],[78.3482,9.939],[78.3536,9.9378],[78.357,9.9395],[78.3635,9.935],[78.3738,9.9339],[78.3731,9.9514],[78.3831,9.9459],[78.3904,9.9455],[78.4167,9.955],[78.4189,9.9563],[78.4175,9.9589],[78.4587,9.9691],[78.4559,9.983],[78.4511,9.989],[78.4516,9.9915],[78.4587,9.9927],[78.4596,10.0038],[78.4626,10.0118],[78.4505,10.0252],[78.4468,10.034],[78.4329,10.0379],[78.4321,10.0436],[78.4302,10.0461],[78.4297,10.0534],[78.4343,10.0581],[78.4522,10.0615],[78.456,10.0714],[78.4618,10.0709],[78.4632,10.079],[78.4585,10.0832],[78.4603,10.0923],[78.4583,10.1016],[78.47,10.1089],[78.4766,10.1278],[78.4754,10.129],[78.467,10.1296],[78.4663,10.1323],[78.4637,10.1334],[78.46,10.1327],[78.4568,10.1294],[78.4533,10.1344],[78.4469,10.139],[78.4404,10.141],[78.4392,10.1428],[78.4365,10.1418],[78.4388,10.1384],[78.4376,10.1346],[78.4344,10.1357],[78.4332,10.1271],[78.4303,10.1237],[78.4273,10.1249],[78.4276,10.1319],[78.4221,10.1321],[78.4194,10.13],[78.4166,10.1351],[78.4044,10.1382],[78.4155,10.1603],[78.4007,10.1659],[78.3973,10.1726],[78.3967,10.179],[78.404,10.1888],[78.4062,10.2003],[78.4098,10.2046],[78.4132,10.2138],[78.4082,10.2217],[78.3991,10.2268],[78.3954,10.2358],[78.396,10.2497],[78.3926,10.2526],[78.3978,10.2601],[78.4051,10.2585],[78.413,10.26],[78.424,10.2595],[78.4243,10.2696],[78.4153,10.2744],[78.4086,10.2724],[78.4048,10.2765],[78.3972,10.2731],[78.392,10.2728],[78.3886,10.2705],[78.3833,10.2744],[78.3847,10.2755],[78.3785,10.2783],[78.3741,10.2784],[78.3731,10.2769],[78.3656,10.2782],[78.3671,10.2751],[78.3624,10.2792],[78.3628,10.2809],[78.361,10.2834],[78.3609,10.2856],[78.3656,10.2849],[78.3657,10.2946]]]]}},{"type":"Feature","properties":{"kind":"district","name":"Perambalur"},"geometry":{"type":"MultiPolygon","coordinates":[[[[79.1455,11.3854],[79.1251,11.3977],[79.1085,11.4024],[79.0948,11.3987],[79.0847,11.3981],[79.0652,11.4029],[79.0528,11.4028],[79.044,11.3997],[79.0347,11.3943],[79.0163,11.3975],[79.0005,11.4044],[78.9939,11.4055],[78.9842,11.4001],[78.9711,11.4032],[78.9655,11.4023],[78.9598,11.407],[78.9588,11.4115],[78.955,11.4126],[78.949,11.4172],[78.941,11.4309],[78.9284,11.4417],[78.9256,11.45],[78.9207,11.4521],[78.9173,11.4593],[78.9107,11.4623],[78.9093,11.4716],[78.8906,11.4861],[78.89,11.49],[78.884,11.4941],[78.8805,11.5015],[78.8733,11.5087],[78.8722,11.5141],[78.8593,11.5202],[78.8511,11.5196],[78.8454,11.5208],[78.8382,11.5154],[78.8359,11.5064],[78.8337,11.5055],[78.8169,11.5086],[78.8116,11.5051],[78.8133,11.5022],[78.8109,11.4934],[78.8102,11.4822],[78.809,11.4807],[78.8003,11.4807],[78.7983,11.4748],[78.7973,11.4603],[78.7914,11.4529],[78.7992,11.447],[78.8184,11.438],[78.8167,11.4313],[78.8211,11.4292],[78.8227,11.4263],[78.8128,11.4119],[78.8142,11.4099],[78.8076,11.4025],[78.8035,11.4008],[78.7992,11.3849],[78.7935,11.3875],[78.7903,11.3863],[78.7866,11.391],[78.7827,11.3997],[78.7734,11.408],[78.7737,11.4131],[78.7667,11.4202],[78.758,11.4347],[78.7526,11.4396],[78.7462,11.4422],[78.7417,11.4485],[78.7169,11.4548],[78.7006,11.4547],[78.6989,11.4503],[78.6903,11.4441],[78.6886,11.4333],[78.6756,11.4261],[78.6521,11.4208],[78.6518,11.4056],[78.6562,11.4006],[78.6582,11.3959],[78.6604,11.3788],[78.6658,11.3732],[78.6586,11.3658],[78.6438,11.3436],[78.6309,11.3382],[78.6358,11.3351],[78.6333,11.3328],[78.637,11.3319],[78.6402,11.3258],[78.6548,11.3321],[78.663,11.3294],[78.6612,11.3218],[78.6663,11.3169],[78.6736,11.324],[78.6781,11.3262],[78.6839,11.324],[78.687,11.3205],[78.6916,11.3225],[78.7097,11.3238],[78.7154,11.3224],[78.7333,11.3222],[78.7366,11.3193],[78.7386,11.3145],[78.739,11.3021],[78.7368,11.2987],[78.7392,11.2951],[78.7519,11.2856],[78.7502,11.2819],[78.7469,11.2804],[78.7409,11.2739],[78.731,11.2713],[78.7304,11.2667],[78.726,11.2591],[78.7194,11.2568],[78.7129,11.2493],[78.7133,11.2391],[78.7106,11.2346],[78.7044,11.2294],[78.7055,11.226],[78.7097,11.2262],[78.7143,11.2131],[78.709,11.2114],[78.7019,11.1936],[78.6992,11.1911],[78.6905,11.1938],[78.6795,11.1939],[78.6742,11.1856],[78.6701,11.1827],[78.661,11.1714],[78.6536,11.1682],[78.6542,11.1645],[78.6636,11.1637],[78.673,11.1652],[78.6775,11.1573],[78.6775,11.1476],[78.6803,11.1465],[78.6807,11.1299],[78.6853,11.1287],[78.6874,11.1252],[78.6877,11.1145],[78.6936,11.1045],[78.6956,11.0928],[78.6992,11.0915],[78.7008,11.0795],[78.7126,11.0956],[78.7166,11.0956],[78.7334,11.0898],[78.7414,11.0843],[78.7379,11.0958],[78.7345,11.099],[78.7378,11.1087],[78.7424,11.1095],[78.7519,11.1176],[78.7583,11.1195],[78.7626,11.1228],[78.7781,11.1181],[78.7791,11.114],[78.7828,11.1147],[78.7828,11.117],[78.7921,11.1164],[78.7995,11.1137],[78.8022,11.1158],[78.8113,11.113],[78.8114,11.1056],[78.8079,11.0936],[78.8096,11.09],[78.8228,11.0909],[78.8363,11.0892],[78.8332,11.0777],[78.8412,11.0771],[78.8469,11.0892],[78.8573,11.0895],[78.8618,11.091],[78.8678,11.087],[78.873,11.0872],[78.8738,11.0842],[78.8768,11.0851],[78.8738,11.094],[78.8799,11.0991],[78.884,11.0984],[78.8847,11.1021],[78.8897,11.1029],[78.8907,11.1009],[78.9068,11.0977],[78.9152,11.0986],[78.9275,11.091],[78.933,11.0958],[78.9524,11.094],[78.9528,11.0955],[78.9667,11.0955],[78.9756,11.0939],[78.9857,11.0876],[78.9879,11.0766],[78.9913,11.0766],[79.0006,11.0723],[79.0024,11.0702],[79.0024,11.0653],[79.0055,11.0603],[79.0094,11.058],[79.0111,11.0609],[79.0218,11.0621],[79.0199,11.0661],[79.028,11.0679],[79.0264,11.0714],[79.0336,11.0839],[79.044,11.0866],[79.056,11.0868],[79.0701,11.1071],[79.0706,11.1123],[79.066,11.1307],[79.0624,11.1345],[79.0578,11.1344],[79.06,11.1421],[79.0621,11.1416],[79.0636,11.1529],[79.0727,11.1544],[79.0756,11.1582],[79.0762,11.1652],[79.0743,11.1709],[79.072,11.1729],[79.0726,11.1759],[79.0786,11.1797],[79.0774,11.1892],[79.0679,11.1895],[79.0684,11.2055],[79.0716,11.2073],[79.0798,11.2046],[79.0852,11.2047],[79.0918,11.2033],[79.094,11.1996],[79.0968,11.1996],[79.0979,11.2057],[79.0971,11.2134],[79.0997,11.2241],[79.1029,11.2299],[79.1119,11.2349],[79.1117,11.2452],[79.1242,11.2495],[79.1236,11.2542],[79.1259,11.2594],[79.1227,11.2677],[79.1186,11.2689],[79.1171,11.2713],[79.112,11.2699],[79.1114,11.2735],[79.1128,11.282],[79.1164,11.2828],[79.1175,11.2868],[79.1155,11.2914],[79.118,11.2948],[79.1227,11.2936],[79.1266,11.2964],[79.137,11.2962],[79.1397,11.2931],[79.1424,11.294],[79.1452,11.3024],[79.1445,11.31],[79.1301,11.3115],[79.1282,11.3149],[79.1273,11.3333],[79.1338,11.3412],[79.1363,11.3574],[79.1366,11.3654],[79.1353,11.3673],[79.1367,11.376],[79.143,11.3852],[79.1455,11.3854]]]]}},{"type":"Feature","properties":{"kind":"district","name":"Dindigul"},"geometry":{"type":"MultiPolygon","coordinates":[[[[77.2683,10.1218],[77.2752,10.1182],[77.2838,10.1173],[77.2848,10.1251],[77.2873,10.1259],[77.291,10.1244],[77.2997,10.1336],[77.3048,10.1363],[77.3147,10.1353],[77.3256,10.1264],[77.326,10.1303],[77.3311,10.1396],[77.3353,10.1388],[77.344,10.1335],[77.3532,10.1449],[77.3625,10.1482],[77.3666,10.146],[77.3725,10.1377],[77.3876,10.148],[77.3935,10.1552],[77.3951,10.16],[77.4085,10.1553],[77.4116,10.144],[77.4246,10.1367],[77.4377,10.1318],[77.4492,10.134],[77.4653,10.1288],[77.4701,10.1375],[77.4671,10.1416],[77.4687,10.1444],[77.4722,10.1427],[77.475,10.1457],[77.4816,10.1482],[77.4816,10.1513],[77.4851,10.1523],[77.4869,10.1487],[77.4901,10.1469],[77.501,10.1616],[77.5058,10.1596],[77.5138,10.1608],[77.5273,10.174],[77.5246,10.1755],[77.5373,10.18],[77.5384,10.1877],[77.5428,10.1831],[77.5466,10.1816],[77.5473,10.1869],[77.5448,10.1897],[77.5449,10.1928],[77.5517,10.1907],[77.5504,10.1949],[77.5465,10.1994],[77.5483,10.2042],[77.5508,10.2041],[77.5519,10.2008],[77.5548,10.1988],[77.5584,10.1976],[77.5628,10.1981],[77.5687,10.1926],[77.5675,10.1901],[77.5691,10.1808],[77.5727,10.1815],[77.5755,10.1855],[77.5813,10.1892],[77.5881,10.1916],[77.5889,10.1944],[77.5912,10.1943],[77.5934,10.1908],[77.5968,10.1935],[77.6025,10.1999],[77.595,10.2024],[77.596,10.2044],[77.6053,10.205],[77.6121,10.2131],[77.6168,10.2124],[77.6234,10.2165],[77.6248,10.2117],[77.6307,10.2101],[77.6316,10.2071],[77.637,10.2074],[77.641,10.2036],[77.6444,10.2055],[77.6461,10.2013],[77.6495,10.1992],[77.6503,10.1969],[77.6546,10.1958],[77.6592,10.1904],[77.6657,10.1899],[77.6682,10.1912],[77.6708,10.197],[77.6784,10.1977],[77.68,10.1997],[77.6828,10.199],[77.6857,10.2017],[77.6923,10.1973],[77.6952,10.199],[77.6986,10.2034],[77.6981,10.2073],[77.7024,10.2093],[77.7035,10.2151],[77.7101,10.2077],[77.7068,10.2052],[77.706,10.2025],[77.7034,10.2017],[77.7059,10.1984],[77.702,10.1962],[77.7015,10.1914],[77.706,10.1814],[77.7173,10.1682],[77.7228,10.1666],[77.7233,10.1623],[77.7287,10.1602],[77.7296,10.1568],[77.7253,10.1549],[77.7244,10.1407],[77.7301,10.1326],[77.7276,10.1302],[77.722,10.1343],[77.7171,10.1299],[77.7143,10.1289],[77.7096,10.1297],[77.7015,10.1363],[77.6967,10.1372],[77.6929,10.1414],[77.6917,10.1458],[77.6741,10.1455],[77.6754,10.1271],[77.6705,10.1257],[77.6676,10.1228],[77.6757,10.1209],[77.6756,10.1177],[77.6897,10.1139],[77.6958,10.1102],[77.7012,10.104],[77.7,10.087],[77.7085,10.0825],[77.7102,10.0798],[77.7086,10.0709],[77.7108,10.0575],[77.7105,10.0487],[77.714,10.0463],[77.7124,10.0436],[77.7073,10.041],[77.7068,10.0357],[77.7128,10.0324],[77.7116,10.0215],[77.7218,10.0192],[77.7238,10.0236],[77.7428,10.0355],[77.7508,10.0453],[77.7543,10.0474],[77.7604,10.0464],[77.7632,10.0476],[77.7604,10.0509],[77.7648,10.0567],[77.7828,10.0511],[77.793,10.0566],[77.7983,10.0627],[77.8031,10.0656],[77.8152,10.0687],[77.8241,10.068],[77.8308,10.0718],[77.8553,10.0765],[77.8673,10.0745],[77.8723,10.0696],[77.8773,10.0603],[77.8831,10.066],[77.8868,10.0666],[77.896,10.073],[77.902,10.0703],[77.9064,10.0703],[77.9083,10.0744],[77.912,10.0769],[77.9209,10.0755],[77.923,10.0782],[77.9204,10.0843],[77.9395,10.0874],[77.9405,10.0912],[77.9484,10.0917],[77.9454,10.0956],[77.9387,10.0966],[77.9377,10.108],[77.9426,10.1108],[77.9432,10.1165],[77.9468,10.1183],[77.9492,10.1218],[77.9514,10.1287],[77.9552,10.1298],[77.9558,10.1335],[77.9483,10.1347],[77.9534,10.1415],[77.9674,10.134],[77.9753,10.1325],[77.9894,10.1437],[77.9945,10.1529],[78.0007,10.1603],[78.0197,10.1609],[78.0206,10.1661],[78.031,10.1806],[78.0355,10.1793],[78.0554,10.1805],[78.0726,10.1798],[78.0735,10.184],[78.108,10.185],[78.1168,10.1864],[78.1221,10.1902],[78.1421,10.1837],[78.1503,10.1758],[78.1582,10.156],[78.1588,10.1447],[78.1641,10.1415],[78.1655,10.1265],[78.161,10.1119],[78.1661,10.1039],[78.1697,10.1027],[78.1709,10.0933],[78.1793,10.0935],[78.1928,10.0852],[78.2047,10.08],[78.2023,10.071],[78.2127,10.0658],[78.2166,10.0764],[78.2269,10.0796],[78.2409,10.08],[78.248,10.0857],[78.2603,10.0868],[78.2625,10.0943],[78.2621,10.1008],[78.2646,10.1066],[78.2668,10.1099],[78.271,10.1104],[78.2728,10.1158],[78.2742,10.1226],[78.2725,10.1278],[78.2735,10.1313],[78.2813,10.1316],[78.2847,10.1495],[78.2818,10.1652],[78.2775,10.1657],[78.26,10.1615],[78.2566,10.164],[78.2581,10.1677],[78.2622,10.1706],[78.2666,10.1764],[78.2793,10.182],[78.3163,10.2098],[78.3214,10.2148],[78.3294,10.2271],[78.3279,10.24],[78.332,10.2462],[78.3278,10.2609],[78.3306,10.2646],[78.3309,10.2697],[78.3292,10.2726],[78.3288,10.2856],[78.3316,10.2881],[78.3358,10.2892],[78.3361,10.2922],[78.3328,10.296],[78.3346,10.3012],[78.3371,10.3124],[78.3382,10.3269],[78.3353,10.3321],[78.3302,10.337],[78.325,10.3394],[78.3186,10.3494],[78.3055,10.3517],[78.2968,10.3601],[78.292,10.3616],[78.2869,10.3692],[78.282,10.3711],[78.2786,10.3822],[78.2802,10.3885],[78.2884,10.3903],[78.2893,10.4024],[78.2945,10.403],[78.3071,10.4097],[78.3094,10.4145],[78.3097,10.4263],[78.3146,10.4317],[78.3155,10.4396],[78.3075,10.4432],[78.2973,10.4503],[78.2815,10.4532],[78.2666,10.4584],[78.2557,10.4596],[78.251,10.4638],[78.2357,10.4696],[78.2248,10.4641],[78.2175,10.4702],[78.2085,10.4732],[78.2008,10.483],[78.2036,10.4849],[78.1911,10.4977],[78.1814,10.5026],[78.1723,10.5031],[78.1927,10.5425],[78.1984,10.5481],[78.1894,10.5575],[78.181,10.5585],[78.1713,10.555],[78.1638,10.5606],[78.1528,10.566],[78.1476,10.5629],[78.142,10.566],[78.1398,10.5706],[78.1343,10.5743],[78.1362,10.5926],[78.139,10.6007],[78.1455,10.6053],[78.1625,10.6117],[78.1665,10.615],[78.1611,10.6337],[78.1616,10.6408],[78.165,10.6502],[78.1531,10.6504],[78.1469,10.6527],[78.148,10.6634],[78.1471,10.6723],[78.1481,10.6836],[78.1556,10.7153],[78.1564,10.7276],[78.154,10.7357],[78.1557,10.7452],[78.1692,10.7778],[78.1712,10.7953],[78.1736,10.8034],[78.187,10.8205],[78.183,10.8227],[78.1858,10.8276],[78.1854,10.8323],[78.1826,10.8318],[78.1818,10.8274],[78.1777,10.8272],[78.176,10.8309],[78.1766,10.8328],[78.1696,10.8344],[78.1592,10.8324],[78.1597,10.8276],[78.1548,10.8264],[78.1528,10.8214],[78.15,10.8063],[78.1336,10.8039],[78.1069,10.8062],[78.0978,10.7879],[78.099,10.7825],[78.1015,10.7793],[78.0986,10.7658],[78.0866,10.7721],[78.0731,10.7763],[78.0706,10.7739],[78.0679,10.7675],[78.0616,10.7674],[78.0599,10.7642],[78.0583,10.764],[78.0558,10.7671],[78.0569,10.7721],[78.0535,10.7731],[78.0542,10.7747],[78.0528,10.7753],[78.0497,10.775],[78.0505,10.7777],[78.0434,10.7789],[78.0426,10.7751],[78.0342,10.7768],[78.0345,10.7814],[78.03,10.7814],[78.0295,10.7777],[78.0251,10.7791],[78.0242,10.7771],[78.0262,10.7747],[78.0252,10.7731],[78.0184,10.7747],[78.0005,10.7739],[77.997,10.7695],[77.9958,10.7637],[77.9858,10.7607],[77.9745,10.7643],[77.963,10.7612],[77.9402,10.7668],[77.9314,10.7528],[77.9308,10.7403],[77.9329,10.736],[77.9523,10.7427],[77.998,10.7426],[77.9962,10.7345],[77.9979,10.7313],[78.0005,10.7294],[78.0137,10.729],[78.0111,10.7218],[78.017,10.719],[78.0114,10.708],[78.0108,10.6885],[78.0081,10.6751],[77.992,10.6709],[77.9741,10.6738],[77.9722,10.6709],[77.974,10.658],[77.9796,10.6463],[77.9802,10.639],[77.9532,10.6381],[77.9496,10.6419],[77.9402,10.6416],[77.9344,10.6436],[77.9302,10.6472],[77.9152,10.6464],[77.9098,10.6557],[77.9012,10.6501],[77.8975,10.6453],[77.8854,10.6513],[77.8794,10.6454],[77.8738,10.6319],[77.8495,10.6402],[77.8419,10.6347],[77.8316,10.6328],[77.8173,10.648],[77.817,10.6646],[77.8189,10.6776],[77.8173,10.682],[77.8098,10.6802],[77.7896,10.6856],[77.7827,10.6849],[77.7684,10.6799],[77.7676,10.6768],[77.7628,10.6713],[77.7561,10.6715],[77.7536,10.6687],[77.753,10.6647],[77.7564,10.651],[77.744,10.6383],[77.7304,10.6311],[77.7244,10.6312],[77.7203,10.6331],[77.7194,10.6369],[77.7233,10.6424],[77.7153,10.6422],[77.702,10.6597],[77.6999,10.6662],[77.7021,10.6684],[77.7023,10.6766],[77.7053,10.6776],[77.7094,10.684],[77.7103,10.6882],[77.7075,10.6926],[77.7066,10.6973],[77.7064,10.702],[77.7092,10.7086],[77.7072,10.7193],[77.7027,10.7312],[77.6972,10.734],[77.6901,10.7347],[77.6893,10.7308],[77.6715,10.7211],[77.6696,10.7178],[77.6652,10.7159],[77.6565,10.6748],[77.6406,10.6688],[77.631,10.6697],[77.6132,10.6741],[77.5972,10.6759],[77.5899,10.682],[77.5858,10.6834],[77.5808,10.6782],[77.5839,10.6765],[77.5757,10.6661],[77.5729,10.6585],[77.5492,10.6355],[77.5484,10.6279],[77.5462,10.6245],[77.5443,10.6131],[77.5406,10.6081],[77.5336,10.6063],[77.5276,10.609],[77.5231,10.6065],[77.5103,10.6067],[77.5081,10.6084],[77.5088,10.6128],[77.5173,10.6121],[77.5156,10.6162],[77.5096,10.621],[77.5108,10.626],[77.5044,10.6343],[77.5021,10.6434],[77.4908,10.6474],[77.4862,10.6473],[77.4823,10.6502],[77.4783,10.6493],[77.4755,10.645],[77.4558,10.6412],[77.4513,10.6366],[77.4478,10.6298],[77.4414,10.6291],[77.4334,10.6326],[77.4283,10.6289],[77.4181,10.6264],[77.4142,10.6176],[77.4024,10.6125],[77.3949,10.6046],[77.3956,10.5984],[77.3883,10.5964],[77.3856,10.5919],[77.3849,10.5822],[77.3805,10.5748],[77.3752,10.5536],[77.3698,10.549],[77.3684,10.5446],[77.3702,10.5364],[77.3724,10.5333],[77.3769,10.5307],[77.3787,10.5261],[77.4057,10.5234],[77.4013,10.4995],[77.3973,10.5004],[77.3933,10.4955],[77.3906,10.4972],[77.3838,10.4958],[77.381,10.4922],[77.3804,10.4881],[77.3841,10.484],[77.3853,10.4796],[77.3866,10.464],[77.3843,10.4623],[77.3856,10.4505],[77.3537,10.4469],[77.3479,10.4496],[77.3442,10.4554],[77.3414,10.4548],[77.3342,10.4565],[77.3253,10.4509],[77.3248,10.447],[77.3272,10.4448],[77.3251,10.4415],[77.327,10.4401],[77.3256,10.4378],[77.3278,10.437],[77.3278,10.4351],[77.3215,10.4354],[77.3238,10.4279],[77.3216,10.4224],[77.3157,10.3905],[77.3144,10.3633],[77.3156,10.3565],[77.3367,10.3546],[77.3352,10.3479],[77.3305,10.3415],[77.331,10.3356],[77.3346,10.3334],[77.3279,10.326],[77.3268,10.3204],[77.3298,10.3153],[77.33,10.3105],[77.3399,10.3045],[77.3427,10.3007],[77.3429,10.2946],[77.3457,10.2945],[77.3474,10.2907],[77.3489,10.2813],[77.3511,10.2771],[77.3485,10.2639],[77.3453,10.2641],[77.3437,10.2619],[77.3262,10.2732],[77.3263,10.2636],[77.3097,10.2452],[77.3041,10.2437],[77.3028,10.2484],[77.2994,10.2522],[77.2976,10.2522],[77.2896,10.231],[77.2953,10.2177],[77.2939,10.2145],[77.291,10.2141],[77.2887,10.2119],[77.2878,10.2082],[77.2845,10.2072],[77.2862,10.2045],[77.2843,10.1975],[77.2793,10.1902],[77.274,10.1658],[77.2745,10.1516],[77.2724,10.1463],[77.2725,10.1426],[77.276,10.1391],[77.2748,10.1295],[77.27,10.1267],[77.2683,10.1218]]]]}},{"type":"Feature","properties":{"kind":"district","name":"Karur"},"geometry":{"type":"MultiPolygon","coordinates":[[[[78.1686,11.012],[78.1458,11.0389],[78.1305,11.047],[78.107,11.07],[78.0965,11.0761],[78.0903,11.0778],[78.0772,11.0782],[78.0573,11.0753],[78.05,11.0782],[78.035,11.0878],[78.0136,11.0945],[78.0008,11.0952],[77.9982,11.0933],[77.9962,11.0942],[77.9944,11.0922],[77.9886,11.092],[77.9705,11.0773],[77.9512,11.0658],[77.9403,11.066],[77.9328,11.0686],[77.9195,11.0464],[77.9096,11.0461],[77.8997,11.0319],[77.8898,11.0312],[77.8786,11.0245],[77.8725,11.023],[77.867,11.0226],[77.8602,11.0292],[77.8543,11.0307],[77.8509,11.0335],[77.8462,11.0447],[77.8359,11.0426],[77.8317,11.0448],[77.8293,11.0485],[77.8256,11.0616],[77.8145,11.0688],[77.8112,11.0688],[77.8056,11.0632],[77.79,11.0653],[77.783,11.0634],[77.78,11.0614],[77.7769,11.0555],[77.7801,11.0509],[77.7812,11.0388],[77.7916,11.0314],[77.7871,11.0149],[77.7798,10.9955],[77.762,10.985],[77.7591,10.9786],[77.7514,10.9805],[77.7504,10.9758],[77.7532,10.9643],[77.7672,10.964],[77.7697,10.9562],[77.7651,10.931],[77.7613,10.9233],[77.7602,10.9078],[77.7609,10.9007],[77.7639,10.8971],[77.7684,10.8946],[77.7722,10.8896],[77.7729,10.8717],[77.7758,10.8676],[77.7799,10.8681],[77.7856,10.875],[77.7881,10.8827],[77.7902,10.8826],[77.799,10.864],[77.8064,10.8598],[77.8072,10.8562],[77.8171,10.8562],[77.8264,10.8405],[77.8305,10.8357],[77.835,10.8338],[77.8395,10.8336],[77.8448,10.8367],[77.8595,10.848],[77.8631,10.8462],[77.8695,10.8402],[77.8732,10.8336],[77.8698,10.8329],[77.8686,10.829],[77.8693,10.823],[77.8742,10.823],[77.8751,10.8084],[77.8695,10.8038],[77.8677,10.7989],[77.8706,10.7936],[77.8759,10.7887],[77.8851,10.789],[77.8895,10.7925],[77.8912,10.7898],[77.8918,10.783],[77.8911,10.7744],[77.8846,10.7738],[77.8709,10.7763],[77.8692,10.772],[77.8629,10.7753],[77.858,10.7802],[77.8485,10.7839],[77.834,10.7869],[77.8333,10.7898],[77.8276,10.7922],[77.826,10.7965],[77.8141,10.7962],[77.8113,10.7994],[77.812,10.8044],[77.8015,10.8061],[77.7946,10.7943],[77.7936,10.7898],[77.7769,10.7902],[77.7692,10.7668],[77.7808,10.7661],[77.7831,10.7588],[77.7946,10.7565],[77.7977,10.7516],[77.8022,10.7551],[77.8126,10.758],[77.8251,10.7516],[77.8213,10.7328],[77.8248,10.7161],[77.8234,10.7124],[77.8134,10.7026],[77.8088,10.695],[77.8098,10.6802],[77.8173,10.682],[77.8189,10.6776],[77.817,10.6646],[77.8173,10.648],[77.8316,10.6328],[77.8419,10.6347],[77.8495,10.6402],[77.8738,10.6319],[77.8794,10.6454],[77.8854,10.6513],[77.8975,10.6453],[77.9012,10.6501],[77.9098,10.6557],[77.9152,10.6464],[77.9302,10.6472],[77.9344,10.6436],[77.9402,10.6416],[77.9496,10.6419],[77.9532,10.6381],[77.9802,10.639],[77.9796,10.6463],[77.974,10.658],[77.9722,10.6709],[77.9741,10.6738],[77.992,10.6709],[78.0081,10.6751],[78.0108,10.6885],[78.0114,10.708],[78.017,10.719],[78.0111,10.7218],[78.0137,10.729],[78.0005,10.7294],[77.9979,10.7313],[77.9962,10.7345],[77.998,10.7426],[77.9523,10.7427],[77.9329,10.736],[77.9308,10.7403],[77.9314,10.7528],[77.9402,10.7668],[77.963,10.7612],[77.9745,10.7643],[77.9858,10.7607],[77.9958,10.7637],[77.997,10.7695],[78.0005,10.7739],[78.0184,10.7747],[78.0252,10.7731],[78.0262,10.7747],[78.0242,10.7771],[78.0251,10.7791],[78.0295,10.7777],[78.03,10.7814],[78.0345,10.7814],[78.0342,10.7768],[78.0426,10.7751],[78.0434,10.7789],[78.0505,10.7777],[78.0497,10.775],[78.0528,10.7753],[78.0542,10.7747],[78.0535,10.7731],[78.0569,10.7721],[78.0558,10.7671],[78.0583,10.764],[78.0599,10.7642],[78.0616,10.7674],[78.0679,10.7675],[78.0706,10.7739],[78.0731,10.7763],[78.0866,10.7721],[78.0986,10.7658],[78.1015,10.7793],[78.099,10.7825],[78.0978,10.7879],[78.1069,10.8062],[78.1336,10.8039],[78.15,10.8063],[78.1528,10.8214],[78.1548,10.8264],[78.1597,10.8276],[78.1592,10.8324],[78.1696,10.8344],[78.1766,10.8328],[78.176,10.8309],[78.1777,10.8272],[78.1818,10.8274],[78.1826,10.8318],[78.1854,10.8323],[78.1858,10.8276],[78.183,10.8227],[78.187,10.8205],[78.1736,10.8034],[78.1712,10.7953],[78.1692,10.7778],[78.1557,10.7452],[78.154,10.7357],[78.1564,10.7276],[78.1556,10.7153],[78.1481,10.6836],[78.1471,10.6723],[78.148,10.6634],[78.1469,10.6527],[78.1531,10.6504],[78.165,10.6502],[78.1616,10.6408],[78.1611,10.6337],[78.1665,10.615],[78.1625,10.6117],[78.1455,10.6053],[78.139,10.6007],[78.1362,10.5926],[78.1343,10.5743],[78.1398,10.5706],[78.142,10.566],[78.1476,10.5629],[78.1528,10.566],[78.1638,10.5606],[78.1713,10.555],[78.181,10.5585],[78.1894,10.5575],[78.1984,10.5481],[78.2235,10.5505],[78.2401,10.555],[78.2466,10.5588],[78.2589,10.5754],[78.2616,10.5817],[78.2613,10.5954],[78.2569,10.6068],[78.2648,10.6159],[78.2658,10.62],[78.2676,10.6421],[78.2768,10.6976],[78.2798,10.708],[78.2834,10.7456],[78.2863,10.7461],[78.286,10.7417],[78.2885,10.7358],[78.2946,10.7336],[78.2909,10.7145],[78.2947,10.7036],[78.3177,10.7031],[78.3193,10.7071],[78.325,10.7084],[78.3267,10.7057],[78.3305,10.7055],[78.3309,10.7102],[78.3412,10.7071],[78.3472,10.7217],[78.3598,10.7225],[78.3606,10.7256],[78.3688,10.7252],[78.3739,10.7215],[78.3729,10.7191],[78.3825,10.715],[78.3923,10.7062],[78.4038,10.6933],[78.4043,10.689],[78.4024,10.6822],[78.4051,10.6786],[78.4166,10.6737],[78.4217,10.674],[78.4255,10.678],[78.428,10.6774],[78.4326,10.6887],[78.4331,10.6935],[78.4588,10.691],[78.4666,10.7014],[78.4745,10.7051],[78.49,10.6993],[78.4912,10.6967],[78.5146,10.6935],[78.5156,10.6982],[78.5176,10.7004],[78.5187,10.7096],[78.5326,10.7116],[78.5423,10.7177],[78.5461,10.7218],[78.5511,10.7228],[78.5553,10.7256],[78.5657,10.7355],[78.5683,10.7431],[78.5681,10.7494],[78.5657,10.7564],[78.5672,10.7615],[78.5647,10.7662],[78.5647,10.7717],[78.5687,10.7736],[78.5691,10.7764],[78.5624,10.7819],[78.5584,10.7829],[78.5578,10.7893],[78.5514,10.7894],[78.5475,10.7913],[78.5462,10.7933],[78.5465,10.7985],[78.5546,10.813],[78.5607,10.8126],[78.5681,10.8099],[78.5764,10.8102],[78.5868,10.8289],[78.5861,10.8301],[78.5716,10.8343],[78.5746,10.8444],[78.5791,10.8462],[78.5778,10.8517],[78.5663,10.8611],[78.5593,10.8638],[78.5589,10.8683],[78.5496,10.8769],[78.5335,10.8782],[78.5114,10.884],[78.5044,10.8866],[78.4938,10.8935],[78.4895,10.8935],[78.4846,10.8869],[78.4799,10.886],[78.4788,10.8826],[78.4698,10.8865],[78.4713,10.8984],[78.4765,10.9004],[78.4852,10.8998],[78.4867,10.902],[78.4886,10.8998],[78.4963,10.8983],[78.4967,10.8999],[78.4885,10.9043],[78.4868,10.912],[78.4791,10.9141],[78.4608,10.9243],[78.4611,10.9219],[78.4429,10.9322],[78.4317,10.9466],[78.3828,10.9658],[78.3788,10.9639],[78.3697,10.9627],[78.3528,10.9628],[78.341,10.9602],[78.3292,10.9597],[78.314,10.9627],[78.3084,10.9615],[78.2995,10.962],[78.2803,10.967],[78.2618,10.9686],[78.2465,10.9669],[78.2199,10.9588],[78.1995,10.9603],[78.1849,10.9771],[78.1813,10.9831],[78.1816,10.9846],[78.1681,11.0015],[78.1673,11.0049],[78.1686,11.012]]]]}},{"type":"Feature","properties":{"kind":"district","name":"Dharmapuri"},"geometry":{"type":"MultiPolygon","coordinates":[[[[77.6765,11.9504],[77.6937,11.9405],[77.7011,11.9416],[77.7388,11.9381],[77.7403,11.9334],[77.7449,11.9281],[77.7472,11.9264],[77.751,11.9272],[77.76,11.918],[77.763,11.9125],[77.7786,11.9133],[77.8101,11.9093],[77.8339,11.9018],[77.8474,11.8942],[77.8528,11.9048],[77.8583,11.9059],[77.868,11.9136],[77.8712,11.91],[77.877,11.9114],[77.8856,11.9104],[77.8894,11.9073],[77.8936,11.9086],[77.9,11.9031],[77.906,11.901],[77.9373,11.8986],[77.9434,11.8951],[77.9607,11.8988],[77.9744,11.8937],[78.0005,11.9082],[78.0036,11.9124],[78.0077,11.9114],[78.0121,11.9167],[78.0208,11.9176],[78.027,11.9149],[78.0293,11.9162],[78.037,11.929],[78.0502,11.9325],[78.053,11.9348],[78.0621,11.9361],[78.0712,11.9338],[78.0816,11.9362],[78.083,11.9396],[78.0953,11.9458],[78.0988,11.9458],[78.0997,11.9488],[78.1205,11.9546],[78.1242,11.9534],[78.1375,11.9626],[78.174,11.9638],[78.1782,11.9673],[78.1853,11.9657],[78.2007,11.9704],[78.2239,11.9731],[78.2359,11.9762],[78.2451,11.9658],[78.2476,11.9588],[78.2514,11.9535],[78.2526,11.9482],[78.2496,11.9319],[78.2545,11.9297],[78.2569,11.9362],[78.2738,11.9355],[78.2788,11.9389],[78.2828,11.9446],[78.2932,11.9371],[78.2984,11.9311],[78.3017,11.9313],[78.3037,11.9295],[78.2982,11.9245],[78.2876,11.9201],[78.2829,11.9203],[78.2844,11.9122],[78.2875,11.907],[78.2874,11.9003],[78.2945,11.9029],[78.2938,11.9098],[78.2999,11.9134],[78.301,11.917],[78.3117,11.9195],[78.3144,11.9234],[78.3217,11.9283],[78.3242,11.9247],[78.328,11.9262],[78.3306,11.9219],[78.3318,11.914],[78.3263,11.906],[78.325,11.9003],[78.3277,11.8966],[78.3122,11.8837],[78.3094,11.8787],[78.3112,11.8776],[78.3373,11.8968],[78.3421,11.8934],[78.3546,11.907],[78.3584,11.9093],[78.3594,11.9075],[78.3607,11.9103],[78.364,11.9119],[78.3668,11.9107],[78.3679,11.908],[78.3699,11.9088],[78.3751,11.9163],[78.3771,11.9172],[78.3795,11.9145],[78.3869,11.9109],[78.3831,11.9011],[78.3828,11.896],[78.3792,11.8894],[78.375,11.8913],[78.367,11.8886],[78.3683,11.8777],[78.362,11.8648],[78.3568,11.8608],[78.3523,11.8478],[78.3498,11.8455],[78.3507,11.8434],[78.3532,11.8433],[78.3535,11.841],[78.3493,11.8381],[78.3497,11.8346],[78.3518,11.8348],[78.3443,11.8198],[78.3308,11.7966],[78.3146,11.7804],[78.3298,11.7731],[78.3446,11.7873],[78.356,11.7937],[78.3766,11.8175],[78.3821,11.825],[78.3895,11.8437],[78.3972,11.8575],[78.4025,11.8626],[78.4042,11.8711],[78.4066,11.8737],[78.4175,11.8768],[78.4381,11.8693],[78.4414,11.8658],[78.4348,11.8601],[78.439,11.8458],[78.4425,11.8382],[78.4547,11.825],[78.4664,11.8218],[78.4752,11.8171],[78.4777,11.8137],[78.4856,11.8156],[78.4919,11.8152],[78.5028,11.8093],[78.5075,11.8098],[78.5133,11.8079],[78.5237,11.8108],[78.543,11.8016],[78.5628,11.8084],[78.5759,11.816],[78.5888,11.8165],[78.5966,11.8197],[78.6053,11.8293],[78.6031,11.8318],[78.609,11.8468],[78.6275,11.8647],[78.6298,11.8683],[78.6336,11.8696],[78.6361,11.8725],[78.637,11.8757],[78.6346,11.8824],[78.6369,11.885],[78.6558,11.8801],[78.6565,11.8854],[78.6602,11.8895],[78.6662,11.8918],[78.6718,11.8919],[78.6829,11.8979],[78.6887,11.8991],[78.6935,11.8912],[78.7069,11.8916],[78.7134,11.904],[78.7249,11.9165],[78.7154,11.9278],[78.7129,11.9268],[78.7059,11.9349],[78.7075,11.9445],[78.713,11.9468],[78.7119,11.9612],[78.7188,11.9807],[78.7048,11.9819],[78.7015,11.9847],[78.699,11.9895],[78.7047,11.9968],[78.7011,12.0015],[78.7023,12.0107],[78.7108,12.0439],[78.7231,12.073],[78.7268,12.0924],[78.7299,12.0949],[78.7307,12.1009],[78.7384,12.111],[78.7371,12.1139],[78.7426,12.1189],[78.7478,12.1264],[78.741,12.135],[78.6983,12.1157],[78.6922,12.1144],[78.6882,12.108],[78.6644,12.1035],[78.6671,12.1139],[78.6608,12.1213],[78.6598,12.1245],[78.6526,12.129],[78.6361,12.1282],[78.6336,12.1305],[78.6369,12.1443],[78.6402,12.1478],[78.6452,12.1502],[78.6499,12.1585],[78.6499,12.1627],[78.6351,12.177],[78.6232,12.1863],[78.6138,12.187],[78.6071,12.1848],[78.6002,12.1787],[78.5945,12.1711],[78.5886,12.1684],[78.5793,12.1665],[78.5769,12.1714],[78.5714,12.1979],[78.5668,12.1985],[78.5495,12.1846],[78.5428,12.1828],[78.5145,12.1826],[78.5078,12.1808],[78.5068,12.1685],[78.4979,12.1496],[78.4987,12.1404],[78.4944,12.1411],[78.4867,12.1371],[78.4844,12.1373],[78.4545,12.1483],[78.4565,12.156],[78.4572,12.1748],[78.4479,12.1828],[78.4314,12.1936],[78.4053,12.1934],[78.3987,12.1976],[78.3948,12.1983],[78.3861,12.1932],[78.3751,12.1903],[78.3676,12.197],[78.3589,12.199],[78.3586,12.2031],[78.3608,12.2095],[78.3678,12.212],[78.3753,12.2114],[78.385,12.2207],[78.3855,12.2288],[78.3695,12.2356],[78.358,12.2318],[78.3539,12.2332],[78.3435,12.233],[78.3376,12.2348],[78.3379,12.2468],[78.3342,12.2518],[78.3324,12.2621],[78.3212,12.2665],[78.3185,12.2709],[78.314,12.2742],[78.3111,12.2739],[78.3048,12.2663],[78.2884,12.2723],[78.2836,12.2769],[78.2734,12.2722],[78.2657,12.2654],[78.2545,12.2691],[78.2538,12.2725],[78.2518,12.2742],[78.2522,12.2762],[78.246,12.2855],[78.2491,12.2956],[78.2458,12.2982],[78.2456,12.3018],[78.2363,12.3075],[78.2231,12.3121],[78.2251,12.3201],[78.2208,12.3241],[78.2213,12.328],[78.2235,12.3297],[78.2323,12.3313],[78.2379,12.3373],[78.2325,12.345],[78.2313,12.3493],[78.2328,12.3572],[78.2248,12.3591],[78.2184,12.3572],[78.2099,12.3505],[78.2031,12.3423],[78.1967,12.3422],[78.1965,12.3448],[78.193,12.3481],[78.1909,12.3482],[78.19,12.3459],[78.1819,12.3492],[78.1804,12.3478],[78.1757,12.3502],[78.17,12.35],[78.1693,12.3541],[78.1622,12.3608],[78.1609,12.364],[78.1604,12.3688],[78.164,12.3781],[78.1535,12.382],[78.1507,12.3846],[78.1486,12.3842],[78.1473,12.3862],[78.1404,12.3896],[78.1338,12.4188],[78.1316,12.4225],[78.1316,12.4256],[78.1344,12.4304],[78.1326,12.4369],[78.1428,12.4479],[78.1445,12.453],[78.1439,12.4561],[78.1187,12.474],[78.1161,12.4859],[78.1088,12.4895],[78.1051,12.4843],[78.1013,12.4833],[78.0987,12.4789],[78.0964,12.4786],[78.081,12.4871],[78.0792,12.4913],[78.079,12.5012],[78.0752,12.5059],[78.0595,12.5071],[78.0547,12.5128],[78.0482,12.5176],[78.0447,12.5177],[78.042,12.5161],[78.0381,12.5192],[78.0319,12.5213],[78.01,12.5237],[78.0079,12.5342],[78.0084,12.5452],[78.0041,12.5468],[77.9961,12.5437],[77.9914,12.5437],[77.9895,12.5442],[77.9871,12.5498],[77.9846,12.5509],[77.9814,12.5498],[77.981,12.5424],[77.9798,12.5409],[77.976,12.538],[77.9716,12.5384],[77.9674,12.5364],[77.9617,12.5259],[77.9548,12.522],[77.9509,12.5247],[77.9506,12.5309],[77.947,12.5398],[77.9368,12.5458],[77.9183,12.5359],[77.9059,12.5382],[77.9015,12.5346],[77.8993,12.5306],[77.9043,12.5278],[77.9075,12.522],[77.9207,12.522],[77.9232,12.5203],[77.9277,12.5127],[77.9297,12.5061],[77.9279,12.5035],[77.9245,12.5019],[77.9205,12.488],[77.9288,12.4772],[77.936,12.4822],[77.9379,12.4855],[77.9427,12.4865],[77.9616,12.4683],[77.9628,12.4619],[77.9694,12.451],[77.9674,12.4422],[77.9689,12.439],[77.9677,12.4329],[77.9548,12.4149],[77.9503,12.4121],[77.9522,12.4007],[77.9573,12.3914],[77.9576,12.3879],[77.9531,12.3806],[77.9528,12.3725],[77.951,12.3668],[77.937,12.3568],[77.9332,12.3555],[77.9215,12.357],[77.9139,12.3562],[77.899,12.3614],[77.8869,12.3616],[77.8832,12.3613],[77.872,12.355],[77.872,12.3492],[77.8753,12.3471],[77.8746,12.3422],[77.8801,12.3231],[77.8784,12.3066],[77.8748,12.2962],[77.872,12.2819],[77.8729,12.2811],[77.8704,12.2802],[77.8612,12.2643],[77.842,12.2643],[77.8236,12.2426],[77.8144,12.2258],[77.8133,12.1985],[77.8093,12.1857],[77.804,12.1797],[77.8017,12.1746],[77.8003,12.1545],[77.7992,12.1529],[77.7947,12.153],[77.7827,12.159],[77.7788,12.1649],[77.7778,12.1721],[77.7748,12.1756],[77.7602,12.1697],[77.7514,12.1612],[77.7507,12.1586],[77.7521,12.1533],[77.7519,12.14],[77.7643,12.128],[77.7788,12.1199],[77.7807,12.116],[77.7797,12.1117],[77.7742,12.1087],[77.7681,12.1027],[77.7579,12.0801],[77.7438,12.0695],[77.7276,12.061],[77.7244,12.0521],[77.7209,12.0503],[77.698,12.017],[77.6752,11.9646],[77.6745,11.961],[77.6765,11.9504]]]]}},{"type":"Feature","properties":{"kind":"district","name":"Namakkal"},"geometry":{"type":"MultiPolygon","coordinates":[[[[78.4869,11.4043],[78.487,11.41],[78.4833,11.41],[78.4821,11.405],[78.4789,11.4037],[78.4752,11.403],[78.4739,11.4062],[78.4699,11.4062],[78.4689,11.403],[78.4648,11.4033],[78.4526,11.3994],[78.441,11.392],[78.4383,11.388],[78.4285,11.3848],[78.4336,11.3922],[78.4461,11.3991],[78.4467,11.4121],[78.4493,11.4176],[78.4476,11.4221],[78.4538,11.432],[78.4573,11.4341],[78.458,11.4376],[78.4476,11.4394],[78.4449,11.4508],[78.4369,11.4611],[78.4341,11.4616],[78.4323,11.4652],[78.4283,11.4663],[78.426,11.4706],[78.433,11.4736],[78.4336,11.4809],[78.4381,11.4819],[78.4386,11.4852],[78.4342,11.4861],[78.4374,11.4922],[78.437,11.4959],[78.4418,11.4946],[78.4573,11.4966],[78.4641,11.4951],[78.4655,11.501],[78.4727,11.5166],[78.4715,11.5268],[78.4618,11.5277],[78.46,11.5319],[78.4692,11.5344],[78.4546,11.5396],[78.4616,11.5575],[78.4551,11.5635],[78.4506,11.5626],[78.4527,11.5945],[78.4355,11.5941],[78.4299,11.5902],[78.4186,11.5873],[78.3875,11.5835],[78.3838,11.5739],[78.3766,11.5749],[78.3787,11.5841],[78.3757,11.5852],[78.3739,11.5765],[78.3683,11.5753],[78.3643,11.5688],[78.3565,11.5613],[78.3585,11.5575],[78.3492,11.5511],[78.3457,11.5465],[78.3472,11.542],[78.3457,11.5367],[78.3393,11.5364],[78.3321,11.5312],[78.3278,11.5342],[78.3138,11.5378],[78.3133,11.5406],[78.3241,11.5418],[78.3253,11.5444],[78.3247,11.5492],[78.3296,11.5564],[78.324,11.5592],[78.3082,11.5627],[78.3069,11.5648],[78.309,11.5736],[78.3195,11.5727],[78.3215,11.582],[78.3146,11.5839],[78.3146,11.5872],[78.3075,11.5918],[78.297,11.5907],[78.2874,11.588],[78.2676,11.5796],[78.2596,11.5713],[78.2597,11.5674],[78.2804,11.5629],[78.2675,11.5576],[78.2461,11.5528],[78.2302,11.5579],[78.208,11.5619],[78.2029,11.5505],[78.1784,11.5485],[78.1762,11.5448],[78.1721,11.5442],[78.1686,11.5463],[78.1656,11.5443],[78.1644,11.5387],[78.1608,11.5401],[78.16,11.5364],[78.1476,11.5372],[78.1393,11.5412],[78.1335,11.5417],[78.1323,11.537],[78.1291,11.5357],[78.1264,11.5395],[78.1211,11.5375],[78.1114,11.5485],[78.1099,11.5536],[78.1045,11.5539],[78.096,11.5444],[78.0875,11.5436],[78.088,11.5526],[78.0844,11.5527],[78.0776,11.5394],[78.077,11.5342],[78.0791,11.5221],[78.0736,11.5204],[78.069,11.5211],[78.0626,11.5148],[78.0568,11.5164],[78.0615,11.5138],[78.0586,11.5127],[78.0461,11.5126],[78.0477,11.5162],[78.0393,11.5199],[78.0394,11.5176],[78.034,11.519],[78.0327,11.5234],[78.0336,11.528],[78.0274,11.5276],[78.0239,11.5251],[78.0191,11.5284],[78.003,11.5216],[77.9824,11.5274],[77.9773,11.5235],[77.9756,11.5167],[77.9778,11.5009],[77.9744,11.4917],[77.9735,11.483],[77.9748,11.4729],[77.9734,11.4686],[77.9673,11.4673],[77.9491,11.4698],[77.9408,11.4585],[77.9273,11.4598],[77.9236,11.453],[77.9134,11.4516],[77.9128,11.4314],[77.902,11.4191],[77.8941,11.416],[77.8917,11.4202],[77.888,11.4221],[77.8795,11.421],[77.8788,11.4148],[77.8742,11.4098],[77.8697,11.4129],[77.8665,11.4125],[77.8662,11.4182],[77.8571,11.41],[77.8473,11.421],[77.8488,11.4312],[77.847,11.4346],[77.8378,11.4385],[77.8318,11.4387],[77.8286,11.441],[77.8241,11.441],[77.8229,11.4453],[77.8353,11.4533],[77.8308,11.4657],[77.82,11.4654],[77.8195,11.4636],[77.8212,11.4614],[77.8169,11.4586],[77.8169,11.4541],[77.8074,11.4568],[77.806,11.4468],[77.8003,11.4476],[77.7961,11.4465],[77.787,11.45],[77.7874,11.4581],[77.7948,11.4632],[77.7952,11.4648],[77.789,11.4691],[77.7872,11.4741],[77.7826,11.4774],[77.7704,11.48],[77.7681,11.4769],[77.7665,11.4678],[77.7599,11.4501],[77.7398,11.4423],[77.7335,11.4433],[77.7226,11.4534],[77.7158,11.4483],[77.7094,11.4503],[77.7138,11.4599],[77.7105,11.4643],[77.6969,11.4596],[77.6875,11.4422],[77.6841,11.4204],[77.6852,11.4149],[77.6944,11.408],[77.7039,11.3942],[77.7048,11.3906],[77.709,11.3866],[77.7136,11.3847],[77.7226,11.3734],[77.7401,11.366],[77.754,11.3506],[77.7565,11.3395],[77.7611,11.3311],[77.7733,11.3199],[77.786,11.2982],[77.7973,11.2854],[77.809,11.2659],[77.8113,11.267],[77.8137,11.2634],[77.8428,11.2585],[77.8629,11.2456],[77.8674,11.2371],[77.8724,11.2128],[77.8652,11.1949],[77.8631,11.1828],[77.8688,11.1719],[77.8842,11.1581],[77.8848,11.139],[77.883,11.1271],[77.8848,11.1144],[77.8838,11.1086],[77.8847,11.1035],[77.8887,11.0975],[77.8902,11.081],[77.8932,11.0775],[77.9031,11.0726],[77.9205,11.0713],[77.9328,11.0686],[77.9403,11.066],[77.9512,11.0658],[77.9705,11.0773],[77.9886,11.092],[77.9944,11.0922],[77.9962,11.0942],[77.9982,11.0933],[78.0008,11.0952],[78.0136,11.0945],[78.035,11.0878],[78.05,11.0782],[78.0573,11.0753],[78.0772,11.0782],[78.0903,11.0778],[78.0965,11.0761],[78.107,11.07],[78.1305,11.047],[78.1458,11.0389],[78.1686,11.012],[78.1745,11.0131],[78.184,11.019],[78.1959,11.0224],[78.1992,11.0282],[78.1974,11.0311],[78.1969,11.0373],[78.1986,11.0408],[78.1968,11.0447],[78.189,11.044],[78.1848,11.0406],[78.1656,11.0448],[78.1663,11.0488],[78.1834,11.0681],[78.1964,11.063],[78.204,11.0728],[78.2209,11.0647],[78.2227,11.0618],[78.2224,11.0571],[78.2285,11.0535],[78.2316,11.062],[78.237,11.0668],[78.2335,11.0819],[78.2297,11.0879],[78.2302,11.0943],[78.2488,11.092],[78.2652,11.0682],[78.2664,11.0708],[78.2696,11.0706],[78.2756,11.0776],[78.2844,11.0775],[78.2928,11.0758],[78.2973,11.0709],[78.3245,11.0575],[78.3262,11.0498],[78.328,11.0493],[78.3294,11.0314],[78.3453,11.0257],[78.3497,11.0387],[78.351,11.0476],[78.3602,11.0466],[78.3631,11.0637],[78.3541,11.0673],[78.3472,11.0771],[78.3405,11.0796],[78.3387,11.0821],[78.3398,11.0911],[78.3301,11.094],[78.3265,11.0988],[78.3363,11.1045],[78.3438,11.1123],[78.3472,11.1219],[78.3456,11.1325],[78.3472,11.1376],[78.3499,11.1362],[78.3705,11.1366],[78.3764,11.1342],[78.3796,11.1399],[78.3828,11.1396],[78.3781,11.1764],[78.3869,11.1763],[78.3819,11.188],[78.3918,11.1895],[78.4012,11.1943],[78.4098,11.1966],[78.4175,11.21],[78.4216,11.2116],[78.4218,11.2204],[78.4245,11.2225],[78.43,11.239],[78.4403,11.2576],[78.44,11.268],[78.4464,11.2727],[78.4511,11.2785],[78.4566,11.3016],[78.4596,11.3056],[78.4636,11.3056],[78.4668,11.312],[78.4625,11.3225],[78.4571,11.3258],[78.4567,11.3299],[78.4525,11.3288],[78.45,11.3305],[78.451,11.3333],[78.4482,11.3371],[78.4482,11.3433],[78.4586,11.3387],[78.461,11.3402],[78.4575,11.3451],[78.4568,11.3513],[78.4665,11.378],[78.4711,11.3858],[78.4774,11.3858],[78.4833,11.3895],[78.4863,11.3972],[78.4869,11.4043]]]]}},{"type":"Feature","properties":{"kind":"district","name":"Cuddalore"},"geometry":{"type":"MultiPolygon","coordinates":[[[[79.7081,11.8886],[79.6975,11.889],[79.6966,11.8864],[79.6938,11.885],[79.6886,11.8854],[79.6904,11.8828],[79.6904,11.8681],[79.6922,11.8632],[79.6958,11.8606],[79.6961,11.8444],[79.7031,11.8324],[79.686,11.8335],[79.6862,11.8291],[79.6898,11.8292],[79.691,11.8208],[79.6869,11.8219],[79.6838,11.8133],[79.6887,11.813],[79.6909,11.8086],[79.6891,11.8016],[79.6834,11.8008],[79.6808,11.7961],[79.675,11.8022],[79.6753,11.8077],[79.6691,11.8107],[79.6654,11.8108],[79.6621,11.8097],[79.655,11.8029],[79.6473,11.7988],[79.6432,11.7989],[79.6368,11.8011],[79.62,11.8231],[79.6078,11.8287],[79.5934,11.8402],[79.5876,11.8421],[79.5684,11.8394],[79.5437,11.8489],[79.5278,11.8588],[79.5211,11.8599],[79.5157,11.8565],[79.4765,11.8698],[79.4561,11.8712],[79.4565,11.867],[79.4544,11.8646],[79.4517,11.8557],[79.4536,11.8487],[79.4586,11.8462],[79.4713,11.848],[79.4723,11.8456],[79.4701,11.8439],[79.4716,11.8391],[79.4704,11.8334],[79.4766,11.8366],[79.4791,11.8362],[79.4812,11.8336],[79.4827,11.8303],[79.4786,11.8222],[79.4849,11.8081],[79.4748,11.805],[79.4735,11.7991],[79.4658,11.8],[79.4648,11.8079],[79.4436,11.8089],[79.4397,11.7914],[79.4433,11.7682],[79.4416,11.7643],[79.4503,11.7628],[79.4524,11.7678],[79.4551,11.7695],[79.4634,11.7696],[79.4665,11.768],[79.4637,11.761],[79.4649,11.7494],[79.4638,11.7442],[79.461,11.7397],[79.4542,11.7347],[79.4468,11.7323],[79.4378,11.7346],[79.4334,11.734],[79.4296,11.7315],[79.4366,11.7223],[79.4375,11.7141],[79.4364,11.6992],[79.4424,11.6915],[79.4455,11.6652],[79.4401,11.6664],[79.4337,11.6639],[79.4301,11.6672],[79.4228,11.6654],[79.4207,11.6697],[79.3959,11.6762],[79.395,11.6797],[79.3833,11.6799],[79.3617,11.6718],[79.3632,11.661],[79.3518,11.6585],[79.3374,11.6615],[79.3331,11.6599],[79.3297,11.6512],[79.3219,11.6487],[79.3209,11.6453],[79.3176,11.6427],[79.3139,11.644],[79.3112,11.6343],[79.2977,11.6355],[79.2975,11.6431],[79.2903,11.649],[79.2865,11.6492],[79.2795,11.6467],[79.272,11.6468],[79.272,11.6432],[79.2587,11.6508],[79.2503,11.6513],[79.2495,11.6477],[79.2398,11.6412],[79.2363,11.6286],[79.227,11.6325],[79.2231,11.6397],[79.2173,11.6396],[79.2117,11.6353],[79.213,11.6222],[79.2049,11.6155],[79.2045,11.6122],[79.2008,11.6125],[79.1945,11.6025],[79.1943,11.596],[79.1854,11.5876],[79.18,11.5884],[79.1643,11.5966],[79.1546,11.5985],[79.1494,11.5911],[79.1467,11.5893],[79.141,11.5894],[79.137,11.5918],[79.1323,11.5973],[79.1278,11.5975],[79.125,11.6004],[79.1178,11.5992],[79.1209,11.607],[79.1172,11.6073],[79.1169,11.6128],[79.1152,11.6146],[79.109,11.6152],[79.1046,11.6128],[79.0931,11.626],[79.0831,11.6226],[79.0715,11.621],[79.0722,11.6108],[79.075,11.6086],[79.0788,11.608],[79.079,11.5986],[79.0682,11.5971],[79.0675,11.594],[79.0593,11.592],[79.0556,11.5869],[79.0496,11.5875],[79.046,11.5896],[79.048,11.5925],[79.0222,11.591],[79.0189,11.5928],[79.0156,11.5844],[79.0172,11.5816],[79.0165,11.5798],[79.0055,11.5669],[78.9967,11.5657],[78.9878,11.5603],[78.981,11.5593],[78.9704,11.564],[78.9625,11.5721],[78.95,11.5718],[78.9456,11.571],[78.9362,11.5657],[78.9308,11.5662],[78.9219,11.5569],[78.9152,11.5325],[78.9184,11.5303],[78.9169,11.5264],[78.9135,11.5239],[78.9056,11.5035],[78.8763,11.5062],[78.8805,11.5015],[78.884,11.4941],[78.89,11.49],[78.8906,11.4861],[78.9093,11.4716],[78.9107,11.4623],[78.9173,11.4593],[78.9207,11.4521],[78.9256,11.45],[78.9284,11.4417],[78.941,11.4309],[78.949,11.4172],[78.955,11.4126],[78.9588,11.4115],[78.9598,11.407],[78.9655,11.4023],[78.9711,11.4032],[78.9842,11.4001],[78.9939,11.4055],[79.0005,11.4044],[79.0163,11.3975],[79.0347,11.3943],[79.044,11.3997],[79.0528,11.4028],[79.0652,11.4029],[79.0847,11.3981],[79.0948,11.3987],[79.1085,11.4024],[79.1251,11.3977],[79.1455,11.3854],[79.164,11.382],[79.1774,11.3746],[79.1813,11.375],[79.1852,11.3776],[79.2036,11.3837],[79.21,11.3847],[79.2171,11.3892],[79.2344,11.3932],[79.2384,11.3912],[79.2414,11.3825],[79.2415,11.3729],[79.2457,11.3707],[79.2526,11.3752],[79.2569,11.3867],[79.2597,11.3896],[79.2685,11.3872],[79.2772,11.3884],[79.2766,11.3832],[79.2792,11.381],[79.2831,11.3833],[79.2876,11.3813],[79.2992,11.382],[79.2984,11.3841],[79.3019,11.3843],[79.3033,11.3869],[79.3029,11.3931],[79.2969,11.4098],[79.2973,11.4131],[79.3147,11.4176],[79.3147,11.4194],[79.3227,11.4209],[79.3251,11.4187],[79.3353,11.4202],[79.3471,11.4171],[79.3568,11.4205],[79.3704,11.4204],[79.3792,11.4122],[79.3787,11.4065],[79.3757,11.4062],[79.376,11.4048],[79.3743,11.4042],[79.3746,11.3999],[79.3838,11.3993],[79.384,11.3982],[79.3856,11.3984],[79.3859,11.4035],[79.3843,11.4035],[79.3839,11.4019],[79.3807,11.4018],[79.3791,11.405],[79.381,11.4056],[79.3825,11.412],[79.3869,11.4101],[79.3866,11.4086],[79.3894,11.4069],[79.3901,11.4047],[79.3949,11.4042],[79.3958,11.4004],[79.3926,11.4002],[79.3925,11.3929],[79.3908,11.3904],[79.3933,11.389],[79.3927,11.3799],[79.3954,11.3778],[79.3913,11.3682],[79.3949,11.3674],[79.3954,11.3559],[79.4019,11.3522],[79.4061,11.3567],[79.4065,11.3558],[79.4088,11.3614],[79.4218,11.3564],[79.425,11.3579],[79.4262,11.357],[79.4386,11.3578],[79.4382,11.3498],[79.4341,11.3489],[79.4347,11.3473],[79.4328,11.3432],[79.4373,11.3412],[79.4392,11.3345],[79.448,11.3333],[79.4488,11.3358],[79.4509,11.3352],[79.4566,11.3284],[79.4566,11.3264],[79.4577,11.3264],[79.4578,11.3285],[79.4597,11.3266],[79.4614,11.3273],[79.463,11.3217],[79.4655,11.321],[79.4658,11.3191],[79.4735,11.3183],[79.477,11.3145],[79.4891,11.3169],[79.4979,11.315],[79.5015,11.3122],[79.4992,11.3048],[79.5,11.2942],[79.5021,11.2909],[79.5019,11.2763],[79.5045,11.2729],[79.5049,11.2584],[79.4982,11.2583],[79.4966,11.2492],[79.5076,11.2375],[79.5081,11.2332],[79.5142,11.2275],[79.5102,11.2226],[79.5058,11.2044],[79.4829,11.1743],[79.4744,11.1743],[79.4677,11.1704],[79.4603,11.1505],[79.4651,11.1555],[79.4834,11.1633],[79.5019,11.1754],[79.5113,11.1774],[79.5137,11.1794],[79.5256,11.1832],[79.5573,11.2028],[79.5722,11.2095],[79.5994,11.2186],[79.6069,11.2261],[79.6115,11.2372],[79.6132,11.251],[79.619,11.2557],[79.6224,11.2557],[79.6271,11.252],[79.6385,11.2467],[79.6495,11.251],[79.6495,11.2619],[79.6441,11.284],[79.6467,11.2937],[79.6529,11.3009],[79.6636,11.3058],[79.677,11.3067],[79.6981,11.3223],[79.7206,11.3432],[79.7292,11.3486],[79.7345,11.3506],[79.7609,11.3524],[79.7614,11.3574],[79.759,11.3731],[79.762,11.3782],[79.7658,11.3814],[79.7706,11.3829],[79.7851,11.3736],[79.791,11.3724],[79.7971,11.3749],[79.8055,11.3836],[79.8104,11.4108],[79.8135,11.4191],[79.805,11.4468],[79.7844,11.4865],[79.7806,11.4994],[79.781,11.5042],[79.7711,11.5152],[79.7634,11.5347],[79.7601,11.5485],[79.7576,11.579],[79.7612,11.6212],[79.7665,11.6518],[79.7761,11.6936],[79.7827,11.7053],[79.7813,11.7098],[79.7826,11.72],[79.7932,11.7651],[79.7969,11.7889],[79.7939,11.7911],[79.7913,11.7909],[79.7878,11.789],[79.7812,11.7884],[79.7764,11.7841],[79.7742,11.785],[79.7762,11.7891],[79.7753,11.7915],[79.7706,11.786],[79.7664,11.787],[79.766,11.7856],[79.7624,11.7882],[79.7579,11.7789],[79.7543,11.7764],[79.7405,11.7816],[79.7328,11.7818],[79.7294,11.7836],[79.7258,11.7874],[79.7202,11.7887],[79.7184,11.7905],[79.7175,11.7953],[79.7224,11.7977],[79.7285,11.7983],[79.7309,11.804],[79.7339,11.8057],[79.7308,11.8103],[79.7402,11.809],[79.7355,11.8208],[79.7315,11.8365],[79.7316,11.8377],[79.7373,11.8381],[79.7371,11.8438],[79.7468,11.8394],[79.7539,11.8381],[79.7625,11.8336],[79.7644,11.8257],[79.7675,11.8239],[79.773,11.8234],[79.7753,11.8291],[79.7824,11.8322],[79.7982,11.8267],[79.7996,11.8318],[79.794,11.8331],[79.7973,11.8399],[79.8073,11.8313],[79.809,11.8368],[79.806,11.8364],[79.804,11.8454],[79.7978,11.8543],[79.7796,11.8563],[79.7776,11.8488],[79.7748,11.8463],[79.7739,11.8388],[79.7702,11.8375],[79.7657,11.8397],[79.7593,11.8504],[79.763,11.8574],[79.766,11.8588],[79.7622,11.8759],[79.7564,11.877],[79.752,11.8759],[79.7525,11.8718],[79.7501,11.8644],[79.7512,11.853],[79.7478,11.8501],[79.7421,11.8496],[79.7395,11.8642],[79.7311,11.8674],[79.7284,11.8639],[79.7206,11.8636],[79.7188,11.8565],[79.7083,11.8746],[79.7081,11.8886]],[[79.6995,11.823],[79.7023,11.8224],[79.7042,11.8139],[79.6933,11.8142],[79.695,11.8223],[79.6995,11.823]]],[[[79.7749,11.9022],[79.7718,11.902],[79.7728,11.9002],[79.7712,11.8953],[79.7728,11.8879],[79.7722,11.884],[79.7743,11.8837],[79.7739,11.8774],[79.7803,11.8791],[79.781,11.8744],[79.7787,11.8672],[79.7799,11.8636],[79.7849,11.8631],[79.7906,11.878],[79.7902,11.88],[79.7925,11.8821],[79.7967,11.8911],[79.7964,11.8981],[79.7884,11.896],[79.7812,11.9031],[79.7754,11.9044],[79.7749,11.9022]]]]}},{"type":"Feature","properties":{"kind":"district","name":"Pudukkottai"},"geometry":{"type":"MultiPolygon","coordinates":[[[[78.991,9.9466],[78.9953,9.9429],[79.0003,9.927],[79.0083,9.9162],[79.0112,9.9098],[79.0165,9.9046],[79.0194,9.9033],[79.0233,9.9038],[79.025,9.8997],[79.0337,9.8895],[79.0419,9.8756],[79.0429,9.8692],[79.0466,9.8612],[79.0502,9.8593],[79.061,9.8595],[79.0701,9.852],[79.0766,9.854],[79.0823,9.8536],[79.0954,9.8581],[79.1001,9.8574],[79.1087,9.8503],[79.1146,9.8475],[79.1211,9.8544],[79.1237,9.8599],[79.1228,9.866],[79.1186,9.8689],[79.1188,9.875],[79.125,9.8853],[79.1264,9.892],[79.1374,9.9016],[79.152,9.9179],[79.1532,9.9215],[79.1524,9.9273],[79.1545,9.9317],[79.1631,9.9383],[79.1877,9.9642],[79.1991,9.9717],[79.202,9.9803],[79.2411,10.0226],[79.2517,10.0305],[79.267,10.0377],[79.2542,10.0471],[79.2526,10.0528],[79.2546,10.0609],[79.2529,10.0661],[79.2466,10.0719],[79.2369,10.0741],[79.2294,10.0887],[79.2266,10.0998],[79.2295,10.1054],[79.2282,10.1122],[79.2318,10.1234],[79.2373,10.1283],[79.2329,10.1294],[79.2306,10.1317],[79.2289,10.1348],[79.2297,10.1415],[79.2188,10.1401],[79.206,10.1408],[79.2065,10.1438],[79.2106,10.1446],[79.2103,10.1464],[79.2066,10.1493],[79.2071,10.1539],[79.2048,10.1567],[79.2044,10.1614],[79.1964,10.1613],[79.1946,10.1645],[79.1834,10.1621],[79.1666,10.1639],[79.1651,10.1607],[79.1606,10.1599],[79.1539,10.1631],[79.1528,10.1682],[79.1598,10.1744],[79.1582,10.1765],[79.16,10.1823],[79.1575,10.1873],[79.1539,10.1884],[79.1533,10.1984],[79.1596,10.2029],[79.1642,10.2035],[79.1644,10.2062],[79.1703,10.2056],[79.1705,10.2023],[79.1752,10.2014],[79.177,10.1986],[79.1778,10.2027],[79.1826,10.2032],[79.1854,10.2009],[79.1855,10.2052],[79.1888,10.2066],[79.1864,10.2102],[79.1825,10.2112],[79.1819,10.2192],[79.1757,10.221],[79.1724,10.2181],[79.1654,10.2214],[79.1596,10.2217],[79.157,10.2205],[79.1529,10.2218],[79.1486,10.2186],[79.1448,10.2204],[79.149,10.2309],[79.1459,10.232],[79.1462,10.2377],[79.1395,10.2388],[79.135,10.238],[79.1329,10.2354],[79.1285,10.2351],[79.1221,10.2358],[79.1176,10.2381],[79.117,10.2526],[79.1285,10.2536],[79.1303,10.2558],[79.1305,10.2613],[79.1338,10.2657],[79.1314,10.2677],[79.1327,10.274],[79.1278,10.2802],[79.1276,10.2842],[79.1222,10.2876],[79.1235,10.2939],[79.1216,10.2949],[79.1228,10.3018],[79.1202,10.3024],[79.1226,10.3083],[79.1279,10.3091],[79.1273,10.3123],[79.1292,10.3172],[79.1316,10.3221],[79.1356,10.3254],[79.1319,10.3304],[79.1286,10.3281],[79.1248,10.3282],[79.1237,10.3253],[79.1202,10.3254],[79.1197,10.331],[79.1229,10.3324],[79.1221,10.3346],[79.1256,10.3366],[79.1315,10.338],[79.1348,10.335],[79.1427,10.3403],[79.1417,10.3416],[79.1446,10.3452],[79.1501,10.344],[79.1489,10.3549],[79.1523,10.3568],[79.1491,10.3627],[79.1455,10.3646],[79.1449,10.3673],[79.1488,10.37],[79.1462,10.3724],[79.1494,10.3761],[79.1466,10.3795],[79.1462,10.3839],[79.1485,10.3899],[79.1526,10.3942],[79.1554,10.4002],[79.1462,10.4128],[79.1325,10.4271],[79.1295,10.434],[79.1309,10.4365],[79.1333,10.4361],[79.1385,10.4386],[79.1442,10.4447],[79.1414,10.4464],[79.1414,10.4494],[79.1469,10.4497],[79.1522,10.4474],[79.1555,10.45],[79.1525,10.455],[79.1537,10.4575],[79.1504,10.4599],[79.1534,10.4637],[79.1586,10.4626],[79.1567,10.4533],[79.1599,10.4478],[79.1685,10.4492],[79.1768,10.4473],[79.1763,10.4504],[79.1685,10.4535],[79.1692,10.4562],[79.1737,10.4559],[79.1752,10.4591],[79.1794,10.4577],[79.1798,10.4602],[79.1925,10.4599],[79.1923,10.4621],[79.1958,10.4632],[79.1946,10.4688],[79.1923,10.4688],[79.1898,10.4714],[79.1848,10.4716],[79.181,10.474],[79.182,10.4754],[79.1731,10.478],[79.1742,10.4821],[79.1711,10.4817],[79.1692,10.4772],[79.1633,10.4753],[79.1615,10.4729],[79.1578,10.4766],[79.154,10.4754],[79.148,10.4861],[79.1402,10.4858],[79.1352,10.4883],[79.1307,10.4953],[79.1408,10.4992],[79.1433,10.5136],[79.1518,10.5185],[79.1558,10.5236],[79.1514,10.5245],[79.1527,10.5295],[79.1605,10.5326],[79.1708,10.5318],[79.171,10.5346],[79.1756,10.5344],[79.182,10.5399],[79.1858,10.5381],[79.1874,10.5413],[79.1846,10.5565],[79.1904,10.5556],[79.1902,10.5594],[79.1922,10.5596],[79.1926,10.562],[79.1895,10.5669],[79.193,10.5698],[79.1918,10.579],[79.1844,10.576],[79.1837,10.5714],[79.1799,10.5721],[79.1794,10.5871],[79.1736,10.5828],[79.1694,10.585],[79.1701,10.5873],[79.165,10.5884],[79.1437,10.5876],[79.1436,10.5947],[79.1402,10.5978],[79.146,10.6024],[79.1461,10.6047],[79.1409,10.611],[79.1429,10.6128],[79.1422,10.6148],[79.1397,10.6145],[79.1284,10.6346],[79.1272,10.6319],[79.1206,10.6315],[79.107,10.6168],[79.1053,10.6187],[79.1047,10.6231],[79.1017,10.6231],[79.102,10.6252],[79.0951,10.6259],[79.0932,10.6297],[79.0866,10.6318],[79.0827,10.6315],[79.0824,10.6333],[79.0713,10.6374],[79.0686,10.6434],[79.068,10.6506],[79.0701,10.6555],[79.0662,10.6553],[79.0696,10.6711],[79.0666,10.6712],[79.0642,10.6695],[79.0545,10.6705],[79.0559,10.6744],[79.0424,10.6778],[79.0186,10.6757],[79.0202,10.6819],[79.0174,10.6818],[79.0163,10.6863],[79.0192,10.6893],[79.0186,10.6914],[79.0228,10.6909],[79.0342,10.6948],[79.0334,10.6975],[79.01,10.6995],[79.0107,10.7032],[79.0055,10.7076],[79.0125,10.7125],[79.0124,10.714],[79.0073,10.7142],[79.006,10.7178],[79.0004,10.7236],[78.9907,10.7196],[78.9881,10.7158],[78.9876,10.7102],[78.9894,10.7027],[78.9826,10.6918],[78.9842,10.684],[78.9774,10.68],[78.9711,10.6799],[78.9695,10.6759],[78.9723,10.6719],[78.9714,10.6686],[78.9569,10.6795],[78.955,10.6786],[78.9551,10.6768],[78.9488,10.6803],[78.9478,10.6854],[78.9425,10.6887],[78.9376,10.6871],[78.9414,10.6853],[78.9425,10.6815],[78.9473,10.6757],[78.9463,10.6737],[78.9389,10.6766],[78.9376,10.6723],[78.9314,10.6742],[78.9276,10.6737],[78.9265,10.6744],[78.9274,10.6754],[78.925,10.6758],[78.9257,10.6743],[78.9223,10.6742],[78.9298,10.6712],[78.9287,10.6689],[78.9269,10.6697],[78.9255,10.6687],[78.9214,10.6694],[78.9197,10.6711],[78.9089,10.6722],[78.9061,10.6804],[78.9024,10.6802],[78.8978,10.6835],[78.8942,10.688],[78.8932,10.6936],[78.8837,10.6949],[78.8719,10.7072],[78.8734,10.6889],[78.8648,10.6886],[78.8609,10.6913],[78.8493,10.6907],[78.848,10.6929],[78.8383,10.6924],[78.83,10.6943],[78.8213,10.6944],[78.8208,10.6879],[78.8151,10.6838],[78.8106,10.6725],[78.8042,10.6741],[78.8036,10.6767],[78.8063,10.678],[78.8051,10.6803],[78.8009,10.6799],[78.8,10.6765],[78.8016,10.6719],[78.7981,10.6646],[78.7795,10.6641],[78.7737,10.666],[78.7664,10.6659],[78.7599,10.6643],[78.7596,10.6606],[78.7464,10.6597],[78.7424,10.6617],[78.7372,10.6714],[78.7389,10.6808],[78.7412,10.6837],[78.7455,10.6852],[78.747,10.6879],[78.7469,10.6974],[78.7426,10.699],[78.7441,10.705],[78.7429,10.7092],[78.7374,10.712],[78.7246,10.714],[78.721,10.7157],[78.7156,10.7216],[78.7101,10.7223],[78.7088,10.7308],[78.7064,10.7322],[78.6896,10.7328],[78.6885,10.7283],[78.692,10.7176],[78.6919,10.7077],[78.6964,10.7053],[78.6971,10.7024],[78.6935,10.6953],[78.6876,10.693],[78.6886,10.6893],[78.6838,10.6869],[78.6835,10.6701],[78.6795,10.6697],[78.6686,10.6734],[78.667,10.6592],[78.6638,10.6549],[78.6601,10.6548],[78.6548,10.6572],[78.6542,10.6613],[78.6566,10.6745],[78.6538,10.6809],[78.6595,10.7036],[78.6492,10.7036],[78.6375,10.7078],[78.6301,10.7054],[78.6253,10.6969],[78.625,10.6822],[78.6233,10.6768],[78.6203,10.6763],[78.6144,10.682],[78.6055,10.6729],[78.5961,10.6578],[78.5879,10.6584],[78.5824,10.6573],[78.5763,10.6611],[78.5679,10.6611],[78.5681,10.6733],[78.57,10.6801],[78.5586,10.686],[78.5532,10.687],[78.548,10.676],[78.5454,10.6749],[78.536,10.6767],[78.5352,10.6707],[78.5297,10.6708],[78.5262,10.6744],[78.5194,10.6665],[78.5192,10.665],[78.5221,10.6634],[78.5225,10.6614],[78.5199,10.6601],[78.5198,10.6516],[78.528,10.6464],[78.5298,10.6431],[78.5289,10.6285],[78.4846,10.6386],[78.4744,10.6318],[78.4724,10.6277],[78.47,10.6268],[78.4656,10.6182],[78.4599,10.6178],[78.4584,10.6154],[78.459,10.6111],[78.4571,10.6082],[78.4513,10.6062],[78.4502,10.6021],[78.4537,10.5992],[78.4524,10.5925],[78.4571,10.5909],[78.4592,10.5885],[78.4578,10.5802],[78.4652,10.575],[78.4634,10.5605],[78.4652,10.5589],[78.4669,10.5469],[78.4652,10.5434],[78.4834,10.5406],[78.4909,10.5272],[78.4857,10.5122],[78.4976,10.5087],[78.4989,10.4855],[78.5111,10.483],[78.5224,10.4832],[78.53,10.4869],[78.5304,10.4897],[78.5345,10.4944],[78.5377,10.496],[78.538,10.4996],[78.5412,10.5026],[78.5438,10.508],[78.541,10.5102],[78.5407,10.514],[78.535,10.5149],[78.5375,10.529],[78.5398,10.5305],[78.5464,10.5299],[78.5507,10.5162],[78.5544,10.5152],[78.5622,10.5146],[78.5693,10.5158],[78.57,10.5185],[78.5742,10.5177],[78.5812,10.5228],[78.5829,10.5219],[78.5809,10.5077],[78.5713,10.4887],[78.5864,10.48],[78.5869,10.4771],[78.5898,10.4748],[78.59,10.4658],[78.5875,10.4636],[78.5886,10.457],[78.584,10.4549],[78.5848,10.4438],[78.5821,10.4428],[78.576,10.4454],[78.5728,10.4435],[78.5657,10.4434],[78.5655,10.4385],[78.5626,10.4319],[78.5649,10.4302],[78.5646,10.428],[78.5579,10.4287],[78.5569,10.4265],[78.5533,10.427],[78.5535,10.4336],[78.5346,10.4347],[78.5252,10.4372],[78.5218,10.4312],[78.5197,10.423],[78.5183,10.4154],[78.5189,10.407],[78.5301,10.4011],[78.5308,10.3954],[78.5273,10.3821],[78.5234,10.3769],[78.518,10.3754],[78.5175,10.3717],[78.514,10.3717],[78.5082,10.3762],[78.508,10.3879],[78.4997,10.3876],[78.4984,10.3857],[78.5022,10.3841],[78.5033,10.3756],[78.5055,10.3716],[78.5049,10.3646],[78.4908,10.3562],[78.4984,10.3475],[78.5051,10.3311],[78.5099,10.3253],[78.5077,10.3147],[78.5091,10.3104],[78.5048,10.2979],[78.5061,10.2884],[78.5158,10.2816],[78.5205,10.2825],[78.5232,10.28],[78.5205,10.2757],[78.5207,10.2644],[78.5176,10.2655],[78.5135,10.2701],[78.5153,10.2665],[78.5102,10.2636],[78.4899,10.264],[78.476,10.2693],[78.4547,10.2666],[78.4549,10.2607],[78.4518,10.2545],[78.4511,10.2463],[78.4557,10.2429],[78.4644,10.2404],[78.4728,10.243],[78.4776,10.2467],[78.4837,10.2559],[78.4853,10.2543],[78.477,10.244],[78.4775,10.2419],[78.4801,10.2414],[78.4842,10.2362],[78.4784,10.2306],[78.4765,10.2267],[78.4711,10.2242],[78.4671,10.207],[78.4767,10.2026],[78.4797,10.1983],[78.4893,10.1905],[78.4927,10.1902],[78.4967,10.1921],[78.5019,10.1891],[78.5082,10.1884],[78.5176,10.1911],[78.5143,10.1993],[78.5149,10.2068],[78.5174,10.2092],[78.518,10.2132],[78.5163,10.229],[78.5178,10.2368],[78.523,10.2421],[78.5225,10.2512],[78.5258,10.2571],[78.53,10.2589],[78.5328,10.2568],[78.5418,10.2565],[78.5444,10.2538],[78.5547,10.2484],[78.5578,10.2544],[78.5629,10.2531],[78.5667,10.2565],[78.5732,10.2573],[78.5781,10.2667],[78.5761,10.269],[78.5746,10.2749],[78.5713,10.2774],[78.5728,10.2822],[78.5768,10.2851],[78.5814,10.2859],[78.6029,10.2752],[78.6098,10.274],[78.6134,10.2702],[78.6278,10.2674],[78.6328,10.2577],[78.6312,10.252],[78.6255,10.2482],[78.6328,10.2436],[78.6332,10.2341],[78.6352,10.2294],[78.6456,10.2225],[78.6538,10.2222],[78.6728,10.2059],[78.6717,10.1956],[78.6666,10.1858],[78.6658,10.1793],[78.6702,10.1778],[78.673,10.1747],[78.6707,10.171],[78.6725,10.1555],[78.6752,10.1516],[78.6833,10.1478],[78.6924,10.148],[78.7087,10.1749],[78.7289,10.1693],[78.7297,10.1621],[78.7317,10.1605],[78.741,10.1614],[78.7481,10.1645],[78.7584,10.1664],[78.7683,10.1655],[78.7717,10.1698],[78.7668,10.1759],[78.7693,10.181],[78.7673,10.1841],[78.7673,10.1893],[78.7682,10.1944],[78.7718,10.199],[78.7864,10.2059],[78.8112,10.2127],[78.8219,10.2013],[78.824,10.1972],[78.8175,10.1704],[78.8178,10.1657],[78.821,10.1606],[78.8317,10.1521],[78.8332,10.1396],[78.8477,10.1386],[78.8472,10.1262],[78.8601,10.1268],[78.8633,10.1334],[78.878,10.1442],[78.8784,10.1484],[78.8841,10.1547],[78.89,10.1499],[78.8968,10.1488],[78.9021,10.152],[78.9013,10.1539],[78.9033,10.1552],[78.9076,10.1531],[78.9085,10.1465],[78.9134,10.1455],[78.9107,10.1401],[78.9098,10.1305],[78.9247,10.1214],[78.9288,10.1156],[78.9375,10.1173],[78.9391,10.1121],[78.941,10.1113],[78.9427,10.1169],[78.9511,10.1181],[78.9625,10.1308],[78.9649,10.1276],[78.968,10.1256],[78.9686,10.1267],[78.9726,10.1218],[78.9761,10.1126],[78.9771,10.1033],[78.9819,10.1014],[78.9816,10.0966],[78.9869,10.0896],[78.9811,10.0862],[78.9783,10.0865],[78.9767,10.0828],[78.9716,10.0828],[78.9629,10.0959],[78.9503,10.0898],[78.9479,10.0825],[78.9399,10.075],[78.9355,10.0729],[78.9386,10.0711],[78.9385,10.0664],[78.9409,10.0627],[78.9449,10.0602],[78.9439,10.0562],[78.9415,10.0541],[78.9384,10.0562],[78.9299,10.0474],[78.9251,10.049],[78.9241,10.0455],[78.93,10.0419],[78.9324,10.0372],[78.9306,10.023],[78.9405,10.0146],[78.956,10.0084],[78.9632,10.0075],[78.9655,10.0093],[78.9738,10.0024],[78.9754,9.9915],[78.9959,9.9919],[79.006,9.9861],[79.0104,9.9886],[79.0142,9.9842],[79.015,9.9805],[79.0131,9.9792],[79.0045,9.9784],[79.002,9.9764],[79.001,9.9676],[79.0028,9.9611],[79.0019,9.9551],[78.9911,9.9513],[78.991,9.9466]]]]}},{"type":"Feature","properties":{"kind":"district","name":"Vellore"},"geometry":{"type":"MultiPolygon","coordinates":[[[[78.5949,12.7869],[78.6232,12.7771],[78.6232,12.7745],[78.6277,12.7719],[78.6255,12.766],[78.6189,12.7664],[78.618,12.7647],[78.6216,12.7582],[78.6226,12.7517],[78.6123,12.7502],[78.6118,12.7463],[78.6152,12.7432],[78.6369,12.7342],[78.6391,12.7285],[78.6389,12.7247],[78.6442,12.7246],[78.6419,12.7184],[78.6489,12.7196],[78.6513,12.7168],[78.6625,12.7225],[78.6663,12.726],[78.6664,12.7293],[78.673,12.7271],[78.6688,12.7318],[78.6733,12.7377],[78.6824,12.7435],[78.6865,12.7522],[78.6952,12.7633],[78.7005,12.774],[78.7133,12.7875],[78.7129,12.8042],[78.7201,12.8077],[78.7262,12.8144],[78.7187,12.8126],[78.7161,12.8217],[78.7131,12.8233],[78.7174,12.8276],[78.7279,12.8258],[78.7359,12.8182],[78.7506,12.8185],[78.7519,12.8248],[78.765,12.8349],[78.7762,12.8391],[78.7806,12.8488],[78.7841,12.8524],[78.7966,12.8552],[78.8018,12.8587],[78.8227,12.8638],[78.8414,12.8751],[78.8454,12.8812],[78.8687,12.8906],[78.8773,12.8959],[78.8882,12.8979],[78.8993,12.9085],[78.8979,12.9096],[78.9001,12.9107],[78.9097,12.9147],[78.9257,12.9161],[78.922,12.9089],[78.9218,12.9005],[78.9183,12.8988],[78.9147,12.8942],[78.918,12.8935],[78.9199,12.8904],[78.9191,12.8858],[78.9114,12.8796],[78.9098,12.8721],[78.9096,12.8698],[78.9133,12.8692],[78.9126,12.8644],[78.9145,12.857],[78.9103,12.8561],[78.9093,12.8633],[78.9012,12.8624],[78.8976,12.8638],[78.8949,12.8522],[78.8979,12.8401],[78.8975,12.8357],[78.8943,12.8345],[78.8864,12.8347],[78.8828,12.837],[78.8875,12.8299],[78.8928,12.8257],[78.8972,12.814],[78.8963,12.8108],[78.8987,12.8096],[78.8999,12.8069],[78.8998,12.7989],[78.8944,12.7996],[78.8945,12.7986],[78.9003,12.792],[78.9034,12.7903],[78.9127,12.7917],[78.9201,12.7902],[78.9207,12.7865],[78.9194,12.7837],[78.9148,12.781],[78.9142,12.7744],[78.9078,12.7773],[78.8871,12.7797],[78.8823,12.7781],[78.8786,12.78],[78.8726,12.777],[78.8699,12.7783],[78.8637,12.7771],[78.852,12.7654],[78.85,12.7594],[78.8492,12.7428],[78.8443,12.743],[78.8441,12.7363],[78.8406,12.7357],[78.8389,12.7319],[78.8399,12.7295],[78.8445,12.7262],[78.8405,12.7124],[78.8417,12.7076],[78.8439,12.7061],[78.8356,12.707],[78.8324,12.7049],[78.8239,12.7059],[78.8181,12.6965],[78.8171,12.69],[78.8037,12.6816],[78.7992,12.6829],[78.7996,12.692],[78.8028,12.702],[78.7919,12.6973],[78.7798,12.7014],[78.7732,12.681],[78.7767,12.6731],[78.7939,12.6493],[78.8164,12.6341],[78.8208,12.6375],[78.8325,12.6385],[78.8432,12.6413],[78.8476,12.6409],[78.8605,12.6341],[78.8593,12.6277],[78.8609,12.6352],[78.868,12.6324],[78.8788,12.6521],[78.8864,12.6613],[78.8988,12.6886],[78.9021,12.6863],[78.9014,12.682],[78.9044,12.6795],[78.9111,12.685],[78.9156,12.6852],[78.9272,12.6768],[78.9441,12.6798],[78.9465,12.6848],[78.953,12.6855],[78.9531,12.6815],[78.9553,12.6776],[78.9718,12.672],[78.9744,12.668],[78.9785,12.6658],[78.9813,12.667],[78.9818,12.681],[78.988,12.6854],[78.9884,12.6962],[78.9921,12.6948],[78.996,12.7042],[79.0145,12.7002],[79.0232,12.6959],[79.0244,12.691],[79.0204,12.6811],[79.0195,12.674],[79.0133,12.6641],[79.0111,12.6576],[79.0166,12.6579],[79.0344,12.6943],[79.0481,12.7121],[79.0567,12.7189],[79.0585,12.7242],[79.0565,12.728],[79.0627,12.7346],[79.0587,12.7371],[79.0755,12.7528],[79.0834,12.7505],[79.0874,12.7526],[79.093,12.7528],[79.0934,12.757],[79.1029,12.7566],[79.1241,12.7589],[79.1415,12.7585],[79.1501,12.7542],[79.1631,12.7521],[79.1639,12.7604],[79.1596,12.7688],[79.164,12.7705],[79.1673,12.7649],[79.1672,12.762],[79.1759,12.7595],[79.1764,12.745],[79.1809,12.7437],[79.1851,12.7444],[79.1886,12.7486],[79.1989,12.7471],[79.2019,12.7426],[79.2065,12.7414],[79.2155,12.7611],[79.2094,12.784],[79.2063,12.7888],[79.197,12.7926],[79.1942,12.796],[79.1926,12.8046],[79.1896,12.8082],[79.1879,12.815],[79.1836,12.8197],[79.193,12.8415],[79.1904,12.8413],[79.1886,12.8432],[79.1826,12.8527],[79.1822,12.8554],[79.1833,12.8626],[79.189,12.8709],[79.1916,12.8814],[79.1898,12.8845],[79.1924,12.8929],[79.194,12.8948],[79.1955,12.8945],[79.1984,12.8905],[79.209,12.8952],[79.2099,12.8974],[79.2053,12.905],[79.202,12.9063],[79.1973,12.9051],[79.1875,12.9124],[79.1855,12.9197],[79.1841,12.9165],[79.1812,12.9187],[79.1784,12.9165],[79.1755,12.909],[79.1743,12.9105],[79.1749,12.9161],[79.1713,12.9131],[79.1713,12.9158],[79.1626,12.9138],[79.1609,12.9146],[79.173,12.9184],[79.1757,12.9218],[79.1809,12.9231],[79.1852,12.9216],[79.1882,12.93],[79.1917,12.9344],[79.1968,12.9373],[79.2065,12.9394],[79.2134,12.9446],[79.2155,12.9513],[79.2149,12.9565],[79.2289,12.9564],[79.2362,12.9579],[79.2515,12.9531],[79.2554,12.9526],[79.2561,12.9542],[79.2581,12.9524],[79.2618,12.9614],[79.2684,12.9594],[79.2716,12.9616],[79.2722,12.9709],[79.2703,12.9849],[79.2705,12.9874],[79.2719,12.9881],[79.2718,12.9957],[79.2809,13.0082],[79.2832,13.0167],[79.2778,13.015],[79.2693,13.0202],[79.2672,13.0193],[79.2644,13.0145],[79.2581,13.0147],[79.2454,13.0118],[79.2438,13.0157],[79.2425,13.0158],[79.2339,13.015],[79.2283,13.0127],[79.2288,13.0227],[79.2235,13.0268],[79.2153,13.0303],[79.2122,13.0359],[79.2071,13.0359],[79.1994,13.0323],[79.1968,13.0255],[79.1937,13.0311],[79.1905,13.0347],[79.1869,13.0373],[79.1858,13.0322],[79.1833,13.0286],[79.1654,13.0202],[79.1543,13.0227],[79.1319,13.0354],[79.117,13.037],[79.0954,13.0252],[79.0816,13.0268],[79.0665,13.0408],[79.0658,13.0506],[79.0564,13.0563],[79.046,13.0582],[79.0382,13.0624],[79.0353,13.0689],[79.0128,13.0704],[79.0006,13.0851],[78.9919,13.0889],[78.977,13.0852],[78.9715,13.0778],[78.9623,13.0785],[78.9581,13.0759],[78.9489,13.0823],[78.9424,13.0783],[78.9266,13.08],[78.9209,13.0628],[78.9132,13.0644],[78.9057,13.0474],[78.9107,13.044],[78.9297,13.0446],[78.941,13.0338],[78.937,13.031],[78.9353,13.0341],[78.9282,13.0354],[78.8942,13.032],[78.8916,13.0378],[78.8931,13.0565],[78.8926,13.0818],[78.8957,13.0942],[78.8882,13.0983],[78.8824,13.0991],[78.8769,13.0968],[78.8728,13.0917],[78.8705,13.0832],[78.856,13.0836],[78.8444,13.0817],[78.8255,13.0867],[78.8201,13.09],[78.8129,13.0876],[78.7986,13.0742],[78.7951,13.0684],[78.7896,13.0652],[78.758,13.0574],[78.7515,13.0574],[78.7441,13.0623],[78.7374,13.0647],[78.7144,13.068],[78.7057,13.0163],[78.6805,13.0229],[78.663,13.0297],[78.6608,13.0281],[78.6536,13.0134],[78.6492,13.0086],[78.6324,12.9943],[78.6255,12.9906],[78.6322,12.9857],[78.6499,12.9662],[78.641,12.9649],[78.6588,12.9309],[78.6495,12.9278],[78.6428,12.9278],[78.6377,12.931],[78.6317,12.9139],[78.618,12.8856],[78.6165,12.8693],[78.6036,12.8504],[78.6059,12.8449],[78.6078,12.8274],[78.6098,12.823],[78.6004,12.8167],[78.6028,12.8098],[78.6019,12.8044],[78.5947,12.7972],[78.5949,12.7869]]]]}},{"type":"Feature","properties":{"kind":"district","name":"Chennai"},"geometry":{"type":"MultiPolygon","coordinates":[[[[80.1901,13.0264],[80.2019,13.0297],[80.2081,13.0289],[80.2117,13.0269],[80.2015,13.0222],[80.201,13.0165],[80.2151,13.0063],[80.2108,13.001],[80.2048,12.9847],[80.2061,12.9795],[80.2143,12.9754],[80.2174,12.9695],[80.2237,12.967],[80.228,12.9687],[80.2328,12.9727],[80.2379,12.9743],[80.2486,12.9845],[80.2539,12.9761],[80.2574,12.9739],[80.2667,12.9726],[80.2774,13.0117],[80.2813,13.0384],[80.2863,13.0585],[80.2917,13.0733],[80.3017,13.0856],[80.306,13.0958],[80.3064,13.1006],[80.3101,13.1075],[80.3067,13.1019],[80.3046,13.1008],[80.3043,13.1018],[80.3036,13.0987],[80.2977,13.1012],[80.3009,13.1135],[80.3041,13.1111],[80.3034,13.1054],[80.3049,13.1111],[80.3017,13.1143],[80.3006,13.1207],[80.2982,13.1221],[80.298,13.1266],[80.3038,13.1423],[80.2885,13.1438],[80.2809,13.1429],[80.2762,13.1403],[80.2633,13.1415],[80.2596,13.1427],[80.2594,13.1489],[80.2536,13.1486],[80.247,13.1432],[80.2428,13.1424],[80.2437,13.1284],[80.225,13.1274],[80.2249,13.1305],[80.2033,13.1269],[80.2032,13.1194],[80.1937,13.1054],[80.1964,13.0988],[80.1946,13.0912],[80.1971,13.0895],[80.1868,13.0758],[80.1881,13.0668],[80.1834,13.0487],[80.1867,13.0403],[80.1867,13.0337],[80.1901,13.0264]]]]}},{"type":"Feature","properties":{"kind":"district","name":"Nagapattinam"},"geometry":{"type":"MultiPolygon","coordinates":[[[[79.8061,10.9029],[79.802,10.9078],[79.795,10.9083],[79.7892,10.9105],[79.7877,10.8993],[79.7766,10.9007],[79.7775,10.8973],[79.7672,10.8966],[79.767,10.9012],[79.7718,10.9018],[79.7745,10.905],[79.7773,10.9028],[79.7818,10.902],[79.7765,10.9073],[79.7759,10.914],[79.7722,10.9043],[79.7694,10.9044],[79.7689,10.9118],[79.7736,10.9172],[79.7728,10.9188],[79.767,10.9211],[79.7644,10.9192],[79.7549,10.9198],[79.7555,10.9225],[79.753,10.9235],[79.7546,10.9251],[79.754,10.9284],[79.7498,10.928],[79.7494,10.9308],[79.7475,10.9296],[79.7458,10.933],[79.7373,10.9354],[79.7266,10.9296],[79.7161,10.9199],[79.7011,10.9253],[79.6822,10.9215],[79.6655,10.9027],[79.6559,10.8835],[79.653,10.858],[79.6568,10.8358],[79.6432,10.8147],[79.6605,10.8091],[79.6624,10.8047],[79.6597,10.7909],[79.6605,10.7897],[79.6644,10.7903],[79.6665,10.7942],[79.6748,10.7929],[79.6786,10.7863],[79.6811,10.7861],[79.6815,10.7914],[79.6699,10.8],[79.6651,10.8106],[79.6653,10.8147],[79.6857,10.8162],[79.6896,10.8264],[79.6984,10.8285],[79.7059,10.8256],[79.7289,10.8278],[79.7351,10.8197],[79.736,10.8089],[79.7318,10.7984],[79.7234,10.7934],[79.7163,10.7922],[79.7109,10.7876],[79.7015,10.766],[79.6969,10.7455],[79.6864,10.7322],[79.6902,10.7238],[79.6894,10.7184],[79.6664,10.71],[79.6597,10.7096],[79.6609,10.7016],[79.6751,10.6929],[79.6793,10.6887],[79.6806,10.6749],[79.6772,10.6686],[79.6743,10.6665],[79.6727,10.6597],[79.668,10.6558],[79.6765,10.6472],[79.6963,10.6411],[79.6877,10.6253],[79.6645,10.6141],[79.6704,10.6009],[79.67,10.5944],[79.6693,10.5861],[79.6606,10.5595],[79.6647,10.5557],[79.7064,10.5536],[79.7054,10.5437],[79.693,10.5242],[79.693,10.5082],[79.6993,10.4936],[79.6883,10.4874],[79.6904,10.4727],[79.6734,10.4621],[79.651,10.4583],[79.6439,10.4099],[79.6441,10.3604],[79.655,10.3339],[79.6383,10.3394],[79.6273,10.3321],[79.6235,10.3272],[79.6167,10.3253],[79.6118,10.3221],[79.6138,10.3196],[79.6319,10.317],[79.6488,10.3174],[79.663,10.3131],[79.6733,10.3122],[79.6814,10.3086],[79.7003,10.2965],[79.7232,10.2906],[79.7281,10.2903],[79.7328,10.2929],[79.7384,10.2991],[79.7478,10.3013],[79.7516,10.29],[79.7541,10.289],[79.7606,10.29],[79.7707,10.2851],[79.7765,10.2779],[79.7764,10.2726],[79.8407,10.2756],[79.8702,10.2833],[79.8704,10.2876],[79.881,10.2981],[79.8839,10.3056],[79.882,10.3228],[79.8723,10.3705],[79.8648,10.4412],[79.8618,10.5188],[79.8545,10.634],[79.8513,10.7565],[79.8522,10.8246],[79.8513,10.8262],[79.8431,10.8248],[79.8357,10.8272],[79.8333,10.8498],[79.826,10.8474],[79.8246,10.8507],[79.8159,10.8567],[79.8147,10.8648],[79.8158,10.8671],[79.8172,10.8669],[79.8196,10.8623],[79.8307,10.8644],[79.8318,10.8663],[79.8302,10.8719],[79.8203,10.876],[79.8207,10.8796],[79.8336,10.8779],[79.8362,10.8784],[79.8365,10.8797],[79.8164,10.8879],[79.8138,10.8908],[79.8105,10.89],[79.8089,10.8878],[79.8064,10.8887],[79.8018,10.8948],[79.7998,10.8922],[79.7928,10.8922],[79.7928,10.8963],[79.7984,10.8956],[79.7997,10.8979],[79.8029,10.8972],[79.8041,10.8994],[79.8028,10.9027],[79.8061,10.9029]]]]}},{"type":"Feature","properties":{"kind":"district","name":"Viluppuram"},"geometry":{"type":"MultiPolygon","coordinates":[[[[79.8405,11.9562],[79.8459,11.976],[79.8623,12.0171],[79.8608,12.0183],[79.8348,12.0205],[79.8354,12.0441],[79.8457,12.0752],[79.8544,12.0728],[79.8733,12.0726],[79.886,12.0646],[80.0094,12.2558],[80.0001,12.2586],[79.9932,12.2543],[79.9789,12.239],[79.9738,12.2359],[79.9726,12.238],[79.9556,12.2323],[79.9454,12.2435],[79.9267,12.2469],[79.9258,12.231],[79.9166,12.2349],[79.9046,12.2299],[79.9005,12.2304],[79.8819,12.2411],[79.8751,12.2488],[79.8691,12.26],[79.8644,12.2636],[79.8633,12.2621],[79.8488,12.276],[79.8431,12.2795],[79.8433,12.2902],[79.8312,12.305],[79.8302,12.3091],[79.8121,12.3226],[79.8104,12.3276],[79.8037,12.3276],[79.7996,12.3374],[79.7878,12.3385],[79.7837,12.3412],[79.7725,12.3337],[79.7529,12.3256],[79.7382,12.3305],[79.7319,12.3319],[79.7284,12.3311],[79.7184,12.3372],[79.703,12.3356],[79.7015,12.3272],[79.691,12.3248],[79.6856,12.3173],[79.6702,12.3211],[79.6604,12.327],[79.6548,12.3339],[79.6517,12.3353],[79.6496,12.3442],[79.6452,12.3463],[79.6387,12.3441],[79.6208,12.352],[79.6245,12.3628],[79.6238,12.3711],[79.6163,12.3758],[79.6082,12.3755],[79.6042,12.3709],[79.5991,12.3505],[79.5924,12.3504],[79.5824,12.354],[79.5772,12.3577],[79.5726,12.3568],[79.5673,12.3617],[79.5578,12.3653],[79.5499,12.3638],[79.5386,12.3686],[79.5326,12.3695],[79.5261,12.3653],[79.5221,12.3561],[79.5168,12.3542],[79.5135,12.355],[79.5114,12.349],[79.5025,12.347],[79.4922,12.351],[79.491,12.3596],[79.4947,12.3693],[79.4935,12.3734],[79.4902,12.3749],[79.4868,12.3717],[79.4756,12.3668],[79.4679,12.3745],[79.4503,12.3791],[79.4512,12.3918],[79.4502,12.3959],[79.4455,12.3941],[79.4431,12.3907],[79.4398,12.393],[79.4428,12.4079],[79.4357,12.4105],[79.4338,12.406],[79.4305,12.4031],[79.4218,12.4109],[79.4175,12.4078],[79.4115,12.41],[79.4119,12.4181],[79.403,12.4285],[79.4025,12.4357],[79.3878,12.441],[79.3693,12.4437],[79.3637,12.4403],[79.3555,12.4463],[79.348,12.4432],[79.3274,12.4505],[79.3238,12.4493],[79.3177,12.4437],[79.3083,12.4397],[79.2767,12.4471],[79.2483,12.4466],[79.2464,12.4426],[79.2384,12.4415],[79.2359,12.4368],[79.2271,12.4019],[79.237,12.4008],[79.2412,12.3985],[79.2486,12.3902],[79.2492,12.3795],[79.2421,12.37],[79.2381,12.3679],[79.23,12.3723],[79.2274,12.368],[79.2283,12.3648],[79.2339,12.3621],[79.2326,12.3585],[79.2415,12.3519],[79.2405,12.3472],[79.2352,12.3428],[79.2294,12.342],[79.2267,12.3458],[79.2227,12.3479],[79.2156,12.3451],[79.2012,12.3434],[79.2012,12.3409],[79.2144,12.3398],[79.2212,12.3367],[79.2232,12.3314],[79.2321,12.3309],[79.2352,12.329],[79.2358,12.3264],[79.2336,12.3208],[79.2353,12.317],[79.2474,12.3169],[79.2517,12.3236],[79.2605,12.3217],[79.265,12.3234],[79.2714,12.321],[79.2872,12.3204],[79.2904,12.3188],[79.2906,12.3169],[79.2884,12.3148],[79.2889,12.3108],[79.2857,12.3069],[79.2817,12.3057],[79.277,12.3063],[79.2761,12.3049],[79.2813,12.2936],[79.2805,12.292],[79.2789,12.291],[79.273,12.2917],[79.2666,12.2827],[79.2592,12.2782],[79.2577,12.2747],[79.2519,12.2751],[79.2476,12.2777],[79.2447,12.2697],[79.2377,12.2706],[79.2351,12.2596],[79.2342,12.2442],[79.2353,12.24],[79.2393,12.2343],[79.2368,12.2296],[79.2277,12.2217],[79.228,12.2199],[79.2376,12.2174],[79.2382,12.2148],[79.2362,12.213],[79.2193,12.2142],[79.2179,12.2112],[79.2191,12.2086],[79.228,12.2042],[79.2355,12.1977],[79.2345,12.1902],[79.2356,12.1838],[79.2239,12.1839],[79.2232,12.1913],[79.2202,12.1974],[79.2176,12.1977],[79.2132,12.1918],[79.2135,12.188],[79.2164,12.184],[79.2128,12.1704],[79.2146,12.1671],[79.2377,12.1552],[79.2392,12.1499],[79.2484,12.1476],[79.2498,12.1406],[79.255,12.1398],[79.2561,12.1364],[79.2603,12.1355],[79.2604,12.1311],[79.271,12.1288],[79.2722,12.1131],[79.2751,12.1108],[79.2748,12.1083],[79.2764,12.1064],[79.2689,12.103],[79.2694,12.0959],[79.2615,12.0824],[79.2508,12.0796],[79.2459,12.0799],[79.2398,12.0771],[79.2427,12.0714],[79.2421,12.0682],[79.2358,12.063],[79.2226,12.0639],[79.21,12.0703],[79.2064,12.0692],[79.2011,12.0702],[79.1984,12.0597],[79.191,12.05],[79.1841,12.0494],[79.1799,12.0508],[79.1774,12.0497],[79.1766,12.0343],[79.1749,12.032],[79.1676,12.0327],[79.1524,12.0422],[79.1522,12.0445],[79.1462,12.0498],[79.1406,12.0485],[79.1365,12.0451],[79.135,12.0418],[79.1358,12.039],[79.1329,12.0363],[79.129,12.0352],[79.1221,12.0359],[79.1156,12.0387],[79.1107,12.0346],[79.1063,12.0339],[79.1063,12.0287],[79.1075,12.0274],[79.1066,12.0227],[79.1,12.0238],[79.0942,12.0316],[79.0847,12.0304],[79.0805,12.0331],[79.0785,12.0427],[79.079,12.0475],[79.0845,12.0447],[79.0897,12.0454],[79.094,12.0577],[79.0995,12.0663],[79.0994,12.0697],[79.0935,12.0769],[79.0873,12.0813],[79.0806,12.0738],[79.0728,12.0712],[79.0668,12.0709],[79.063,12.0657],[79.0626,12.0622],[79.0682,12.0576],[79.0688,12.0545],[79.0671,12.052],[79.061,12.0523],[79.0546,12.0384],[79.0521,12.0371],[79.0462,12.0374],[79.0399,12.0429],[79.0249,12.0478],[79.0219,12.0562],[79.0315,12.0625],[79.0317,12.0649],[79.0193,12.0665],[79.0178,12.0645],[79.0137,12.0645],[78.9978,12.0686],[78.9948,12.0632],[78.9957,12.051],[78.9951,12.0521],[78.9953,12.0498],[79.0003,12.049],[79.0162,12.0488],[79.0321,12.0354],[79.0369,12.035],[79.0412,12.0315],[79.0434,12.0233],[79.0495,12.0196],[79.0534,12.0197],[79.0691,12.01],[79.0754,12.0044],[79.0887,12.0055],[79.0955,12.0048],[79.0967,12.0028],[79.1074,12.0022],[79.1089,12.0063],[79.1202,12.0076],[79.1169,11.9993],[79.1229,11.9958],[79.1277,11.9966],[79.1289,11.991],[79.1273,11.9869],[79.1286,11.9841],[79.1267,11.9805],[79.1356,11.9702],[79.1452,11.9679],[79.1682,11.9669],[79.1722,11.9673],[79.1888,11.9745],[79.2,11.9737],[79.2137,11.9755],[79.2278,11.9648],[79.2314,11.9594],[79.2427,11.9524],[79.2617,11.9506],[79.2684,11.9487],[79.2702,11.9499],[79.2752,11.9475],[79.2742,11.945],[79.2865,11.9421],[79.285,11.9384],[79.2815,11.9361],[79.2801,11.9317],[79.2725,11.9287],[79.2661,11.9189],[79.2619,11.9165],[79.2598,11.9095],[79.2679,11.9087],[79.272,11.9065],[79.2866,11.907],[79.2893,11.905],[79.2855,11.8892],[79.2811,11.8829],[79.2785,11.8727],[79.2763,11.8756],[79.262,11.88],[79.2616,11.8783],[79.2584,11.8773],[79.2557,11.8827],[79.2552,11.8799],[79.2386,11.8666],[79.2373,11.8565],[79.2444,11.8505],[79.2501,11.8483],[79.2612,11.8503],[79.2619,11.8464],[79.2669,11.8412],[79.2728,11.843],[79.2791,11.8496],[79.2816,11.8434],[79.2916,11.8375],[79.2935,11.8312],[79.3017,11.8277],[79.3063,11.8296],[79.3088,11.8266],[79.3133,11.8261],[79.318,11.8236],[79.321,11.8245],[79.326,11.8224],[79.331,11.8246],[79.3366,11.8325],[79.3388,11.8329],[79.3473,11.8304],[79.3598,11.8332],[79.3712,11.8311],[79.3724,11.8272],[79.3701,11.8231],[79.3696,11.8152],[79.3709,11.8133],[79.3767,11.8135],[79.3776,11.8114],[79.3806,11.8111],[79.3813,11.8072],[79.3845,11.803],[79.3926,11.8014],[79.3934,11.7975],[79.3976,11.7962],[79.4035,11.798],[79.4069,11.804],[79.4092,11.8037],[79.4118,11.8014],[79.4169,11.8001],[79.4176,11.7986],[79.4175,11.7932],[79.4139,11.7882],[79.4144,11.7845],[79.4192,11.7832],[79.4216,11.7934],[79.4234,11.7945],[79.4308,11.7889],[79.4335,11.7817],[79.4365,11.7812],[79.4408,11.7836],[79.4397,11.7914],[79.4436,11.8089],[79.4648,11.8079],[79.4658,11.8],[79.4735,11.7991],[79.4748,11.805],[79.4849,11.8081],[79.4786,11.8222],[79.4827,11.8303],[79.4812,11.8336],[79.4791,11.8362],[79.4766,11.8366],[79.4704,11.8334],[79.4716,11.8391],[79.4701,11.8439],[79.4723,11.8456],[79.4713,11.848],[79.4586,11.8462],[79.4536,11.8487],[79.4517,11.8557],[79.4544,11.8646],[79.4565,11.867],[79.4561,11.8712],[79.4765,11.8698],[79.5157,11.8565],[79.5211,11.8599],[79.5278,11.8588],[79.5437,11.8489],[79.5684,11.8394],[79.5876,11.8421],[79.5934,11.8402],[79.6078,11.8287],[79.62,11.8231],[79.6368,11.8011],[79.6432,11.7989],[79.6473,11.7988],[79.655,11.8029],[79.6621,11.8097],[79.6654,11.8108],[79.6691,11.8107],[79.6753,11.8077],[79.6756,11.8124],[79.6772,11.8143],[79.6845,11.8116],[79.6877,11.8123],[79.6905,11.8078],[79.69,11.8038],[79.6909,11.8086],[79.6887,11.813],[79.6838,11.8133],[79.6869,11.8219],[79.691,11.8208],[79.6898,11.8292],[79.6862,11.8291],[79.686,11.8335],[79.7031,11.8324],[79.6961,11.8444],[79.6958,11.8606],[79.6922,11.8632],[79.6904,11.8681],[79.6904,11.8828],[79.6886,11.8854],[79.6938,11.885],[79.6966,11.8864],[79.6975,11.889],[79.7081,11.8886],[79.7078,11.8932],[79.7038,11.8948],[79.6964,11.8934],[79.6909,11.8946],[79.6927,11.8973],[79.7001,11.8983],[79.6999,11.904],[79.7019,11.9108],[79.6995,11.922],[79.7196,11.9233],[79.7211,11.9192],[79.7097,11.9147],[79.7121,11.9062],[79.7104,11.8987],[79.7149,11.8944],[79.7214,11.8944],[79.7225,11.8957],[79.7291,11.8919],[79.7293,11.8951],[79.7331,11.896],[79.7347,11.9079],[79.7404,11.9084],[79.7412,11.9117],[79.7203,11.9334],[79.7234,11.9494],[79.7122,11.9548],[79.7096,11.949],[79.7143,11.9356],[79.7198,11.9299],[79.7098,11.9352],[79.7067,11.944],[79.6997,11.9478],[79.6945,11.9556],[79.6947,11.9583],[79.697,11.9646],[79.7026,11.9675],[79.7058,11.9714],[79.7151,11.971],[79.7164,11.9753],[79.7124,11.979],[79.7137,11.9876],[79.7181,11.9899],[79.7208,11.9949],[79.7245,11.9943],[79.7292,11.997],[79.7322,11.9964],[79.7388,12.004],[79.7454,12.0086],[79.7526,12.0112],[79.7636,12.0076],[79.7637,11.9969],[79.7616,11.9962],[79.7562,11.9896],[79.7499,11.9884],[79.746,11.983],[79.7384,11.9827],[79.731,11.9895],[79.7296,11.9892],[79.7258,11.9803],[79.7264,11.9754],[79.7369,11.9732],[79.7411,11.9706],[79.7526,11.9676],[79.757,11.9528],[79.7572,11.9468],[79.7646,11.9459],[79.7688,11.9507],[79.7771,11.9506],[79.7814,11.9591],[79.7895,11.9661],[79.7946,11.9642],[79.8026,11.9668],[79.8086,11.9752],[79.8128,11.9846],[79.816,11.987],[79.823,11.9795],[79.8258,11.969],[79.829,11.9654],[79.8295,11.96],[79.8281,11.9577],[79.8405,11.9562]],[[79.6364,12.0263],[79.6419,12.0271],[79.6509,12.0223],[79.6468,12.018],[79.6457,12.0053],[79.6432,12.0032],[79.6421,11.9989],[79.637,11.9979],[79.6355,11.9952],[79.6395,11.9902],[79.6372,11.9855],[79.6368,11.9781],[79.6407,11.9697],[79.6463,11.9672],[79.6468,11.9653],[79.6461,11.9527],[79.6423,11.9519],[79.6428,11.9435],[79.6441,11.9417],[79.6486,11.9428],[79.6532,11.9478],[79.6565,11.9473],[79.6616,11.9377],[79.6645,11.9391],[79.67,11.9368],[79.6707,11.929],[79.6689,11.9183],[79.6637,11.9177],[79.6617,11.9162],[79.6628,11.9128],[79.6567,11.9114],[79.6558,11.907],[79.6423,11.9066],[79.641,11.902],[79.6287,11.9005],[79.6251,11.9016],[79.6278,11.9178],[79.6193,11.9235],[79.6181,11.9327],[79.6194,11.9433],[79.6249,11.9436],[79.6283,11.9477],[79.6281,11.9574],[79.626,11.9624],[79.6263,11.9675],[79.619,11.9698],[79.6239,11.9741],[79.6237,11.9785],[79.616,11.9859],[79.6172,11.9888],[79.6203,11.9882],[79.6238,11.9929],[79.6243,11.9981],[79.6189,12.0],[79.6195,12.0088],[79.6205,12.009],[79.6214,12.0134],[79.6269,12.0149],[79.6283,12.0183],[79.6245,12.0306],[79.6307,12.03],[79.6364,12.0263]],[[79.6978,12.0334],[79.7004,12.0338],[79.705,12.0315],[79.7032,12.0152],[79.7047,12.0098],[79.7114,12.0035],[79.7121,12.0008],[79.7172,11.9971],[79.7185,11.9943],[79.7178,11.9907],[79.7023,11.9935],[79.7007,11.9916],[79.6948,11.9914],[79.6898,11.9888],[79.6848,11.9914],[79.6805,11.9834],[79.6723,11.9927],[79.6693,11.9926],[79.6613,11.9884],[79.6568,11.9902],[79.6558,11.9974],[79.6589,12.0116],[79.6674,12.0094],[79.6708,12.0101],[79.6756,12.0201],[79.6828,12.0215],[79.6902,12.0288],[79.6931,12.0354],[79.6978,12.0334]],[[79.6232,11.8901],[79.6302,11.8873],[79.6303,11.8818],[79.6322,11.8808],[79.6349,11.8809],[79.6352,11.8865],[79.6409,11.8857],[79.6423,11.8804],[79.6485,11.88],[79.6489,11.8695],[79.6578,11.8688],[79.6624,11.8664],[79.6644,11.8638],[79.664,11.8609],[79.6617,11.8596],[79.6582,11.8523],[79.6537,11.85],[79.6449,11.8487],[79.6264,11.8526],[79.6252,11.8552],[79.6287,11.8659],[79.6264,11.8689],[79.6204,11.868],[79.6208,11.8636],[79.6194,11.8612],[79.6153,11.8617],[79.6055,11.8567],[79.6024,11.8571],[79.603,11.8698],[79.602,11.8693],[79.6009,11.8718],[79.6006,11.8818],[79.6046,11.8804],[79.6098,11.8759],[79.6193,11.8841],[79.6213,11.8903],[79.6232,11.8901]],[[79.6561,11.8407],[79.6617,11.8377],[79.6604,11.8271],[79.6644,11.8238],[79.6709,11.8237],[79.6718,11.8225],[79.671,11.8152],[79.666,11.8148],[79.6637,11.812],[79.6596,11.8116],[79.658,11.8139],[79.6483,11.8151],[79.6468,11.8165],[79.6467,11.8195],[79.6411,11.8231],[79.6439,11.8265],[79.646,11.8365],[79.6456,11.8406],[79.6474,11.8438],[79.6528,11.8429],[79.6561,11.8407]],[[79.6871,11.9677],[79.6832,11.9614],[79.6827,11.9543],[79.6762,11.948],[79.6695,11.9478],[79.6631,11.9502],[79.6586,11.9492],[79.6548,11.9521],[79.6527,11.9565],[79.6539,11.9602],[79.6568,11.9571],[79.6597,11.9573],[79.662,11.968],[79.6758,11.9677],[79.6796,11.9724],[79.6856,11.9734],[79.6871,11.9677]],[[79.791,12.0141],[79.7786,12.0176],[79.778,12.0283],[79.7935,12.0217],[79.791,12.0141]]]]}},{"type":"Feature","properties":{"kind":"district","name":"Kancheepuram"},"geometry":{"type":"MultiPolygon","coordinates":[[[[79.6452,12.3463],[79.6496,12.3442],[79.6517,12.3353],[79.6548,12.3339],[79.6604,12.327],[79.6702,12.3211],[79.6856,12.3173],[79.691,12.3248],[79.7015,12.3272],[79.703,12.3356],[79.7184,12.3372],[79.7284,12.3311],[79.7319,12.3319],[79.7382,12.3305],[79.7529,12.3256],[79.7725,12.3337],[79.7837,12.3412],[79.7878,12.3385],[79.7996,12.3374],[79.8037,12.3276],[79.8104,12.3276],[79.8121,12.3226],[79.8302,12.3091],[79.8312,12.305],[79.8433,12.2902],[79.8431,12.2795],[79.8488,12.276],[79.8633,12.2621],[79.8644,12.2636],[79.8691,12.26],[79.8751,12.2488],[79.8819,12.2411],[79.9005,12.2304],[79.9046,12.2299],[79.9166,12.2349],[79.9258,12.231],[79.9267,12.2469],[79.9454,12.2435],[79.9556,12.2323],[79.9726,12.238],[79.9738,12.2359],[79.9789,12.239],[79.9932,12.2543],[80.0001,12.2586],[80.0094,12.2558],[80.0299,12.2954],[80.0691,12.3494],[80.1156,12.404],[80.1552,12.462],[80.158,12.4731],[80.1621,12.5076],[80.1672,12.5285],[80.1854,12.5753],[80.1907,12.5959],[80.2001,12.6161],[80.1991,12.6232],[80.2018,12.6333],[80.2437,12.7464],[80.2553,12.7819],[80.2549,12.7899],[80.2507,12.7937],[80.2485,12.8082],[80.249,12.8503],[80.2593,12.9343],[80.2667,12.9726],[80.2574,12.9739],[80.2539,12.9761],[80.2486,12.9845],[80.2379,12.9743],[80.2328,12.9727],[80.228,12.9687],[80.2237,12.967],[80.2174,12.9695],[80.2143,12.9754],[80.2061,12.9795],[80.2048,12.9847],[80.2108,13.001],[80.2151,13.0063],[80.201,13.0165],[80.2015,13.0222],[80.2117,13.0269],[80.2081,13.0289],[80.2019,13.0297],[80.1977,13.0285],[80.1916,13.022],[80.1913,13.018],[80.1877,13.018],[80.1861,13.0159],[80.1837,13.0077],[80.1846,13.004],[80.18,12.9988],[80.1733,13.0011],[80.1708,13.0036],[80.1684,13.0036],[80.1652,12.9985],[80.1574,12.9934],[80.1503,12.9917],[80.1442,12.9965],[80.1406,12.9948],[80.1366,12.9889],[80.1302,12.9887],[80.1251,12.9834],[80.1223,12.9834],[80.1172,12.9669],[80.1103,12.9626],[80.1048,12.9534],[80.1014,12.9429],[80.095,12.9448],[80.0872,12.9301],[80.0866,12.9234],[80.0716,12.912],[80.0694,12.9058],[80.0632,12.8975],[80.0593,12.8852],[80.0548,12.8794],[80.0624,12.8657],[80.0636,12.8603],[80.0629,12.8577],[80.0603,12.8572],[80.0583,12.8545],[80.0518,12.8334],[80.0459,12.8355],[80.0411,12.8353],[80.0399,12.8293],[80.0356,12.8292],[80.0299,12.8211],[80.0299,12.8183],[80.0207,12.8165],[80.0155,12.8116],[80.0122,12.8122],[80.0087,12.8101],[80.0064,12.8041],[80.0048,12.8082],[79.9963,12.8074],[79.9913,12.805],[79.9795,12.8099],[79.9709,12.8089],[79.9652,12.8099],[79.9598,12.8192],[79.9563,12.8208],[79.9552,12.8136],[79.9568,12.8105],[79.9562,12.8064],[79.9618,12.8042],[79.9588,12.7985],[79.9586,12.7943],[79.9548,12.79],[79.9531,12.7853],[79.9402,12.7871],[79.9378,12.7857],[79.9377,12.7817],[79.9362,12.7801],[79.9325,12.7803],[79.9291,12.7826],[79.9277,12.789],[79.9247,12.7936],[79.921,12.7919],[79.9157,12.7953],[79.9049,12.7967],[79.9064,12.793],[79.9026,12.787],[79.9024,12.7837],[79.8981,12.7819],[79.8957,12.7785],[79.8735,12.7756],[79.8721,12.7741],[79.8724,12.7719],[79.8822,12.7713],[79.8815,12.77],[79.8854,12.767],[79.8772,12.7604],[79.895,12.7498],[79.9061,12.7461],[79.9155,12.7455],[79.9219,12.7403],[79.9318,12.7284],[79.9308,12.7271],[79.9389,12.7201],[79.9391,12.7165],[79.9485,12.702],[79.9495,12.6949],[79.9445,12.6987],[79.9325,12.6982],[79.9312,12.6974],[79.931,12.6916],[79.9174,12.692],[79.9176,12.6787],[79.9217,12.6764],[79.9221,12.6748],[79.9216,12.6657],[79.9266,12.6385],[79.9255,12.6378],[79.9289,12.6346],[79.9289,12.6324],[79.9264,12.6286],[79.9237,12.6283],[79.9176,12.6298],[79.9147,12.6339],[79.9109,12.6352],[79.8986,12.6368],[79.8967,12.6314],[79.8944,12.6311],[79.8935,12.6285],[79.8911,12.629],[79.8901,12.6276],[79.8863,12.627],[79.8746,12.6272],[79.8699,12.6221],[79.8482,12.6272],[79.8461,12.6258],[79.845,12.6217],[79.8406,12.6194],[79.8335,12.6201],[79.8255,12.6164],[79.8157,12.6218],[79.8066,12.6242],[79.8101,12.6152],[79.8137,12.6122],[79.8138,12.6075],[79.8166,12.6031],[79.817,12.5946],[79.816,12.5908],[79.8143,12.5908],[79.8146,12.5836],[79.8174,12.5808],[79.8189,12.5814],[79.821,12.5764],[79.8238,12.5621],[79.8222,12.5599],[79.8126,12.559],[79.7982,12.5639],[79.7952,12.5572],[79.7938,12.5566],[79.7828,12.5581],[79.7819,12.5534],[79.778,12.5533],[79.7782,12.5485],[79.7659,12.5474],[79.7649,12.5532],[79.759,12.5579],[79.7559,12.5583],[79.7537,12.5459],[79.7564,12.5404],[79.7515,12.5347],[79.7497,12.5334],[79.7478,12.5341],[79.7475,12.5311],[79.7495,12.5289],[79.7497,12.5264],[79.7571,12.5192],[79.7573,12.5127],[79.7535,12.5091],[79.7526,12.5051],[79.7441,12.5031],[79.7404,12.5003],[79.7393,12.4965],[79.728,12.5019],[79.7255,12.4995],[79.7245,12.496],[79.7284,12.4931],[79.7345,12.4938],[79.74,12.4879],[79.7473,12.484],[79.7474,12.4657],[79.7505,12.4631],[79.7504,12.4561],[79.7456,12.4573],[79.74,12.4344],[79.7362,12.4289],[79.7177,12.437],[79.7156,12.4286],[79.7091,12.4316],[79.7048,12.4309],[79.7076,12.4194],[79.706,12.4145],[79.691,12.4188],[79.6901,12.415],[79.6932,12.4116],[79.6989,12.4096],[79.6968,12.3993],[79.6883,12.3996],[79.6639,12.3837],[79.6615,12.3791],[79.668,12.3722],[79.6636,12.3662],[79.6528,12.3614],[79.6469,12.3606],[79.645,12.356],[79.6452,12.3463]]]]}},{"type":"Feature","properties":{"kind":"district","name":"Kanniyakumari"},"geometry":{"type":"MultiPolygon","coordinates":[[[[77.0964,8.2905],[77.1173,8.2745],[77.1402,8.261],[77.1535,8.2512],[77.165,8.2422],[77.1682,8.237],[77.169,8.2387],[77.1705,8.2378],[77.1803,8.2259],[77.1839,8.22],[77.1834,8.2184],[77.1981,8.2119],[77.2222,8.197],[77.2309,8.1842],[77.2302,8.1815],[77.2375,8.1739],[77.2415,8.1732],[77.2448,8.1704],[77.2517,8.1702],[77.2585,8.1671],[77.277,8.1575],[77.2919,8.1479],[77.2982,8.1429],[77.3008,8.1367],[77.3027,8.1353],[77.3031,8.1304],[77.3054,8.1262],[77.3137,8.1194],[77.3179,8.121],[77.3196,8.1202],[77.3332,8.119],[77.319,8.1208],[77.3214,8.1236],[77.3243,8.1239],[77.3588,8.1206],[77.3872,8.1115],[77.3873,8.11],[77.4488,8.0936],[77.5238,8.0817],[77.5252,8.0798],[77.526,8.0813],[77.5288,8.081],[77.531,8.0791],[77.5311,8.0769],[77.5381,8.0786],[77.5508,8.0776],[77.5527,8.081],[77.5526,8.0847],[77.555,8.0876],[77.5652,8.0926],[77.564,8.0938],[77.5651,8.0956],[77.5651,8.0986],[77.5639,8.101],[77.5649,8.0986],[77.5646,8.0952],[77.5644,8.0975],[77.5633,8.0962],[77.562,8.0972],[77.5604,8.0954],[77.5584,8.0974],[77.5596,8.0983],[77.558,8.1025],[77.5597,8.105],[77.5572,8.1106],[77.5594,8.1174],[77.5618,8.1178],[77.5623,8.1203],[77.5608,8.1214],[77.5663,8.1251],[77.5668,8.1269],[77.5772,8.1364],[77.592,8.1428],[77.5905,8.1473],[77.5842,8.1568],[77.5771,8.1558],[77.5628,8.1592],[77.5591,8.1643],[77.5549,8.166],[77.5592,8.1712],[77.5577,8.1791],[77.5537,8.1798],[77.5476,8.1846],[77.5449,8.19],[77.5536,8.1943],[77.5524,8.1979],[77.5471,8.2024],[77.5495,8.2058],[77.5498,8.2095],[77.545,8.2101],[77.5467,8.2174],[77.5504,8.2245],[77.5435,8.2246],[77.5439,8.2272],[77.5477,8.2309],[77.5461,8.2354],[77.5467,8.2444],[77.5518,8.2468],[77.5674,8.2477],[77.5742,8.2506],[77.576,8.2482],[77.5782,8.2502],[77.5722,8.2614],[77.5665,8.2632],[77.5635,8.2668],[77.566,8.2699],[77.565,8.2729],[77.5603,8.2744],[77.5567,8.2788],[77.5586,8.2816],[77.5674,8.2817],[77.5617,8.3105],[77.5565,8.3164],[77.5556,8.3326],[77.5605,8.3322],[77.5609,8.3335],[77.5511,8.3668],[77.5512,8.3729],[77.5549,8.3808],[77.5517,8.3882],[77.5456,8.3938],[77.5316,8.3928],[77.5222,8.3854],[77.5171,8.3852],[77.509,8.3875],[77.4992,8.3817],[77.4934,8.3817],[77.4866,8.3937],[77.4789,8.3971],[77.4753,8.4017],[77.4741,8.41],[77.4753,8.415],[77.472,8.4169],[77.4656,8.4296],[77.4666,8.4409],[77.4686,8.448],[77.4724,8.4533],[77.4728,8.4574],[77.4658,8.4642],[77.4685,8.4685],[77.448,8.4754],[77.4479,8.4825],[77.4497,8.4893],[77.4482,8.4996],[77.4429,8.5051],[77.4256,8.5144],[77.4068,8.5176],[77.4014,8.5218],[77.3903,8.5239],[77.3869,8.522],[77.3815,8.5232],[77.3684,8.532],[77.3642,8.542],[77.3552,8.5431],[77.3542,8.5463],[77.3474,8.5478],[77.34,8.5533],[77.3235,8.5598],[77.3095,8.5635],[77.2928,8.5716],[77.288,8.5697],[77.271,8.5808],[77.2792,8.5588],[77.2846,8.5523],[77.2848,8.5473],[77.2778,8.5379],[77.2721,8.5268],[77.2672,8.5111],[77.2609,8.5078],[77.252,8.5056],[77.2472,8.5002],[77.2422,8.4979],[77.2368,8.5057],[77.2259,8.514],[77.2181,8.5135],[77.206,8.5029],[77.2105,8.4977],[77.2143,8.4789],[77.2184,8.4698],[77.2288,8.4602],[77.2293,8.4472],[77.2084,8.4442],[77.2024,8.4369],[77.1996,8.4185],[77.1869,8.4048],[77.1843,8.3972],[77.1735,8.3867],[77.1692,8.3847],[77.1656,8.391],[77.1605,8.3921],[77.1546,8.3878],[77.1556,8.3818],[77.161,8.3782],[77.1631,8.3715],[77.1552,8.361],[77.1556,8.3549],[77.1674,8.3638],[77.1752,8.3588],[77.175,8.3516],[77.1708,8.3447],[77.171,8.3402],[77.1731,8.3349],[77.1797,8.3266],[77.1797,8.3218],[77.1748,8.3229],[77.1697,8.3312],[77.1647,8.3295],[77.157,8.3293],[77.1505,8.3334],[77.1418,8.3321],[77.1314,8.3256],[77.1285,8.3222],[77.1207,8.3207],[77.1246,8.3107],[77.1181,8.3106],[77.1164,8.3071],[77.1092,8.3064],[77.1045,8.3011],[77.1007,8.2928],[77.0964,8.2905]]],[[[77.5564,8.0781],[77.5551,8.0788],[77.5537,8.0775],[77.5564,8.0781]]]]}},{"type":"Feature","properties":{"kind":"district","name":"Thoothukkudi"},"geometry":{"type":"MultiPolygon","coordinates":[[[[78.2833,9.2765],[78.2845,9.2876],[78.2708,9.2928],[78.2562,9.295],[78.2402,9.2945],[78.226,9.2973],[78.2154,9.3041],[78.2136,9.3186],[78.2108,9.3196],[78.2114,9.3266],[78.1912,9.3318],[78.1865,9.3338],[78.1863,9.3366],[78.1763,9.3385],[78.1768,9.3408],[78.174,9.3425],[78.1745,9.3454],[78.1716,9.3472],[78.1705,9.3544],[78.1688,9.3546],[78.1707,9.3693],[78.1504,9.3724],[78.1487,9.3707],[78.1409,9.3704],[78.134,9.3662],[78.1181,9.3629],[78.1024,9.3625],[78.0846,9.3595],[78.0824,9.3573],[78.0789,9.3585],[78.0754,9.362],[78.0727,9.36],[78.0605,9.3622],[78.0586,9.3605],[78.0538,9.3637],[78.0517,9.362],[78.0436,9.3648],[78.0405,9.3603],[78.0354,9.3414],[78.0366,9.3325],[78.0389,9.3243],[78.0427,9.322],[78.0439,9.3167],[78.0483,9.3149],[78.0516,9.3115],[78.0533,9.3056],[78.0521,9.3042],[78.0459,9.3059],[78.0262,9.3045],[78.0213,9.3065],[78.0134,9.3059],[78.0106,9.301],[78.0127,9.2938],[78.0125,9.2743],[77.9949,9.2694],[77.9921,9.271],[77.9892,9.2672],[77.9885,9.261],[77.9859,9.2554],[77.9736,9.2515],[77.9661,9.253],[77.958,9.2509],[77.9553,9.2374],[77.9582,9.2374],[77.9569,9.2307],[77.949,9.2308],[77.9491,9.2258],[77.946,9.22],[77.9317,9.2232],[77.9312,9.2165],[77.9269,9.2118],[77.9224,9.203],[77.9179,9.201],[77.9127,9.2],[77.9117,9.2022],[77.882,9.2075],[77.8811,9.2203],[77.8783,9.2203],[77.878,9.2275],[77.8802,9.2297],[77.8886,9.2304],[77.888,9.2325],[77.8836,9.2333],[77.8827,9.2441],[77.8689,9.2452],[77.8589,9.2483],[77.854,9.2441],[77.8488,9.2435],[77.8409,9.2454],[77.8395,9.2433],[77.8315,9.2451],[77.8188,9.2444],[77.8096,9.2472],[77.8091,9.2528],[77.8053,9.2555],[77.7984,9.2569],[77.798,9.2732],[77.7994,9.2797],[77.7982,9.2812],[77.7856,9.2821],[77.7833,9.2836],[77.776,9.2833],[77.7756,9.272],[77.7811,9.2658],[77.7849,9.2663],[77.79,9.2646],[77.7889,9.2584],[77.7912,9.2583],[77.7904,9.2521],[77.7858,9.2492],[77.7824,9.2387],[77.776,9.2363],[77.7733,9.2376],[77.7715,9.2433],[77.7689,9.2445],[77.761,9.254],[77.7597,9.257],[77.761,9.2604],[77.7596,9.2621],[77.76,9.2675],[77.757,9.2691],[77.7495,9.2688],[77.7468,9.268],[77.7456,9.2654],[77.7436,9.2674],[77.7402,9.256],[77.7427,9.2393],[77.7398,9.231],[77.739,9.2101],[77.7302,9.195],[77.7164,9.1904],[77.7158,9.1878],[77.7082,9.1876],[77.707,9.17],[77.7045,9.1655],[77.6932,9.1584],[77.6927,9.1482],[77.7024,9.1369],[77.6973,9.1334],[77.6854,9.1329],[77.6845,9.1366],[77.6767,9.1369],[77.6764,9.1309],[77.6742,9.1268],[77.6762,9.1262],[77.6766,9.1238],[77.6778,9.1242],[77.6795,9.1062],[77.6815,9.1076],[77.6822,9.1051],[77.6906,9.1017],[77.6964,9.1011],[77.7021,9.103],[77.7056,9.1012],[77.7104,9.1042],[77.7211,9.1047],[77.7241,9.1075],[77.7276,9.1041],[77.742,9.1048],[77.7438,9.0877],[77.7466,9.0777],[77.7437,9.0766],[77.7432,9.0743],[77.7403,9.0746],[77.7377,9.0715],[77.7098,9.0719],[77.7087,9.0738],[77.7063,9.0732],[77.7034,9.0625],[77.71,9.0549],[77.7136,9.0451],[77.7053,9.0411],[77.7039,9.0352],[77.6957,9.0326],[77.6943,9.0308],[77.6968,9.028],[77.6981,9.0182],[77.6906,9.0148],[77.6889,9.0092],[77.6998,9.0024],[77.7243,9.0017],[77.7292,8.9949],[77.7294,8.9861],[77.7324,8.985],[77.7308,8.982],[77.7252,8.9802],[77.7229,8.9765],[77.7254,8.9726],[77.7209,8.9667],[77.7056,8.9694],[77.7055,8.9736],[77.6991,8.9797],[77.6936,8.9806],[77.6924,8.9773],[77.685,8.9752],[77.6824,8.9674],[77.6846,8.9631],[77.693,8.9571],[77.6954,8.9299],[77.7025,8.9272],[77.7029,8.9237],[77.7058,8.9221],[77.7108,8.9259],[77.725,8.9229],[77.7293,8.9257],[77.7328,8.9227],[77.7369,8.9253],[77.739,8.9289],[77.7479,8.9336],[77.7502,8.9288],[77.7576,8.9288],[77.7632,8.9244],[77.7642,8.9163],[77.7634,8.889],[77.7697,8.8832],[77.7743,8.8811],[77.7908,8.885],[77.7975,8.8837],[77.8024,8.8798],[77.8066,8.8738],[77.8118,8.8728],[77.814,8.86],[77.8221,8.845],[77.8214,8.8386],[77.8327,8.8316],[77.8411,8.8164],[77.8457,8.8145],[77.8492,8.8108],[77.8542,8.8027],[77.8532,8.7973],[77.8494,8.7984],[77.8478,8.7944],[77.8484,8.7877],[77.8419,8.7845],[77.8386,8.7809],[77.8333,8.7801],[77.8184,8.7724],[77.8201,8.7581],[77.8267,8.7431],[77.8282,8.7342],[77.8132,8.6816],[77.8262,8.6805],[77.827,8.673],[77.8183,8.6721],[77.8182,8.6656],[77.8099,8.6578],[77.8071,8.6513],[77.8087,8.647],[77.8206,8.6501],[77.8204,8.6346],[77.8192,8.6318],[77.8164,8.6302],[77.8144,8.6214],[77.8072,8.6182],[77.8066,8.6146],[77.7967,8.6139],[77.7931,8.616],[77.793,8.621],[77.7896,8.6241],[77.7866,8.6177],[77.784,8.5831],[77.8047,8.5765],[77.7996,8.5721],[77.798,8.5645],[77.8067,8.5692],[77.8086,8.5718],[77.8136,8.5702],[77.8167,8.5623],[77.8159,8.5541],[77.8213,8.5519],[77.8219,8.5426],[77.8211,8.539],[77.8086,8.5353],[77.8094,8.5323],[77.8133,8.5312],[77.8149,8.5234],[77.8239,8.5189],[77.8269,8.5073],[77.8313,8.4993],[77.831,8.4924],[77.8322,8.4891],[77.8371,8.4849],[77.8414,8.4846],[77.8405,8.4754],[77.8433,8.4715],[77.838,8.4651],[77.834,8.4556],[77.8365,8.4527],[77.8413,8.4511],[77.8348,8.4365],[77.835,8.4323],[77.851,8.4221],[77.8556,8.4148],[77.8538,8.4112],[77.8562,8.4026],[77.8614,8.4005],[77.8613,8.3924],[77.8596,8.3867],[77.8491,8.3876],[77.8454,8.3849],[77.8413,8.3851],[77.8367,8.3832],[77.8395,8.3799],[77.8556,8.3759],[77.857,8.3732],[77.8528,8.3702],[77.8456,8.3682],[77.8438,8.3647],[77.8509,8.3639],[77.8496,8.3551],[77.8545,8.3575],[77.8619,8.3575],[77.8595,8.3443],[77.8641,8.3418],[77.868,8.3463],[77.8716,8.346],[77.8729,8.3516],[77.8869,8.35],[77.8866,8.3462],[77.8904,8.3441],[77.8908,8.3339],[77.893,8.3254],[77.8997,8.3267],[77.9053,8.3227],[77.9147,8.3233],[77.9286,8.3313],[77.9354,8.3294],[77.9505,8.3367],[77.9684,8.3357],[77.9706,8.3402],[77.9776,8.3358],[78.0138,8.3533],[78.0678,8.3729],[78.0675,8.3743],[78.0617,8.3751],[78.0573,8.3798],[78.0561,8.3831],[78.0576,8.3924],[78.0612,8.3987],[78.0635,8.4117],[78.0667,8.4196],[78.0725,8.4291],[78.0953,8.4584],[78.1228,8.4861],[78.1305,8.4966],[78.1278,8.5001],[78.1274,8.5066],[78.1232,8.5133],[78.1226,8.5255],[78.1268,8.5443],[78.1321,8.555],[78.1328,8.5645],[78.1386,8.5875],[78.1288,8.6115],[78.1271,8.63],[78.1286,8.6546],[78.1374,8.6917],[78.1406,8.6966],[78.1535,8.709],[78.1616,8.7333],[78.1661,8.7395],[78.1735,8.7455],[78.1824,8.7489],[78.1914,8.7479],[78.1944,8.7539],[78.2164,8.7438],[78.2289,8.7485],[78.2239,8.7543],[78.198,8.765],[78.1995,8.784],[78.1973,8.7886],[78.1832,8.7906],[78.1793,8.767],[78.1649,8.7723],[78.1611,8.7792],[78.1612,8.7873],[78.1641,8.7823],[78.1618,8.7906],[78.1629,8.7926],[78.1617,8.7972],[78.1654,8.8043],[78.1628,8.8066],[78.1631,8.8089],[78.1655,8.8107],[78.1639,8.8123],[78.1636,8.8161],[78.1675,8.826],[78.1653,8.8362],[78.1675,8.8445],[78.1662,8.8556],[78.1688,8.8649],[78.1681,8.875],[78.1729,8.8883],[78.176,8.8917],[78.1798,8.8921],[78.18,8.906],[78.1876,8.9258],[78.1971,8.942],[78.2074,8.9547],[78.2086,8.9583],[78.2164,8.9666],[78.2423,8.9861],[78.3043,9.0264],[78.3456,9.0577],[78.3704,9.0807],[78.3902,9.0961],[78.3805,9.0994],[78.3657,9.1011],[78.361,9.0994],[78.3601,9.1149],[78.3579,9.118],[78.3521,9.1185],[78.3464,9.1211],[78.3454,9.1236],[78.3245,9.1291],[78.3244,9.1323],[78.2912,9.1363],[78.2767,9.1423],[78.29,9.168],[78.2923,9.1765],[78.2956,9.1821],[78.3017,9.2056],[78.2899,9.2066],[78.2732,9.2033],[78.2752,9.2487],[78.2774,9.2639],[78.2833,9.2765]]]]}},{"type":"Feature","properties":{"kind":"district","name":"Krishnagiri"},"geometry":{"type":"MultiPolygon","coordinates":[[[[78.2322,12.7638],[78.224,12.7662],[78.2104,12.7662],[78.2017,12.7722],[78.1954,12.7737],[78.1901,12.7711],[78.1867,12.7744],[78.1776,12.776],[78.1695,12.7712],[78.1591,12.7743],[78.1478,12.7801],[78.132,12.781],[78.1291,12.7908],[78.1263,12.7936],[78.1238,12.7996],[78.1207,12.8023],[78.1089,12.8068],[78.1063,12.8111],[78.0976,12.8142],[78.0872,12.8313],[78.0848,12.8321],[78.077,12.8297],[78.0775,12.8374],[78.0756,12.8409],[78.0624,12.843],[78.0616,12.8492],[78.0577,12.8531],[78.053,12.8528],[78.051,12.8489],[78.0331,12.8519],[78.0305,12.8568],[78.0258,12.8566],[78.0253,12.8536],[78.0278,12.849],[78.0277,12.8442],[78.02,12.8443],[78.0181,12.8388],[78.019,12.8336],[78.0177,12.8312],[78.0144,12.8291],[78.0108,12.8297],[78.0042,12.8243],[78.0166,12.8139],[78.0124,12.8061],[77.9999,12.8082],[77.997,12.8059],[77.9924,12.8062],[77.9923,12.821],[77.9855,12.825],[77.9822,12.8332],[77.9683,12.832],[77.9658,12.8357],[77.9688,12.8469],[77.9588,12.853],[77.9593,12.8586],[77.9563,12.8598],[77.9494,12.8602],[77.9442,12.8552],[77.9433,12.8501],[77.9507,12.8398],[77.9438,12.8234],[77.9356,12.8242],[77.929,12.8297],[77.9212,12.8301],[77.92,12.8324],[77.9256,12.8494],[77.926,12.8547],[77.9291,12.8578],[77.9385,12.8609],[77.9395,12.8647],[77.9418,12.8666],[77.9452,12.8665],[77.9443,12.8721],[77.9304,12.8739],[77.929,12.8793],[77.9394,12.8818],[77.9397,12.8852],[77.935,12.8882],[77.9284,12.8888],[77.925,12.8839],[77.9128,12.8837],[77.9112,12.8782],[77.8981,12.8773],[77.8929,12.8687],[77.8887,12.8699],[77.8777,12.8694],[77.8729,12.8676],[77.86,12.868],[77.8502,12.8661],[77.8469,12.8679],[77.8361,12.8692],[77.8327,12.8648],[77.8326,12.8601],[77.8275,12.8592],[77.8241,12.8542],[77.8203,12.8532],[77.8154,12.8529],[77.8103,12.848],[77.8024,12.85],[77.7999,12.8493],[77.799,12.8455],[77.7953,12.844],[77.794,12.8384],[77.7985,12.8338],[77.8028,12.8316],[77.8115,12.831],[77.8092,12.822],[77.8112,12.8158],[77.8049,12.816],[77.8019,12.8065],[77.81,12.7971],[77.8084,12.7932],[77.804,12.7941],[77.7984,12.7915],[77.7936,12.7863],[77.7921,12.7812],[77.7821,12.77],[77.7822,12.765],[77.7844,12.7613],[77.7955,12.7551],[77.7931,12.7484],[77.7887,12.7439],[77.7775,12.7399],[77.7689,12.7395],[77.7636,12.7353],[77.7622,12.7286],[77.7661,12.7258],[77.7736,12.7247],[77.7721,12.7179],[77.7679,12.7142],[77.7666,12.7073],[77.7608,12.6975],[77.7577,12.6969],[77.7441,12.7017],[77.7378,12.693],[77.7438,12.6821],[77.742,12.6742],[77.729,12.6722],[77.7259,12.6732],[77.7246,12.6804],[77.716,12.682],[77.714,12.6811],[77.7123,12.6684],[77.706,12.6614],[77.698,12.662],[77.6888,12.6591],[77.6783,12.6607],[77.6798,12.672],[77.6763,12.6744],[77.6807,12.6813],[77.6647,12.6842],[77.6491,12.6802],[77.6433,12.6801],[77.6006,12.6675],[77.5995,12.6582],[77.5982,12.6526],[77.5997,12.6466],[77.602,12.6427],[77.6058,12.6404],[77.6052,12.6371],[77.6082,12.631],[77.6039,12.6265],[77.5957,12.6219],[77.5925,12.615],[77.5918,12.5942],[77.5846,12.5772],[77.5816,12.5735],[77.5804,12.5679],[77.5828,12.5504],[77.5869,12.5468],[77.5903,12.5215],[77.589,12.517],[77.6057,12.5138],[77.6158,12.5134],[77.617,12.5099],[77.6153,12.505],[77.6124,12.5018],[77.5931,12.4864],[77.5859,12.4784],[77.6073,12.4747],[77.628,12.4956],[77.6359,12.4874],[77.6324,12.4646],[77.6289,12.4533],[77.6308,12.4483],[77.6277,12.4348],[77.6279,12.4288],[77.6314,12.424],[77.6309,12.4187],[77.6266,12.4151],[77.6241,12.408],[77.6207,12.3839],[77.6172,12.3705],[77.6147,12.364],[77.6111,12.3614],[77.602,12.3594],[77.597,12.3465],[77.5862,12.3364],[77.5794,12.3344],[77.5669,12.3073],[77.556,12.3028],[77.5536,12.2939],[77.5343,12.2911],[77.5321,12.2888],[77.5292,12.2796],[77.5128,12.2764],[77.5039,12.2828],[77.5014,12.2831],[77.4949,12.2798],[77.4891,12.2797],[77.4809,12.2719],[77.4774,12.2585],[77.4742,12.254],[77.4737,12.2458],[77.4775,12.244],[77.4844,12.235],[77.4831,12.2274],[77.4765,12.2123],[77.48,12.2066],[77.4858,12.2059],[77.4933,12.2002],[77.5223,12.1941],[77.5306,12.1988],[77.5354,12.1984],[77.542,12.2003],[77.5444,12.204],[77.5497,12.2048],[77.5669,12.1974],[77.573,12.2005],[77.577,12.2009],[77.5808,12.1993],[77.5972,12.1985],[77.6076,12.2064],[77.6153,12.2055],[77.6242,12.2011],[77.6326,12.2021],[77.6401,12.1969],[77.656,12.199],[77.6668,12.1982],[77.675,12.1941],[77.7128,12.1834],[77.7211,12.184],[77.731,12.1821],[77.7379,12.178],[77.7435,12.1653],[77.7507,12.1586],[77.7514,12.1612],[77.7602,12.1697],[77.7748,12.1756],[77.7778,12.1721],[77.7788,12.1649],[77.7827,12.159],[77.7947,12.153],[77.7992,12.1529],[77.8003,12.1545],[77.8017,12.1746],[77.804,12.1797],[77.8093,12.1857],[77.8133,12.1985],[77.8144,12.2258],[77.8236,12.2426],[77.842,12.2643],[77.8612,12.2643],[77.8704,12.2802],[77.8729,12.2811],[77.872,12.2819],[77.8748,12.2962],[77.8784,12.3066],[77.8801,12.3231],[77.8746,12.3422],[77.8753,12.3471],[77.872,12.3492],[77.872,12.355],[77.8832,12.3613],[77.8869,12.3616],[77.899,12.3614],[77.9139,12.3562],[77.9215,12.357],[77.9332,12.3555],[77.937,12.3568],[77.951,12.3668],[77.9528,12.3725],[77.9531,12.3806],[77.9576,12.3879],[77.9573,12.3914],[77.9522,12.4007],[77.9503,12.4121],[77.9548,12.4149],[77.9677,12.4329],[77.9689,12.439],[77.9674,12.4422],[77.9694,12.451],[77.9628,12.4619],[77.9616,12.4683],[77.9427,12.4865],[77.9379,12.4855],[77.936,12.4822],[77.9288,12.4772],[77.9205,12.488],[77.9245,12.5019],[77.9279,12.5035],[77.9297,12.5061],[77.9277,12.5127],[77.9232,12.5203],[77.9207,12.522],[77.9075,12.522],[77.9043,12.5278],[77.8993,12.5306],[77.9015,12.5346],[77.9059,12.5382],[77.9183,12.5359],[77.9368,12.5458],[77.947,12.5398],[77.9506,12.5309],[77.9509,12.5247],[77.9548,12.522],[77.9617,12.5259],[77.9674,12.5364],[77.9716,12.5384],[77.976,12.538],[77.9798,12.5409],[77.981,12.5424],[77.9814,12.5498],[77.9846,12.5509],[77.9871,12.5498],[77.9895,12.5442],[77.9914,12.5437],[77.9961,12.5437],[78.0041,12.5468],[78.0084,12.5452],[78.0079,12.5342],[78.01,12.5237],[78.0319,12.5213],[78.0381,12.5192],[78.042,12.5161],[78.0447,12.5177],[78.0482,12.5176],[78.0547,12.5128],[78.0595,12.5071],[78.0752,12.5059],[78.079,12.5012],[78.0792,12.4913],[78.081,12.4871],[78.0964,12.4786],[78.0987,12.4789],[78.1013,12.4833],[78.1051,12.4843],[78.1088,12.4895],[78.1161,12.4859],[78.1187,12.474],[78.1439,12.4561],[78.1445,12.453],[78.1428,12.4479],[78.1326,12.4369],[78.1344,12.4304],[78.1316,12.4256],[78.1316,12.4225],[78.1338,12.4188],[78.1404,12.3896],[78.1473,12.3862],[78.1486,12.3842],[78.1507,12.3846],[78.1535,12.382],[78.164,12.3781],[78.1604,12.3688],[78.1609,12.364],[78.1622,12.3608],[78.1693,12.3541],[78.17,12.35],[78.1757,12.3502],[78.1804,12.3478],[78.1819,12.3492],[78.19,12.3459],[78.1909,12.3482],[78.193,12.3481],[78.1965,12.3448],[78.1967,12.3422],[78.2031,12.3423],[78.2099,12.3505],[78.2184,12.3572],[78.2248,12.3591],[78.2328,12.3572],[78.2313,12.3493],[78.2325,12.345],[78.2379,12.3373],[78.2323,12.3313],[78.2235,12.3297],[78.2213,12.328],[78.2208,12.3241],[78.2251,12.3201],[78.2231,12.3121],[78.2363,12.3075],[78.2456,12.3018],[78.2458,12.2982],[78.2491,12.2956],[78.246,12.2855],[78.2522,12.2762],[78.2518,12.2742],[78.2538,12.2725],[78.2545,12.2691],[78.2657,12.2654],[78.2734,12.2722],[78.2836,12.2769],[78.2884,12.2723],[78.3048,12.2663],[78.3111,12.2739],[78.314,12.2742],[78.3185,12.2709],[78.3212,12.2665],[78.3324,12.2621],[78.3342,12.2518],[78.3379,12.2468],[78.3376,12.2348],[78.3435,12.233],[78.3539,12.2332],[78.358,12.2318],[78.3695,12.2356],[78.3855,12.2288],[78.385,12.2207],[78.3753,12.2114],[78.3678,12.212],[78.3608,12.2095],[78.3586,12.2031],[78.3589,12.199],[78.3676,12.197],[78.3751,12.1903],[78.3861,12.1932],[78.3948,12.1983],[78.3987,12.1976],[78.4053,12.1934],[78.4314,12.1936],[78.4479,12.1828],[78.4572,12.1748],[78.4565,12.156],[78.4545,12.1483],[78.4844,12.1373],[78.4867,12.1371],[78.4944,12.1411],[78.4987,12.1404],[78.4979,12.1496],[78.5068,12.1685],[78.5078,12.1808],[78.5145,12.1826],[78.5428,12.1828],[78.5495,12.1846],[78.5668,12.1985],[78.5714,12.1979],[78.5769,12.1714],[78.5793,12.1665],[78.5886,12.1684],[78.5945,12.1711],[78.6002,12.1787],[78.6071,12.1848],[78.6138,12.187],[78.6232,12.1863],[78.6351,12.177],[78.645,12.2051],[78.6596,12.1975],[78.6705,12.2097],[78.6731,12.2187],[78.6729,12.225],[78.6702,12.2307],[78.6637,12.2359],[78.6532,12.2399],[78.6544,12.2464],[78.6527,12.2589],[78.6372,12.2627],[78.6413,12.2668],[78.6452,12.2806],[78.6439,12.2826],[78.6266,12.2652],[78.6204,12.2694],[78.6153,12.2639],[78.6113,12.2628],[78.6075,12.264],[78.6054,12.2674],[78.6051,12.2724],[78.6152,12.295],[78.6123,12.2988],[78.6118,12.3088],[78.61,12.3123],[78.6057,12.3137],[78.6007,12.3145],[78.5956,12.3094],[78.5902,12.3131],[78.5944,12.3178],[78.5959,12.3228],[78.6015,12.324],[78.6081,12.3324],[78.6127,12.3299],[78.6177,12.3385],[78.6171,12.3425],[78.6186,12.3471],[78.6137,12.3521],[78.5928,12.3581],[78.5835,12.3642],[78.5751,12.3743],[78.5707,12.3865],[78.5575,12.3908],[78.5455,12.3977],[78.5363,12.398],[78.5165,12.4056],[78.5132,12.4014],[78.5075,12.4002],[78.503,12.4078],[78.4977,12.4104],[78.4934,12.4049],[78.4906,12.3877],[78.4837,12.3905],[78.4672,12.3916],[78.465,12.391],[78.4602,12.3852],[78.4441,12.3908],[78.4403,12.3906],[78.4369,12.3942],[78.437,12.3974],[78.4413,12.4013],[78.4421,12.4077],[78.4512,12.4192],[78.4554,12.4301],[78.4494,12.4413],[78.4514,12.4506],[78.4343,12.4627],[78.4274,12.474],[78.4215,12.4753],[78.4214,12.4825],[78.4185,12.4882],[78.4177,12.4956],[78.421,12.512],[78.4163,12.5169],[78.4183,12.5254],[78.4153,12.5272],[78.421,12.569],[78.4113,12.5884],[78.4109,12.5996],[78.4084,12.6022],[78.4103,12.6084],[78.4084,12.6197],[78.4097,12.6253],[78.3983,12.6255],[78.3804,12.6235],[78.3726,12.6267],[78.3414,12.6499],[78.3343,12.6487],[78.3207,12.6615],[78.3068,12.6657],[78.3023,12.6643],[78.2989,12.6696],[78.296,12.679],[78.2762,12.7032],[78.2507,12.7037],[78.2443,12.705],[78.2391,12.7005],[78.2383,12.6914],[78.2398,12.6851],[78.2117,12.6868],[78.2069,12.6912],[78.2014,12.6925],[78.2011,12.6947],[78.2109,12.7012],[78.2063,12.7064],[78.2077,12.7079],[78.2116,12.7074],[78.2149,12.7102],[78.2214,12.7104],[78.2254,12.7136],[78.232,12.7145],[78.2388,12.7264],[78.2405,12.7314],[78.2308,12.7582],[78.2322,12.7638]]]]}},{"type":"Feature","properties":{"kind":"district","name":"Erode"},"geometry":{"type":"MultiPolygon","coordinates":[[[[76.8475,11.5836],[76.8595,11.5759],[76.8775,11.5777],[76.8905,11.5712],[76.9032,11.5764],[76.91,11.5772],[76.9133,11.5757],[76.9155,11.5725],[76.9186,11.564],[76.9243,11.5775],[76.9332,11.575],[76.9383,11.5752],[76.9412,11.5771],[76.9537,11.5733],[76.957,11.5711],[76.9629,11.5707],[76.9687,11.5654],[76.9741,11.5652],[76.9761,11.5573],[76.9809,11.5541],[76.9856,11.5545],[76.9886,11.5532],[77.0007,11.545],[77.008,11.5448],[77.0114,11.527],[77.0185,11.5217],[77.0122,11.5148],[77.0005,11.5139],[77.003,11.5056],[76.9904,11.4947],[76.9896,11.4821],[77.0038,11.4629],[77.0088,11.452],[77.0097,11.4387],[76.9996,11.4345],[76.9938,11.437],[76.9838,11.4454],[76.9779,11.4403],[76.9746,11.4244],[76.9779,11.401],[76.9612,11.3885],[76.9603,11.3791],[76.9649,11.3839],[76.9748,11.3856],[76.9817,11.3796],[76.9852,11.3822],[76.9957,11.3744],[77.0067,11.3696],[77.0164,11.3685],[77.0264,11.3723],[77.0232,11.3864],[77.0263,11.3874],[77.0329,11.3843],[77.0361,11.3923],[77.0492,11.4017],[77.0548,11.3997],[77.0604,11.4036],[77.0623,11.4016],[77.0683,11.4025],[77.07,11.3998],[77.0696,11.3827],[77.0769,11.3886],[77.0813,11.3869],[77.0907,11.393],[77.0889,11.397],[77.0919,11.3998],[77.092,11.4029],[77.0991,11.406],[77.1095,11.4066],[77.1096,11.3962],[77.1114,11.3912],[77.1108,11.3822],[77.1127,11.3782],[77.1276,11.3783],[77.1301,11.3735],[77.1286,11.3647],[77.1316,11.3594],[77.1309,11.3558],[77.1406,11.3364],[77.1503,11.334],[77.1604,11.3285],[77.1668,11.3146],[77.1813,11.3138],[77.1836,11.3208],[77.1806,11.3219],[77.1792,11.3302],[77.1749,11.33],[77.1771,11.3399],[77.1879,11.3386],[77.1964,11.3343],[77.1966,11.3428],[77.199,11.3422],[77.2077,11.3469],[77.2187,11.3502],[77.2254,11.3511],[77.2314,11.3498],[77.2208,11.3381],[77.2217,11.3335],[77.2321,11.3339],[77.2348,11.3275],[77.2373,11.3265],[77.2348,11.3147],[77.2321,11.3136],[77.2277,11.3141],[77.2209,11.3116],[77.219,11.3048],[77.2078,11.3057],[77.2011,11.3079],[77.2006,11.3023],[77.2024,11.2981],[77.2176,11.2972],[77.2421,11.3024],[77.2393,11.3127],[77.2417,11.3232],[77.2455,11.3233],[77.2485,11.3273],[77.2534,11.323],[77.2514,11.3147],[77.2534,11.3093],[77.2605,11.3155],[77.263,11.314],[77.2649,11.318],[77.2673,11.3186],[77.269,11.3231],[77.2797,11.3314],[77.2808,11.334],[77.2799,11.3406],[77.2844,11.341],[77.2839,11.3378],[77.2855,11.3349],[77.2928,11.3291],[77.2871,11.322],[77.2851,11.316],[77.2883,11.3042],[77.2861,11.2896],[77.2905,11.2866],[77.3068,11.2828],[77.3137,11.2795],[77.3115,11.2759],[77.2975,11.272],[77.3039,11.2665],[77.3324,11.2562],[77.3379,11.2683],[77.3417,11.2712],[77.3477,11.2877],[77.3455,11.2965],[77.3342,11.3103],[77.3327,11.3154],[77.3449,11.3148],[77.3651,11.3168],[77.3671,11.3188],[77.3682,11.325],[77.3641,11.3376],[77.3689,11.3379],[77.3754,11.3356],[77.3802,11.3372],[77.38,11.3329],[77.3875,11.3242],[77.3878,11.3219],[77.3959,11.3199],[77.4007,11.316],[77.4079,11.3132],[77.4097,11.314],[77.4172,11.3098],[77.42,11.3095],[77.4252,11.3121],[77.4268,11.3166],[77.4408,11.313],[77.4502,11.3048],[77.4557,11.3098],[77.4597,11.3084],[77.4601,11.3109],[77.4658,11.3052],[77.4672,11.2976],[77.47,11.2957],[77.4692,11.2937],[77.4674,11.2954],[77.4653,11.2949],[77.4666,11.2893],[77.4656,11.2863],[77.4706,11.2827],[77.4699,11.2801],[77.4712,11.2777],[77.4736,11.2782],[77.472,11.2739],[77.4751,11.2674],[77.4758,11.2621],[77.4714,11.2549],[77.4723,11.2494],[77.4708,11.2442],[77.4737,11.2438],[77.4751,11.2396],[77.4828,11.2365],[77.4847,11.2336],[77.4867,11.2362],[77.4884,11.2334],[77.4937,11.2333],[77.4921,11.2176],[77.5004,11.2191],[77.5003,11.2168],[77.5054,11.2142],[77.5044,11.2124],[77.4999,11.2111],[77.5002,11.2079],[77.519,11.2045],[77.5217,11.1972],[77.5188,11.1895],[77.5165,11.1753],[77.5097,11.176],[77.4899,11.1739],[77.4879,11.1756],[77.4834,11.1751],[77.4781,11.1775],[77.4758,11.1727],[77.4755,11.1682],[77.4722,11.1661],[77.472,11.1634],[77.4748,11.1595],[77.4882,11.1585],[77.4855,11.1539],[77.4842,11.1451],[77.485,11.1439],[77.4918,11.1438],[77.4955,11.1447],[77.4964,11.1472],[77.5009,11.1467],[77.4978,11.1404],[77.5063,11.1308],[77.5076,11.1259],[77.5036,11.1131],[77.5108,11.1092],[77.5183,11.1078],[77.5437,11.1063],[77.5494,11.1077],[77.5508,11.1042],[77.5541,11.1022],[77.5588,11.106],[77.564,11.1068],[77.5675,11.1022],[77.571,11.1016],[77.5728,11.1073],[77.5789,11.1149],[77.5845,11.1126],[77.595,11.1144],[77.6069,11.1064],[77.6094,11.1067],[77.6116,11.1093],[77.6158,11.1098],[77.6237,11.1201],[77.6271,11.1214],[77.6463,11.1181],[77.6528,11.1109],[77.6591,11.1106],[77.6684,11.1023],[77.6783,11.0988],[77.687,11.0993],[77.7072,11.095],[77.7166,11.0877],[77.7184,11.079],[77.7203,11.0767],[77.7361,11.077],[77.7363,11.0837],[77.7389,11.0861],[77.7439,11.0855],[77.7453,11.0827],[77.7559,11.0756],[77.7627,11.0679],[77.7712,11.0625],[77.7728,11.0586],[77.7769,11.0555],[77.78,11.0614],[77.783,11.0634],[77.79,11.0653],[77.8056,11.0632],[77.8112,11.0688],[77.8145,11.0688],[77.8256,11.0616],[77.8293,11.0485],[77.8317,11.0448],[77.8359,11.0426],[77.8462,11.0447],[77.8509,11.0335],[77.8543,11.0307],[77.8602,11.0292],[77.867,11.0226],[77.8725,11.023],[77.8786,11.0245],[77.8898,11.0312],[77.8997,11.0319],[77.9096,11.0461],[77.9195,11.0464],[77.9328,11.0686],[77.9205,11.0713],[77.9031,11.0726],[77.8932,11.0775],[77.8902,11.081],[77.8887,11.0975],[77.8847,11.1035],[77.8838,11.1086],[77.8848,11.1144],[77.883,11.1271],[77.8848,11.139],[77.8842,11.1581],[77.8688,11.1719],[77.8631,11.1828],[77.8652,11.1949],[77.8724,11.2128],[77.8674,11.2371],[77.8629,11.2456],[77.8428,11.2585],[77.8137,11.2634],[77.8113,11.267],[77.809,11.2659],[77.7973,11.2854],[77.786,11.2982],[77.7733,11.3199],[77.7611,11.3311],[77.7565,11.3395],[77.754,11.3506],[77.7401,11.366],[77.7226,11.3734],[77.7136,11.3847],[77.709,11.3866],[77.7048,11.3906],[77.7039,11.3942],[77.6944,11.408],[77.6852,11.4149],[77.6841,11.4204],[77.6875,11.4422],[77.6969,11.4596],[77.6978,11.469],[77.704,11.4841],[77.7298,11.5052],[77.7342,11.512],[77.7312,11.5226],[77.7266,11.5293],[77.7271,11.5353],[77.7289,11.5413],[77.7478,11.5652],[77.7405,11.5883],[77.7403,11.5949],[77.7385,11.5968],[77.7345,11.5921],[77.7315,11.592],[77.7307,11.5945],[77.7341,11.5976],[77.7288,11.5965],[77.7249,11.5976],[77.7245,11.6072],[77.73,11.6073],[77.7343,11.6102],[77.7406,11.6102],[77.7481,11.6193],[77.7528,11.6329],[77.7627,11.6466],[77.7646,11.6581],[77.7692,11.6705],[77.7694,11.6765],[77.7739,11.6838],[77.7771,11.6939],[77.775,11.696],[77.7718,11.6957],[77.7686,11.6924],[77.7507,11.6598],[77.745,11.6542],[77.7345,11.6545],[77.7271,11.6499],[77.7238,11.6513],[77.7157,11.6489],[77.7175,11.6401],[77.708,11.6341],[77.7037,11.6332],[77.6925,11.6462],[77.6916,11.6601],[77.6998,11.6899],[77.6917,11.6922],[77.6924,11.6992],[77.6948,11.7036],[77.6932,11.7176],[77.6989,11.7236],[77.7001,11.7384],[77.7034,11.7465],[77.7085,11.753],[77.7104,11.7652],[77.7195,11.7794],[77.7232,11.7932],[77.7119,11.7971],[77.7111,11.8082],[77.6846,11.8182],[77.6695,11.8221],[77.6661,11.8134],[77.661,11.812],[77.654,11.8129],[77.6505,11.8153],[77.65,11.8215],[77.6607,11.846],[77.6636,11.8762],[77.6857,11.8756],[77.6864,11.8887],[77.6811,11.9033],[77.6827,11.9112],[77.6822,11.9237],[77.6765,11.9504],[77.6666,11.9486],[77.6586,11.9494],[77.6542,11.9544],[77.6458,11.9497],[77.6154,11.9408],[77.6076,11.9398],[77.6031,11.9372],[77.5974,11.94],[77.5904,11.9395],[77.5849,11.9345],[77.5589,11.9411],[77.5447,11.9384],[77.5356,11.9323],[77.5255,11.936],[77.5129,11.9376],[77.4958,11.9427],[77.4942,11.939],[77.4954,11.9318],[77.4936,11.9224],[77.4874,11.8999],[77.4884,11.8863],[77.4851,11.8881],[77.4819,11.8939],[77.4789,11.8935],[77.4748,11.8976],[77.4653,11.9008],[77.4642,11.8988],[77.4647,11.8812],[77.4666,11.8775],[77.4628,11.856],[77.463,11.8546],[77.4668,11.853],[77.4678,11.8494],[77.4631,11.8337],[77.4581,11.8265],[77.458,11.8218],[77.454,11.8168],[77.4524,11.8016],[77.4478,11.7921],[77.4418,11.7869],[77.4422,11.7827],[77.4354,11.7764],[77.4323,11.7706],[77.4308,11.7609],[77.425,11.7614],[77.424,11.7725],[77.413,11.7742],[77.3933,11.7863],[77.3736,11.7859],[77.3709,11.7889],[77.3665,11.7885],[77.3623,11.7787],[77.357,11.7742],[77.3374,11.769],[77.2959,11.8083],[77.2935,11.8028],[77.2894,11.7997],[77.2527,11.8123],[77.2523,11.8038],[77.2481,11.798],[77.238,11.7936],[77.2152,11.7943],[77.2006,11.7926],[77.1768,11.7839],[77.1662,11.7839],[77.1546,11.781],[77.148,11.7816],[77.1418,11.772],[77.1381,11.7706],[77.1304,11.773],[77.1246,11.7714],[77.1217,11.7727],[77.1135,11.7727],[77.1168,11.7658],[77.1164,11.7602],[77.1139,11.7555],[77.1201,11.7224],[77.1144,11.7252],[77.107,11.7327],[77.0823,11.7345],[77.0845,11.7391],[77.0606,11.7672],[77.0649,11.7744],[77.0724,11.7815],[77.067,11.7866],[77.063,11.7887],[77.0526,11.7875],[77.038,11.7711],[77.0327,11.7741],[77.0407,11.7877],[77.0421,11.7934],[77.0381,11.7961],[77.0389,11.7985],[77.0335,11.804],[77.0233,11.8083],[77.0191,11.8063],[77.0147,11.8124],[77.0006,11.8086],[76.983,11.8103],[76.9851,11.8003],[76.9698,11.7745],[76.9546,11.7906],[76.9504,11.7902],[76.9459,11.7859],[76.9368,11.7901],[76.9235,11.7895],[76.9097,11.7924],[76.9033,11.7864],[76.9015,11.7792],[76.898,11.775],[76.8994,11.7697],[76.8985,11.7596],[76.8909,11.7337],[76.8856,11.727],[76.8746,11.7196],[76.8636,11.7078],[76.8658,11.7034],[76.8562,11.6915],[76.8457,11.6651],[76.8401,11.6581],[76.8385,11.6532],[76.8378,11.6475],[76.8398,11.6384],[76.8432,11.6344],[76.849,11.6325],[76.8484,11.6249],[76.856,11.6207],[76.8561,11.6152],[76.8611,11.611],[76.8576,11.5978],[76.854,11.5951],[76.8475,11.5836]]]]}},{"type":"Feature","properties":{"kind":"district","name":"Coimbatore"},"geometry":{"type":"MultiPolygon","coordinates":[[[[77.0536,10.2616],[77.0565,10.2718],[77.0477,10.282],[77.0601,10.2842],[77.0673,10.2898],[77.0651,10.2928],[77.0658,10.2954],[77.0748,10.2964],[77.0815,10.3002],[77.0874,10.3057],[77.0957,10.3096],[77.0956,10.3133],[77.0889,10.3246],[77.0872,10.3308],[77.0874,10.3357],[77.095,10.3596],[77.095,10.3679],[77.093,10.3754],[77.0756,10.3926],[77.0535,10.4094],[77.0492,10.4155],[77.0478,10.4261],[77.0493,10.4306],[77.0598,10.4452],[77.0738,10.4558],[77.0739,10.4617],[77.0665,10.4688],[77.0656,10.4724],[77.0659,10.4798],[77.078,10.5058],[77.0751,10.541],[77.0756,10.5506],[77.0783,10.5604],[77.0916,10.5854],[77.1066,10.5877],[77.1496,10.5839],[77.1556,10.5848],[77.166,10.5896],[77.1698,10.5966],[77.1708,10.6106],[77.1794,10.6422],[77.1772,10.6437],[77.1644,10.6457],[77.1518,10.6518],[77.1461,10.6584],[77.1417,10.668],[77.1405,10.678],[77.1417,10.6878],[77.1411,10.7011],[77.1341,10.7555],[77.1393,10.7614],[77.1515,10.7694],[77.1588,10.7905],[77.1698,10.8025],[77.1714,10.8006],[77.18,10.7991],[77.1894,10.803],[77.2,10.8024],[77.2129,10.8047],[77.2146,10.8039],[77.2146,10.8022],[77.2085,10.7944],[77.2082,10.7899],[77.2096,10.7874],[77.2266,10.7782],[77.2392,10.7769],[77.258,10.7797],[77.2717,10.7864],[77.2752,10.7887],[77.278,10.8028],[77.2849,10.8069],[77.2898,10.8137],[77.2945,10.8117],[77.2995,10.8147],[77.2966,10.8214],[77.2967,10.8248],[77.2914,10.8294],[77.2908,10.8323],[77.2917,10.8354],[77.2901,10.8382],[77.2895,10.8501],[77.2906,10.8549],[77.278,10.8566],[77.2621,10.8662],[77.2604,10.8855],[77.256,10.901],[77.2459,10.9061],[77.2288,10.9117],[77.2178,10.9083],[77.2148,10.9109],[77.2108,10.9119],[77.2041,10.9115],[77.2027,10.9154],[77.1995,10.9168],[77.2012,10.919],[77.1995,10.9241],[77.1905,10.9248],[77.1861,10.9275],[77.1796,10.9253],[77.1751,10.9423],[77.1768,10.9447],[77.1762,10.9473],[77.1727,10.9508],[77.171,10.9613],[77.169,10.9625],[77.1681,10.9706],[77.1556,10.9968],[77.1557,10.9994],[77.1611,11.0005],[77.1651,11.0083],[77.1707,11.0124],[77.1744,11.0182],[77.1743,11.0258],[77.1775,11.0361],[77.1752,11.0482],[77.1726,11.054],[77.1653,11.0613],[77.1662,11.0681],[77.1844,11.0791],[77.1956,11.083],[77.2036,11.0916],[77.2254,11.0994],[77.2388,11.1067],[77.241,11.1095],[77.2557,11.1104],[77.2632,11.1088],[77.2635,11.1102],[77.2571,11.1212],[77.2537,11.1229],[77.2498,11.1318],[77.2425,11.1396],[77.2396,11.1408],[77.2361,11.1415],[77.2344,11.1401],[77.2313,11.1294],[77.2242,11.1274],[77.2146,11.1309],[77.2117,11.1415],[77.2047,11.1442],[77.2026,11.1476],[77.1987,11.1475],[77.1949,11.1517],[77.1904,11.1538],[77.1876,11.1535],[77.1846,11.1424],[77.1777,11.1426],[77.1793,11.1535],[77.1777,11.1584],[77.1828,11.1652],[77.1755,11.1717],[77.165,11.1717],[77.1638,11.1741],[77.1636,11.1976],[77.1624,11.2022],[77.157,11.205],[77.1528,11.2044],[77.1529,11.207],[77.1505,11.2089],[77.1504,11.2106],[77.152,11.2222],[77.1565,11.226],[77.1606,11.2334],[77.1629,11.2344],[77.1646,11.2469],[77.1697,11.2481],[77.1702,11.2498],[77.1707,11.2738],[77.1736,11.2853],[77.1666,11.2856],[77.1654,11.2842],[77.166,11.2817],[77.1608,11.2812],[77.1603,11.2828],[77.158,11.2822],[77.1545,11.2839],[77.1516,11.2901],[77.1487,11.2898],[77.1478,11.2875],[77.1452,11.29],[77.1441,11.2869],[77.1325,11.2893],[77.1252,11.2939],[77.1224,11.2992],[77.1244,11.3095],[77.1281,11.3116],[77.1444,11.3115],[77.1531,11.3089],[77.1538,11.3176],[77.1552,11.3194],[77.1535,11.3235],[77.1547,11.327],[77.1508,11.3314],[77.1503,11.334],[77.1406,11.3364],[77.1309,11.3558],[77.1316,11.3594],[77.1286,11.3647],[77.1301,11.3735],[77.1276,11.3783],[77.1127,11.3782],[77.1108,11.3822],[77.1114,11.3912],[77.1096,11.3962],[77.1095,11.4066],[77.0991,11.406],[77.092,11.4029],[77.0919,11.3998],[77.0889,11.397],[77.0907,11.393],[77.0813,11.3869],[77.0769,11.3886],[77.0696,11.3827],[77.07,11.3998],[77.0683,11.4025],[77.0623,11.4016],[77.0604,11.4036],[77.0548,11.3997],[77.0492,11.4017],[77.0361,11.3923],[77.0329,11.3843],[77.0263,11.3874],[77.0232,11.3864],[77.0264,11.3723],[77.0164,11.3685],[77.0067,11.3696],[76.9957,11.3744],[76.9852,11.3822],[76.9817,11.3796],[76.9748,11.3856],[76.9649,11.3839],[76.9603,11.3791],[76.9521,11.376],[76.9487,11.3726],[76.945,11.3757],[76.9394,11.3748],[76.9374,11.3766],[76.9346,11.3756],[76.9341,11.3718],[76.9378,11.3707],[76.9387,11.3666],[76.9546,11.3678],[76.9532,11.3629],[76.9497,11.3614],[76.9277,11.358],[76.9228,11.3608],[76.9221,11.3542],[76.9185,11.3545],[76.9155,11.3508],[76.9111,11.3514],[76.9094,11.3487],[76.9039,11.3504],[76.9037,11.3605],[76.8948,11.3649],[76.8917,11.365],[76.8926,11.3594],[76.8904,11.3569],[76.8882,11.3497],[76.8796,11.3559],[76.8733,11.3534],[76.8702,11.3499],[76.8681,11.3506],[76.8669,11.3472],[76.8575,11.3452],[76.8573,11.3403],[76.8525,11.3384],[76.8523,11.3343],[76.8562,11.3302],[76.8612,11.3201],[76.8585,11.3168],[76.8589,11.3135],[76.8627,11.31],[76.8635,11.307],[76.8589,11.301],[76.8586,11.2968],[76.8566,11.293],[76.8519,11.2946],[76.8478,11.2932],[76.8439,11.2875],[76.8324,11.2916],[76.8184,11.2908],[76.8156,11.2943],[76.8107,11.2962],[76.8002,11.2924],[76.7904,11.2781],[76.7794,11.2868],[76.774,11.2888],[76.7693,11.2868],[76.7674,11.2843],[76.7701,11.2776],[76.7707,11.2719],[76.7693,11.2623],[76.7597,11.2589],[76.7529,11.2532],[76.7475,11.2532],[76.7426,11.2501],[76.7401,11.2459],[76.7342,11.2457],[76.7138,11.2586],[76.7107,11.2631],[76.7022,11.2561],[76.7033,11.2422],[76.7075,11.2403],[76.721,11.2273],[76.7312,11.2206],[76.7333,11.2171],[76.7362,11.2179],[76.7372,11.2155],[76.7286,11.2073],[76.7286,11.2014],[76.7319,11.1935],[76.7244,11.187],[76.7171,11.1886],[76.7074,11.1808],[76.7042,11.1757],[76.6997,11.174],[76.6967,11.1666],[76.7019,11.1534],[76.7058,11.1492],[76.7074,11.1416],[76.7109,11.1404],[76.7143,11.1411],[76.7163,11.1451],[76.7134,11.1476],[76.7138,11.1507],[76.7206,11.1493],[76.7262,11.1374],[76.7331,11.1315],[76.7402,11.1344],[76.7458,11.1342],[76.7496,11.1303],[76.7516,11.119],[76.7503,11.1127],[76.7467,11.1078],[76.7451,11.1024],[76.7496,11.093],[76.7537,11.0951],[76.7568,11.093],[76.7591,11.0842],[76.7575,11.0799],[76.7455,11.0729],[76.7455,11.0674],[76.7482,11.0566],[76.7513,11.0547],[76.7622,11.0558],[76.7659,11.0483],[76.7784,11.0414],[76.7867,11.0434],[76.8012,11.0589],[76.8047,11.0562],[76.8037,11.0516],[76.7981,11.0414],[76.7931,11.0381],[76.7682,11.0337],[76.7552,11.035],[76.7231,11.0415],[76.7176,11.0403],[76.7098,11.0317],[76.7014,11.0265],[76.6908,11.0084],[76.6918,11.0016],[76.6888,10.9886],[76.6715,10.9694],[76.6704,10.9594],[76.666,10.9511],[76.6684,10.9476],[76.6666,10.9432],[76.6584,10.9379],[76.6602,10.933],[76.6639,10.9289],[76.686,10.9154],[76.6958,10.9114],[76.7117,10.9098],[76.7228,10.9046],[76.7298,10.8989],[76.7393,10.8959],[76.7442,10.8901],[76.7509,10.8935],[76.7554,10.894],[76.7606,10.8939],[76.7735,10.8889],[76.7782,10.8909],[76.7846,10.8908],[76.7893,10.8882],[76.7929,10.8831],[76.7969,10.8807],[76.8026,10.8802],[76.8293,10.8711],[76.8327,10.8682],[76.8364,10.8597],[76.846,10.852],[76.8568,10.8379],[76.8554,10.8318],[76.8491,10.8249],[76.8524,10.817],[76.8646,10.8179],[76.8721,10.8092],[76.8941,10.8105],[76.9005,10.8093],[76.9098,10.7803],[76.9061,10.77],[76.9054,10.7599],[76.8999,10.7525],[76.8991,10.7462],[76.8927,10.7356],[76.8916,10.7297],[76.8961,10.7168],[76.8934,10.7155],[76.8874,10.7162],[76.8739,10.6957],[76.8743,10.69],[76.8722,10.6866],[76.8678,10.6847],[76.8674,10.6818],[76.8826,10.6735],[76.8819,10.6658],[76.8846,10.663],[76.8871,10.6487],[76.8851,10.6389],[76.8649,10.6333],[76.8506,10.6361],[76.8173,10.6356],[76.818,10.6301],[76.8156,10.6234],[76.8173,10.6184],[76.8208,10.6166],[76.822,10.6136],[76.821,10.6038],[76.8278,10.5976],[76.837,10.5989],[76.8408,10.5976],[76.8422,10.5944],[76.8418,10.5858],[76.8385,10.5769],[76.838,10.5709],[76.8416,10.5664],[76.8428,10.5623],[76.8371,10.547],[76.8446,10.5385],[76.844,10.5339],[76.833,10.5],[76.8337,10.4896],[76.8303,10.4478],[76.8202,10.4242],[76.8248,10.4207],[76.8279,10.4111],[76.8344,10.4128],[76.8356,10.4034],[76.8286,10.3958],[76.8376,10.3846],[76.8437,10.3815],[76.8524,10.3691],[76.8493,10.3623],[76.8489,10.3557],[76.8388,10.3436],[76.8393,10.3377],[76.8374,10.3216],[76.8328,10.312],[76.8329,10.3046],[76.8432,10.3005],[76.8452,10.2931],[76.8518,10.287],[76.8532,10.2869],[76.8538,10.293],[76.8641,10.2922],[76.8739,10.3002],[76.8776,10.2995],[76.8754,10.292],[76.8757,10.2765],[76.8842,10.2735],[76.8905,10.2658],[76.8979,10.2639],[76.9054,10.2526],[76.9071,10.247],[76.9059,10.2422],[76.9123,10.2421],[76.9149,10.2373],[76.9191,10.2343],[76.923,10.2328],[76.934,10.235],[76.9387,10.2394],[76.9415,10.2392],[76.953,10.2307],[76.9596,10.2324],[76.9661,10.2294],[76.9726,10.2284],[76.9847,10.2184],[76.9954,10.2296],[77.0012,10.2297],[77.0053,10.2328],[77.0076,10.2375],[77.0133,10.2396],[77.0206,10.2462],[77.0292,10.2474],[77.03,10.2508],[77.0325,10.2516],[77.0442,10.2528],[77.0526,10.258],[77.0536,10.2616]]]]}},{"type":"Feature","properties":{"kind":"district","name":"The Nilgiris"},"geometry":{"type":"MultiPolygon","coordinates":[[[[76.7075,11.2403],[76.7033,11.2422],[76.7022,11.2561],[76.7107,11.2631],[76.7138,11.2586],[76.7342,11.2457],[76.7401,11.2459],[76.7426,11.2501],[76.7475,11.2532],[76.7529,11.2532],[76.7597,11.2589],[76.7693,11.2623],[76.7707,11.2719],[76.7701,11.2776],[76.7674,11.2843],[76.7693,11.2868],[76.774,11.2888],[76.7794,11.2868],[76.7904,11.2781],[76.8002,11.2924],[76.8107,11.2962],[76.8156,11.2943],[76.8184,11.2908],[76.8324,11.2916],[76.8439,11.2875],[76.8478,11.2932],[76.8519,11.2946],[76.8566,11.293],[76.8586,11.2968],[76.8589,11.301],[76.8635,11.307],[76.8627,11.31],[76.8589,11.3135],[76.8585,11.3168],[76.8612,11.3201],[76.8562,11.3302],[76.8523,11.3343],[76.8525,11.3384],[76.8573,11.3403],[76.8575,11.3452],[76.8669,11.3472],[76.8681,11.3506],[76.8702,11.3499],[76.8733,11.3534],[76.8796,11.3559],[76.8882,11.3497],[76.8904,11.3569],[76.8926,11.3594],[76.8917,11.365],[76.8948,11.3649],[76.9037,11.3605],[76.9039,11.3504],[76.9094,11.3487],[76.9111,11.3514],[76.9155,11.3508],[76.9185,11.3545],[76.9221,11.3542],[76.9228,11.3608],[76.9277,11.358],[76.9497,11.3614],[76.9532,11.3629],[76.9546,11.3678],[76.9387,11.3666],[76.9378,11.3707],[76.9341,11.3718],[76.9346,11.3756],[76.9374,11.3766],[76.9394,11.3748],[76.945,11.3757],[76.9487,11.3726],[76.9521,11.376],[76.9603,11.3791],[76.9612,11.3885],[76.9779,11.401],[76.9746,11.4244],[76.9779,11.4403],[76.9838,11.4454],[76.9938,11.437],[76.9996,11.4345],[77.0097,11.4387],[77.0088,11.452],[77.0038,11.4629],[76.9896,11.4821],[76.9904,11.4947],[77.003,11.5056],[77.0005,11.5139],[77.0122,11.5148],[77.0185,11.5217],[77.0114,11.527],[77.008,11.5448],[77.0007,11.545],[76.9886,11.5532],[76.9856,11.5545],[76.9809,11.5541],[76.9761,11.5573],[76.9741,11.5652],[76.9687,11.5654],[76.9629,11.5707],[76.957,11.5711],[76.9537,11.5733],[76.9412,11.5771],[76.9383,11.5752],[76.9332,11.575],[76.9243,11.5775],[76.9186,11.564],[76.9155,11.5725],[76.9133,11.5757],[76.91,11.5772],[76.9032,11.5764],[76.8905,11.5712],[76.8775,11.5777],[76.8595,11.5759],[76.8475,11.5836],[76.8462,11.5931],[76.8432,11.5966],[76.8401,11.5989],[76.8338,11.6004],[76.8266,11.6062],[76.8184,11.6052],[76.8098,11.6082],[76.8008,11.6087],[76.792,11.6124],[76.7613,11.6156],[76.7561,11.6194],[76.7509,11.6147],[76.7453,11.6141],[76.7243,11.6154],[76.7081,11.6148],[76.7028,11.6132],[76.674,11.6138],[76.6351,11.6125],[76.6173,11.609],[76.5976,11.6129],[76.5955,11.6166],[76.5903,11.618],[76.5841,11.6142],[76.5693,11.6186],[76.5628,11.6214],[76.5624,11.628],[76.5597,11.6337],[76.5355,11.6261],[76.53,11.6267],[76.5077,11.6012],[76.4993,11.5966],[76.4855,11.5981],[76.4756,11.603],[76.4669,11.6152],[76.467,11.6309],[76.4715,11.6434],[76.473,11.6577],[76.4686,11.673],[76.4601,11.6634],[76.44,11.6648],[76.4321,11.6675],[76.4364,11.6557],[76.4433,11.6498],[76.4443,11.6459],[76.443,11.6418],[76.4394,11.6379],[76.4346,11.6372],[76.4335,11.6315],[76.43,11.6333],[76.4048,11.6335],[76.3886,11.6306],[76.3853,11.6229],[76.3854,11.6128],[76.3796,11.6088],[76.3793,11.6016],[76.3739,11.5998],[76.3587,11.5908],[76.3441,11.5864],[76.342,11.5887],[76.3419,11.5932],[76.337,11.5966],[76.3195,11.5855],[76.3176,11.5776],[76.3136,11.5784],[76.3063,11.5723],[76.3022,11.573],[76.299,11.5885],[76.2942,11.5909],[76.2862,11.5914],[76.2843,11.5979],[76.2792,11.6008],[76.275,11.5972],[76.2679,11.5948],[76.2339,11.5723],[76.2351,11.5675],[76.243,11.5544],[76.2466,11.5412],[76.2511,11.5355],[76.2512,11.5321],[76.2479,11.5288],[76.2414,11.5266],[76.2498,11.5127],[76.2531,11.5022],[76.2493,11.4831],[76.2485,11.4675],[76.2664,11.4812],[76.2746,11.4766],[76.2866,11.4825],[76.2963,11.474],[76.2926,11.4704],[76.2976,11.4643],[76.3066,11.4669],[76.3296,11.4528],[76.3424,11.4668],[76.3478,11.4623],[76.3704,11.4561],[76.3996,11.4362],[76.4195,11.4418],[76.4173,11.4231],[76.4276,11.4136],[76.4486,11.399],[76.4577,11.3898],[76.4823,11.3837],[76.5197,11.3696],[76.5191,11.3622],[76.5164,11.3561],[76.5191,11.3551],[76.526,11.3575],[76.5396,11.3562],[76.5479,11.3601],[76.5505,11.3356],[76.5486,11.3299],[76.5403,11.3182],[76.5383,11.312],[76.5403,11.3043],[76.55,11.3009],[76.5318,11.2897],[76.5257,11.281],[76.5229,11.2732],[76.5234,11.2705],[76.4979,11.2604],[76.456,11.2388],[76.4526,11.2085],[76.4477,11.2029],[76.45,11.1996],[76.4533,11.1993],[76.4625,11.1886],[76.4686,11.1926],[76.4764,11.1945],[76.4757,11.2072],[76.4975,11.2113],[76.5159,11.2105],[76.5202,11.2038],[76.5312,11.1988],[76.5462,11.1979],[76.5581,11.2018],[76.6036,11.2062],[76.6123,11.2042],[76.6334,11.1944],[76.6639,11.2131],[76.6787,11.2196],[76.6887,11.2277],[76.6899,11.2359],[76.7075,11.2403]]]]}},{"type":"Feature","properties":{"kind":"district","name":"Tirupathur"},"geometry":{"type":"MultiPolygon","coordinates":[[[[78.4097,12.6253],[78.4084,12.6197],[78.4103,12.6084],[78.4084,12.6022],[78.4109,12.5996],[78.4113,12.5884],[78.421,12.569],[78.4153,12.5272],[78.4183,12.5254],[78.4163,12.5169],[78.421,12.512],[78.4177,12.4956],[78.4185,12.4882],[78.4214,12.4825],[78.4215,12.4753],[78.4274,12.474],[78.4343,12.4627],[78.4514,12.4506],[78.4494,12.4413],[78.4554,12.4301],[78.4512,12.4192],[78.4421,12.4077],[78.4413,12.4013],[78.437,12.3974],[78.4369,12.3942],[78.4403,12.3906],[78.4441,12.3908],[78.4602,12.3852],[78.465,12.391],[78.4672,12.3916],[78.4837,12.3905],[78.4906,12.3877],[78.4934,12.4049],[78.4977,12.4104],[78.503,12.4078],[78.5075,12.4002],[78.5132,12.4014],[78.5165,12.4056],[78.5363,12.398],[78.5455,12.3977],[78.5575,12.3908],[78.5707,12.3865],[78.5751,12.3743],[78.5835,12.3642],[78.5928,12.3581],[78.6137,12.3521],[78.6186,12.3471],[78.6171,12.3425],[78.6177,12.3385],[78.6127,12.3299],[78.6081,12.3324],[78.6015,12.324],[78.5959,12.3228],[78.5944,12.3178],[78.5902,12.3131],[78.5956,12.3094],[78.6007,12.3145],[78.6057,12.3137],[78.61,12.3123],[78.6118,12.3088],[78.6123,12.2988],[78.6152,12.295],[78.6051,12.2724],[78.6054,12.2674],[78.6075,12.264],[78.6113,12.2628],[78.6153,12.2639],[78.6204,12.2694],[78.6266,12.2652],[78.6439,12.2826],[78.6452,12.2806],[78.6413,12.2668],[78.6372,12.2627],[78.6527,12.2589],[78.656,12.2623],[78.6778,12.2734],[78.688,12.2839],[78.6924,12.2846],[78.6952,12.2934],[78.6979,12.2962],[78.7086,12.3],[78.7107,12.3022],[78.7175,12.3275],[78.7312,12.3607],[78.732,12.3712],[78.7364,12.3778],[78.7439,12.3774],[78.7531,12.3847],[78.7659,12.4112],[78.7682,12.4212],[78.7712,12.4249],[78.7708,12.4372],[78.7695,12.4407],[78.7661,12.4424],[78.7648,12.4471],[78.7743,12.4606],[78.7784,12.4604],[78.7822,12.4677],[78.779,12.4704],[78.778,12.4772],[78.7793,12.4843],[78.7809,12.4868],[78.7859,12.4884],[78.7901,12.4934],[78.7924,12.499],[78.7982,12.4969],[78.8074,12.5085],[78.8278,12.5509],[78.8315,12.5659],[78.8593,12.6277],[78.8605,12.6341],[78.8476,12.6409],[78.8432,12.6413],[78.8325,12.6385],[78.8208,12.6375],[78.8164,12.6341],[78.7939,12.6493],[78.7767,12.6731],[78.7732,12.681],[78.7798,12.7014],[78.7919,12.6973],[78.8028,12.702],[78.7996,12.692],[78.7992,12.6829],[78.8037,12.6816],[78.8171,12.69],[78.8181,12.6965],[78.8239,12.7059],[78.8324,12.7049],[78.8356,12.707],[78.8439,12.7061],[78.8417,12.7076],[78.8405,12.7124],[78.8445,12.7262],[78.8399,12.7295],[78.8389,12.7319],[78.8406,12.7357],[78.8441,12.7363],[78.8443,12.743],[78.8492,12.7428],[78.85,12.7594],[78.852,12.7654],[78.8637,12.7771],[78.8699,12.7783],[78.8726,12.777],[78.8786,12.78],[78.8823,12.7781],[78.8871,12.7797],[78.9078,12.7773],[78.9142,12.7744],[78.9148,12.781],[78.9194,12.7837],[78.9207,12.7865],[78.9201,12.7902],[78.9127,12.7917],[78.9034,12.7903],[78.9003,12.792],[78.8945,12.7986],[78.8944,12.7996],[78.8998,12.7989],[78.8999,12.8069],[78.8987,12.8096],[78.8963,12.8108],[78.8972,12.814],[78.8928,12.8257],[78.8875,12.8299],[78.8828,12.837],[78.8864,12.8347],[78.8943,12.8345],[78.8975,12.8357],[78.8979,12.8401],[78.8949,12.8522],[78.8976,12.8638],[78.9012,12.8624],[78.9093,12.8633],[78.9103,12.8561],[78.9145,12.857],[78.9126,12.8644],[78.9133,12.8692],[78.9096,12.8698],[78.9098,12.8721],[78.9114,12.8796],[78.9191,12.8858],[78.9199,12.8904],[78.918,12.8935],[78.9147,12.8942],[78.9183,12.8988],[78.9218,12.9005],[78.922,12.9089],[78.9257,12.9161],[78.9097,12.9147],[78.8979,12.9096],[78.8993,12.9085],[78.8882,12.8979],[78.8773,12.8959],[78.8687,12.8906],[78.8454,12.8812],[78.8414,12.8751],[78.8227,12.8638],[78.8018,12.8587],[78.7966,12.8552],[78.7841,12.8524],[78.7806,12.8488],[78.7762,12.8391],[78.765,12.8349],[78.7519,12.8248],[78.7506,12.8185],[78.7359,12.8182],[78.7279,12.8258],[78.7174,12.8276],[78.7131,12.8233],[78.7161,12.8217],[78.7187,12.8126],[78.7262,12.8144],[78.7201,12.8077],[78.7129,12.8042],[78.7133,12.7875],[78.7005,12.774],[78.6952,12.7633],[78.6865,12.7522],[78.6824,12.7435],[78.6733,12.7377],[78.6688,12.7318],[78.673,12.7271],[78.6664,12.7293],[78.6663,12.726],[78.6625,12.7225],[78.6513,12.7168],[78.6489,12.7196],[78.6419,12.7184],[78.6442,12.7246],[78.6389,12.7247],[78.6391,12.7285],[78.6369,12.7342],[78.6152,12.7432],[78.6118,12.7463],[78.6123,12.7502],[78.6226,12.7517],[78.6216,12.7582],[78.618,12.7647],[78.6189,12.7664],[78.6255,12.766],[78.6277,12.7719],[78.6232,12.7745],[78.6232,12.7771],[78.5949,12.7869],[78.5941,12.7827],[78.5923,12.7792],[78.5779,12.7709],[78.579,12.7641],[78.5703,12.7635],[78.5628,12.7519],[78.5579,12.7405],[78.5661,12.738],[78.5578,12.7193],[78.5645,12.709],[78.5642,12.7063],[78.56,12.7069],[78.5577,12.7045],[78.56,12.701],[78.56,12.6976],[78.5536,12.6969],[78.54,12.6909],[78.5366,12.6916],[78.5308,12.7043],[78.5331,12.709],[78.5378,12.7066],[78.5397,12.7092],[78.5386,12.7131],[78.5282,12.7154],[78.5284,12.7182],[78.5245,12.7198],[78.5231,12.7335],[78.5215,12.7316],[78.521,12.7245],[78.5157,12.7252],[78.5139,12.7333],[78.5092,12.7359],[78.5064,12.7422],[78.5021,12.7424],[78.4964,12.7465],[78.4917,12.7418],[78.5006,12.7272],[78.5074,12.7198],[78.5166,12.7186],[78.5212,12.7167],[78.5227,12.7136],[78.522,12.7106],[78.5118,12.7089],[78.5071,12.7155],[78.503,12.7143],[78.4985,12.7023],[78.5018,12.6984],[78.5058,12.6976],[78.5056,12.6929],[78.5096,12.6911],[78.5093,12.6883],[78.5063,12.6865],[78.5057,12.6814],[78.5008,12.6752],[78.4863,12.671],[78.4698,12.674],[78.4716,12.6506],[78.4752,12.6472],[78.4741,12.6441],[78.4713,12.6433],[78.4719,12.6292],[78.467,12.6238],[78.4636,12.6276],[78.4597,12.6283],[78.4516,12.6287],[78.4371,12.6266],[78.4305,12.6324],[78.4193,12.6292],[78.412,12.625],[78.4097,12.6253]]]]}},{"type":"Feature","properties":{"kind":"district","name":"Ranipet"},"geometry":{"type":"MultiPolygon","coordinates":[[[[79.1869,13.0373],[79.1905,13.0347],[79.1937,13.0311],[79.1968,13.0255],[79.1994,13.0323],[79.2071,13.0359],[79.2122,13.0359],[79.2153,13.0303],[79.2235,13.0268],[79.2288,13.0227],[79.2283,13.0127],[79.2339,13.015],[79.2425,13.0158],[79.2438,13.0157],[79.2454,13.0118],[79.2581,13.0147],[79.2644,13.0145],[79.2672,13.0193],[79.2693,13.0202],[79.2778,13.015],[79.2832,13.0167],[79.2809,13.0082],[79.2718,12.9957],[79.2719,12.9881],[79.2705,12.9874],[79.2703,12.9849],[79.2722,12.9709],[79.2716,12.9616],[79.2684,12.9594],[79.2618,12.9614],[79.2581,12.9524],[79.2561,12.9542],[79.2554,12.9526],[79.2515,12.9531],[79.2362,12.9579],[79.2289,12.9564],[79.2149,12.9565],[79.2155,12.9513],[79.2134,12.9446],[79.2065,12.9394],[79.1968,12.9373],[79.1917,12.9344],[79.1882,12.93],[79.1852,12.9216],[79.1809,12.9231],[79.1757,12.9218],[79.173,12.9184],[79.1609,12.9146],[79.1626,12.9138],[79.1713,12.9158],[79.1713,12.9131],[79.1749,12.9161],[79.1743,12.9105],[79.1755,12.909],[79.1784,12.9165],[79.1812,12.9187],[79.1841,12.9165],[79.1855,12.9197],[79.1875,12.9124],[79.1973,12.9051],[79.202,12.9063],[79.2053,12.905],[79.2099,12.8974],[79.209,12.8952],[79.1984,12.8905],[79.1955,12.8945],[79.194,12.8948],[79.1924,12.8929],[79.1898,12.8845],[79.1916,12.8814],[79.189,12.8709],[79.1833,12.8626],[79.1822,12.8554],[79.1826,12.8527],[79.1886,12.8432],[79.1904,12.8413],[79.193,12.8415],[79.1836,12.8197],[79.1879,12.815],[79.1896,12.8082],[79.1926,12.8046],[79.1942,12.796],[79.197,12.7926],[79.2063,12.7888],[79.2094,12.784],[79.2098,12.7851],[79.2221,12.7911],[79.228,12.7912],[79.2418,12.797],[79.2462,12.8078],[79.252,12.807],[79.255,12.8125],[79.2511,12.8157],[79.252,12.8206],[79.2554,12.8231],[79.2632,12.8186],[79.2616,12.8137],[79.2624,12.8067],[79.2645,12.8065],[79.2678,12.8089],[79.2665,12.8158],[79.2673,12.8206],[79.2729,12.818],[79.274,12.8155],[79.2725,12.8124],[79.2728,12.8064],[79.2756,12.8036],[79.2734,12.8014],[79.2734,12.7942],[79.281,12.7888],[79.2818,12.7824],[79.2889,12.7812],[79.2903,12.7762],[79.2868,12.7611],[79.2887,12.7569],[79.2988,12.7473],[79.3116,12.7466],[79.313,12.7429],[79.3171,12.7447],[79.324,12.7436],[79.3332,12.7369],[79.3384,12.7358],[79.3428,12.7327],[79.3454,12.7292],[79.348,12.7099],[79.3404,12.7008],[79.346,12.6997],[79.3465,12.6942],[79.3589,12.6978],[79.3579,12.7019],[79.36,12.7062],[79.3571,12.708],[79.3563,12.7126],[79.3595,12.7194],[79.3676,12.715],[79.3682,12.7204],[79.3776,12.7221],[79.3807,12.7261],[79.381,12.7337],[79.3916,12.7328],[79.3913,12.7284],[79.3972,12.7266],[79.3945,12.7134],[79.3828,12.709],[79.3828,12.7053],[79.3879,12.6971],[79.3945,12.6944],[79.3965,12.69],[79.3934,12.6903],[79.3931,12.6867],[79.3786,12.6818],[79.3705,12.6816],[79.366,12.6772],[79.3577,12.6731],[79.3564,12.6684],[79.3609,12.6673],[79.3648,12.6573],[79.3625,12.6534],[79.3596,12.6536],[79.3589,12.6491],[79.356,12.6492],[79.3556,12.6457],[79.3693,12.6339],[79.3764,12.63],[79.3845,12.6284],[79.3915,12.6328],[79.3996,12.6414],[79.4094,12.6486],[79.4129,12.6567],[79.431,12.6609],[79.4376,12.667],[79.4517,12.6711],[79.4561,12.6774],[79.4551,12.6821],[79.4625,12.6849],[79.4591,12.6977],[79.4665,12.6994],[79.4696,12.7118],[79.4672,12.7156],[79.4779,12.7284],[79.4777,12.732],[79.4742,12.7347],[79.4696,12.7319],[79.4627,12.7367],[79.4577,12.7374],[79.4565,12.7446],[79.4595,12.7478],[79.4572,12.7558],[79.4688,12.7548],[79.4717,12.7567],[79.4684,12.7641],[79.4714,12.7703],[79.4771,12.7772],[79.4654,12.7866],[79.4638,12.8012],[79.4704,12.7981],[79.4739,12.7991],[79.4774,12.7983],[79.4757,12.8075],[79.4576,12.8112],[79.4628,12.8288],[79.4621,12.8337],[79.4588,12.837],[79.4599,12.8466],[79.4746,12.8516],[79.4753,12.8551],[79.473,12.8604],[79.4753,12.8641],[79.4738,12.868],[79.4744,12.8726],[79.4799,12.8719],[79.4905,12.8734],[79.4986,12.8697],[79.5095,12.8587],[79.5141,12.8564],[79.5398,12.8626],[79.5608,12.8507],[79.5681,12.8575],[79.5677,12.8627],[79.5601,12.8747],[79.5612,12.8815],[79.5666,12.8871],[79.5734,12.9006],[79.5931,12.9041],[79.6115,12.911],[79.6135,12.9101],[79.6222,12.9133],[79.6397,12.9233],[79.6619,12.931],[79.6612,12.9493],[79.6807,12.9571],[79.683,12.9611],[79.6912,12.9686],[79.7067,12.9762],[79.7267,12.982],[79.7352,12.9861],[79.761,13.0115],[79.7705,13.0171],[79.7859,13.0232],[79.7862,13.0409],[79.7902,13.0476],[79.7872,13.0536],[79.7786,13.0561],[79.7768,13.0594],[79.7715,13.0603],[79.7618,13.0531],[79.7492,13.0513],[79.7347,13.0603],[79.7272,13.0543],[79.7213,13.0548],[79.7199,13.0582],[79.7245,13.062],[79.7269,13.068],[79.7346,13.0679],[79.7394,13.0706],[79.7409,13.0754],[79.7326,13.0963],[79.7273,13.0981],[79.7126,13.0987],[79.702,13.1008],[79.7039,13.1077],[79.7091,13.1089],[79.717,13.1059],[79.7225,13.108],[79.7266,13.1159],[79.7349,13.1174],[79.74,13.1376],[79.7397,13.1523],[79.7362,13.1655],[79.7041,13.1613],[79.7006,13.1571],[79.6961,13.1602],[79.6927,13.1656],[79.6924,13.1761],[79.6978,13.1811],[79.7006,13.1885],[79.6928,13.1908],[79.6714,13.1825],[79.6699,13.1878],[79.6712,13.2018],[79.6554,13.2094],[79.6483,13.1976],[79.6456,13.1793],[79.6327,13.17],[79.6322,13.1624],[79.6365,13.1486],[79.6299,13.1447],[79.6192,13.1439],[79.5944,13.1465],[79.5924,13.1435],[79.5994,13.1304],[79.5955,13.1233],[79.572,13.1226],[79.5695,13.129],[79.57,13.135],[79.5561,13.1378],[79.5513,13.1345],[79.5293,13.1372],[79.5175,13.1438],[79.5054,13.1378],[79.4828,13.1392],[79.4822,13.1319],[79.4798,13.1279],[79.4744,13.1271],[79.476,13.1139],[79.474,13.1081],[79.4665,13.1087],[79.4638,13.1055],[79.4626,13.0983],[79.4537,13.0933],[79.4427,13.1103],[79.4325,13.1142],[79.4317,13.1191],[79.4542,13.1215],[79.452,13.1267],[79.4435,13.1251],[79.4374,13.1262],[79.4246,13.1456],[79.419,13.1496],[79.4126,13.1367],[79.4129,13.1212],[79.4027,13.107],[79.4095,13.1026],[79.419,13.1038],[79.4221,13.0991],[79.4173,13.0841],[79.3941,13.0822],[79.3831,13.0798],[79.3476,13.0616],[79.3384,13.0649],[79.332,13.0738],[79.323,13.0804],[79.3067,13.0852],[79.3018,13.0907],[79.2862,13.1208],[79.2865,13.1339],[79.2839,13.151],[79.28,13.1542],[79.2738,13.1537],[79.2691,13.1495],[79.2653,13.1542],[79.2639,13.1591],[79.2598,13.161],[79.2568,13.1541],[79.2559,13.1463],[79.2493,13.1397],[79.2456,13.1406],[79.239,13.1475],[79.2309,13.1484],[79.2272,13.1405],[79.2309,13.1333],[79.235,13.1289],[79.2309,13.1232],[79.2309,13.1168],[79.2269,13.1098],[79.2201,13.1043],[79.2059,13.1026],[79.2015,13.0975],[79.1996,13.0899],[79.1933,13.0799],[79.1917,13.073],[79.1821,13.0659],[79.1874,13.0626],[79.1849,13.0566],[79.1892,13.0512],[79.1893,13.0427],[79.1869,13.0373]]]]}},{"type":"Feature","properties":{"kind":"district","name":"Chengalputtu"},"geometry":{"type":"MultiPolygon","coordinates":[[[[79.7475,12.5311],[79.7478,12.5341],[79.7497,12.5334],[79.7515,12.5347],[79.7564,12.5404],[79.7537,12.5459],[79.7559,12.5583],[79.759,12.5579],[79.7649,12.5532],[79.7659,12.5474],[79.7782,12.5485],[79.778,12.5533],[79.7819,12.5534],[79.7828,12.5581],[79.7938,12.5566],[79.7952,12.5572],[79.7982,12.5639],[79.8126,12.559],[79.8222,12.5599],[79.8238,12.5621],[79.821,12.5764],[79.8189,12.5814],[79.8174,12.5808],[79.8146,12.5836],[79.8143,12.5908],[79.816,12.5908],[79.817,12.5946],[79.8166,12.6031],[79.8138,12.6075],[79.8137,12.6122],[79.8101,12.6152],[79.8066,12.6242],[79.8157,12.6218],[79.8255,12.6164],[79.8335,12.6201],[79.8406,12.6194],[79.845,12.6217],[79.8461,12.6258],[79.8482,12.6272],[79.8699,12.6221],[79.8746,12.6272],[79.8863,12.627],[79.8901,12.6276],[79.8911,12.629],[79.8935,12.6285],[79.8944,12.6311],[79.8967,12.6314],[79.8986,12.6368],[79.9109,12.6352],[79.9147,12.6339],[79.9176,12.6298],[79.9237,12.6283],[79.9264,12.6286],[79.9289,12.6324],[79.9289,12.6346],[79.9255,12.6378],[79.9266,12.6385],[79.9216,12.6657],[79.9221,12.6748],[79.9217,12.6764],[79.9176,12.6787],[79.9174,12.692],[79.931,12.6916],[79.9312,12.6974],[79.9325,12.6982],[79.9445,12.6987],[79.9495,12.6949],[79.9485,12.702],[79.9391,12.7165],[79.9389,12.7201],[79.9308,12.7271],[79.9318,12.7284],[79.9219,12.7403],[79.9155,12.7455],[79.9061,12.7461],[79.895,12.7498],[79.8772,12.7604],[79.8854,12.767],[79.8815,12.77],[79.8822,12.7713],[79.8724,12.7719],[79.8721,12.7741],[79.8735,12.7756],[79.8957,12.7785],[79.8981,12.7819],[79.9024,12.7837],[79.9026,12.787],[79.9064,12.793],[79.9049,12.7967],[79.9157,12.7953],[79.921,12.7919],[79.9247,12.7936],[79.9277,12.789],[79.9291,12.7826],[79.9325,12.7803],[79.9362,12.7801],[79.9377,12.7817],[79.9378,12.7857],[79.9402,12.7871],[79.9531,12.7853],[79.9548,12.79],[79.9586,12.7943],[79.9588,12.7985],[79.9618,12.8042],[79.9562,12.8064],[79.9568,12.8105],[79.9552,12.8136],[79.9563,12.8208],[79.9598,12.8192],[79.9652,12.8099],[79.9709,12.8089],[79.9795,12.8099],[79.9913,12.805],[79.9963,12.8074],[80.0048,12.8082],[80.0064,12.8041],[80.0087,12.8101],[80.0122,12.8122],[80.0155,12.8116],[80.0207,12.8165],[80.0299,12.8183],[80.0299,12.8211],[80.0356,12.8292],[80.0399,12.8293],[80.0411,12.8353],[80.0459,12.8355],[80.0518,12.8334],[80.0583,12.8545],[80.0603,12.8572],[80.0629,12.8577],[80.0636,12.8603],[80.0624,12.8657],[80.0548,12.8794],[80.0593,12.8852],[80.0632,12.8975],[80.0694,12.9058],[80.0716,12.912],[80.0866,12.9234],[80.0872,12.9301],[80.095,12.9448],[80.1014,12.9429],[80.1048,12.9534],[80.1103,12.9626],[80.1172,12.9669],[80.1223,12.9834],[80.1251,12.9834],[80.1302,12.9887],[80.1366,12.9889],[80.1406,12.9948],[80.1442,12.9965],[80.1503,12.9917],[80.1574,12.9934],[80.1652,12.9985],[80.1684,13.0036],[80.1708,13.0036],[80.1733,13.0011],[80.18,12.9988],[80.1846,13.004],[80.1837,13.0077],[80.1861,13.0159],[80.1877,13.018],[80.1913,13.018],[80.1916,13.022],[80.1977,13.0285],[80.1901,13.0264],[80.1859,13.026],[80.1848,13.0273],[80.1676,13.032],[80.1667,13.0279],[80.1632,13.0287],[80.162,13.032],[80.1487,13.0314],[80.147,13.0381],[80.1511,13.0384],[80.1489,13.0423],[80.1426,13.0485],[80.1423,13.047],[80.137,13.0477],[80.1358,13.0526],[80.1311,13.0561],[80.1307,13.0527],[80.1244,13.0501],[80.1237,13.0473],[80.1192,13.0487],[80.1191,13.0459],[80.1118,13.0465],[80.1052,13.0429],[80.1034,13.0454],[80.1,13.0464],[80.0995,13.0404],[80.0981,13.0386],[80.0917,13.0358],[80.0901,13.0364],[80.0894,13.0339],[80.088,13.025],[80.0838,13.022],[80.081,13.03],[80.0804,13.0415],[80.079,13.0429],[80.0714,13.0428],[80.066,13.0348],[80.0565,13.0325],[80.0506,13.0384],[80.0515,13.0414],[80.0568,13.0463],[80.0521,13.0463],[80.0471,13.0444],[80.0349,13.0449],[80.034,13.0469],[80.0363,13.0488],[80.0339,13.0519],[80.0285,13.0511],[80.0264,13.0532],[80.0172,13.0532],[80.0152,13.0563],[80.0101,13.0584],[80.0084,13.0522],[79.9983,13.0448],[79.9921,13.0325],[79.9849,13.0338],[79.9795,13.0376],[79.9792,13.0397],[79.9833,13.0489],[79.9934,13.0529],[79.9897,13.058],[79.9773,13.0541],[79.9718,13.0485],[79.9731,13.0407],[79.9716,13.0393],[79.9631,13.0408],[79.9467,13.0345],[79.9264,13.0362],[79.9219,13.0384],[79.9223,13.0492],[79.9154,13.0491],[79.9044,13.0519],[79.8985,13.0356],[79.9041,13.0308],[79.9056,13.016],[79.9118,13.0176],[79.9165,13.0171],[79.9228,13.0203],[79.9247,13.0156],[79.9442,13.0081],[79.9446,13.0042],[79.9412,12.9958],[79.9298,12.9918],[79.9162,12.9998],[79.9132,13.0042],[79.9026,12.9957],[79.8979,12.9958],[79.8949,12.9916],[79.9016,12.9893],[79.9172,12.9782],[79.9132,12.974],[79.9127,12.9686],[79.9101,12.9642],[79.9036,12.9617],[79.8999,12.958],[79.896,12.9476],[79.854,12.9512],[79.852,12.956],[79.837,12.96],[79.8384,12.9649],[79.8254,12.9644],[79.8236,12.9679],[79.8217,12.9861],[79.8237,12.9891],[79.8181,12.9879],[79.8159,12.9914],[79.8206,12.9946],[79.8209,13.0014],[79.8105,13.0179],[79.8026,13.0159],[79.7998,13.0277],[79.7859,13.0232],[79.7705,13.0171],[79.761,13.0115],[79.7352,12.9861],[79.7267,12.982],[79.7067,12.9762],[79.6912,12.9686],[79.683,12.9611],[79.6807,12.9571],[79.6612,12.9493],[79.6619,12.931],[79.6397,12.9233],[79.6222,12.9133],[79.6135,12.9101],[79.6115,12.911],[79.5931,12.9041],[79.5734,12.9006],[79.5666,12.8871],[79.5612,12.8815],[79.5601,12.8747],[79.5677,12.8627],[79.5681,12.8575],[79.5608,12.8507],[79.583,12.8419],[79.5885,12.8347],[79.5972,12.8309],[79.6132,12.8279],[79.6403,12.8174],[79.645,12.8085],[79.6445,12.7985],[79.6418,12.7922],[79.6384,12.7887],[79.6398,12.7864],[79.6505,12.7835],[79.6499,12.7746],[79.6569,12.7649],[79.6617,12.7713],[79.6597,12.7757],[79.6732,12.7785],[79.6702,12.785],[79.6812,12.7817],[79.6887,12.7855],[79.6948,12.7806],[79.703,12.7768],[79.7074,12.7808],[79.7117,12.7772],[79.7104,12.7705],[79.7123,12.7591],[79.7292,12.7567],[79.7427,12.7481],[79.7469,12.7439],[79.7453,12.7376],[79.7422,12.7334],[79.716,12.7278],[79.718,12.7236],[79.7264,12.7241],[79.7351,12.7213],[79.7394,12.717],[79.74,12.7105],[79.7388,12.7062],[79.7357,12.7028],[79.7377,12.7009],[79.7458,12.7022],[79.7471,12.6993],[79.7456,12.6947],[79.739,12.6896],[79.6847,12.6687],[79.6715,12.6679],[79.6587,12.6709],[79.6489,12.6688],[79.637,12.6456],[79.6341,12.6322],[79.639,12.6293],[79.6392,12.6266],[79.6447,12.6277],[79.6473,12.6261],[79.646,12.6111],[79.6506,12.6023],[79.6544,12.6034],[79.6588,12.6003],[79.663,12.5993],[79.6646,12.5968],[79.6709,12.5933],[79.6817,12.5983],[79.6866,12.5983],[79.6923,12.6015],[79.698,12.5994],[79.7009,12.5946],[79.7068,12.5961],[79.7242,12.5895],[79.7289,12.5846],[79.7286,12.5799],[79.7247,12.5792],[79.7188,12.5813],[79.7174,12.5781],[79.7076,12.5722],[79.7104,12.5691],[79.7218,12.5665],[79.7215,12.5598],[79.7177,12.5502],[79.7365,12.5406],[79.7475,12.5311]]]]}},{"type":"Feature","properties":{"kind":"district","name":"Kallakurichi"},"geometry":{"type":"MultiPolygon","coordinates":[[[[78.7188,11.9807],[78.7119,11.9612],[78.713,11.9468],[78.7075,11.9445],[78.7059,11.9349],[78.7129,11.9268],[78.7154,11.9278],[78.7249,11.9165],[78.7134,11.904],[78.7069,11.8916],[78.6935,11.8912],[78.6887,11.8991],[78.6829,11.8979],[78.6718,11.8919],[78.6662,11.8918],[78.6602,11.8895],[78.6565,11.8854],[78.6558,11.8801],[78.6369,11.885],[78.6346,11.8824],[78.637,11.8757],[78.6361,11.8725],[78.6336,11.8696],[78.6298,11.8683],[78.6275,11.8647],[78.6334,11.8619],[78.6518,11.8627],[78.6592,11.8592],[78.6605,11.8537],[78.687,11.8536],[78.6952,11.8467],[78.6912,11.8166],[78.6923,11.8079],[78.6908,11.7998],[78.6738,11.7974],[78.6694,11.7952],[78.664,11.7874],[78.6639,11.7769],[78.6518,11.7697],[78.6415,11.7611],[78.6444,11.751],[78.6394,11.7377],[78.6389,11.7192],[78.6534,11.7127],[78.651,11.6808],[78.6515,11.6647],[78.6479,11.6569],[78.6551,11.659],[78.661,11.658],[78.6606,11.6454],[78.6794,11.6409],[78.6809,11.6426],[78.679,11.6611],[78.6834,11.6644],[78.6784,11.6648],[78.68,11.6759],[78.6839,11.6801],[78.6907,11.6842],[78.7007,11.6872],[78.7078,11.687],[78.7156,11.6818],[78.7194,11.6819],[78.7258,11.685],[78.7304,11.6847],[78.7359,11.6874],[78.7614,11.6904],[78.7823,11.6998],[78.7942,11.6899],[78.8013,11.6884],[78.8048,11.6862],[78.8058,11.6605],[78.8042,11.658],[78.7971,11.6551],[78.796,11.6522],[78.7856,11.6464],[78.7788,11.6391],[78.7882,11.6392],[78.7875,11.6343],[78.79,11.6268],[78.7877,11.6122],[78.7828,11.6127],[78.7792,11.6094],[78.7799,11.6048],[78.7907,11.5978],[78.7952,11.5977],[78.795,11.5953],[78.8081,11.5906],[78.815,11.5896],[78.822,11.5851],[78.8238,11.5811],[78.8264,11.5794],[78.8222,11.5627],[78.8193,11.5613],[78.8172,11.5573],[78.8168,11.5456],[78.822,11.5425],[78.8277,11.543],[78.8363,11.5394],[78.8364,11.5267],[78.8394,11.5235],[78.8454,11.5208],[78.8511,11.5196],[78.8593,11.5202],[78.8629,11.5187],[78.8722,11.5141],[78.8733,11.5087],[78.8763,11.5062],[78.9056,11.5035],[78.9135,11.5239],[78.9169,11.5264],[78.9184,11.5303],[78.9152,11.5325],[78.9219,11.5569],[78.9308,11.5662],[78.9362,11.5657],[78.9456,11.571],[78.95,11.5718],[78.9625,11.5721],[78.9704,11.564],[78.981,11.5593],[78.9878,11.5603],[78.9967,11.5657],[79.0055,11.5669],[79.0165,11.5798],[79.0172,11.5816],[79.0156,11.5844],[79.0189,11.5928],[79.0222,11.591],[79.048,11.5925],[79.046,11.5896],[79.0496,11.5875],[79.0556,11.5869],[79.0593,11.592],[79.0675,11.594],[79.0682,11.5971],[79.079,11.5986],[79.0788,11.608],[79.075,11.6086],[79.0722,11.6108],[79.0715,11.621],[79.0831,11.6226],[79.0931,11.626],[79.1046,11.6128],[79.109,11.6152],[79.1152,11.6146],[79.1169,11.6128],[79.1172,11.6073],[79.1209,11.607],[79.1178,11.5992],[79.125,11.6004],[79.1278,11.5975],[79.1323,11.5973],[79.137,11.5918],[79.141,11.5894],[79.1467,11.5893],[79.1494,11.5911],[79.1546,11.5985],[79.1643,11.5966],[79.18,11.5884],[79.1854,11.5876],[79.1943,11.596],[79.1945,11.6025],[79.2008,11.6125],[79.2045,11.6122],[79.2049,11.6155],[79.213,11.6222],[79.2117,11.6353],[79.2173,11.6396],[79.2231,11.6397],[79.227,11.6325],[79.2363,11.6286],[79.2398,11.6412],[79.2495,11.6477],[79.2503,11.6513],[79.2587,11.6508],[79.272,11.6432],[79.272,11.6468],[79.2795,11.6467],[79.2865,11.6492],[79.2903,11.649],[79.2975,11.6431],[79.2977,11.6355],[79.3112,11.6343],[79.3139,11.644],[79.3176,11.6427],[79.3209,11.6453],[79.3219,11.6487],[79.3297,11.6512],[79.3331,11.6599],[79.3374,11.6615],[79.3518,11.6585],[79.3632,11.661],[79.3617,11.6718],[79.3833,11.6799],[79.395,11.6797],[79.3959,11.6762],[79.4207,11.6697],[79.4228,11.6654],[79.4301,11.6672],[79.4337,11.6639],[79.4401,11.6664],[79.4455,11.6652],[79.4424,11.6915],[79.4364,11.6992],[79.4375,11.7141],[79.4366,11.7223],[79.4296,11.7315],[79.4334,11.734],[79.4378,11.7346],[79.4468,11.7323],[79.4542,11.7347],[79.461,11.7397],[79.4638,11.7442],[79.4649,11.7494],[79.4637,11.761],[79.4665,11.768],[79.4634,11.7696],[79.4551,11.7695],[79.4524,11.7678],[79.4503,11.7628],[79.4416,11.7643],[79.4433,11.7682],[79.4408,11.7836],[79.4365,11.7812],[79.4335,11.7817],[79.4308,11.7889],[79.4234,11.7945],[79.4216,11.7934],[79.4192,11.7832],[79.4144,11.7845],[79.4139,11.7882],[79.4175,11.7932],[79.4176,11.7986],[79.4169,11.8001],[79.4118,11.8014],[79.4092,11.8037],[79.4069,11.804],[79.4035,11.798],[79.3976,11.7962],[79.3934,11.7975],[79.3926,11.8014],[79.3845,11.803],[79.3813,11.8072],[79.3806,11.8111],[79.3776,11.8114],[79.3767,11.8135],[79.3709,11.8133],[79.3696,11.8152],[79.3701,11.8231],[79.3724,11.8272],[79.3712,11.8311],[79.3598,11.8332],[79.3473,11.8304],[79.3388,11.8329],[79.3366,11.8325],[79.331,11.8246],[79.326,11.8224],[79.321,11.8245],[79.318,11.8236],[79.3133,11.8261],[79.3088,11.8266],[79.3063,11.8296],[79.3017,11.8277],[79.2935,11.8312],[79.2916,11.8375],[79.2816,11.8434],[79.2791,11.8496],[79.2728,11.843],[79.2669,11.8412],[79.2619,11.8464],[79.2612,11.8503],[79.2501,11.8483],[79.2444,11.8505],[79.2373,11.8565],[79.2386,11.8666],[79.2552,11.8799],[79.2557,11.8827],[79.2584,11.8773],[79.2616,11.8783],[79.262,11.88],[79.2763,11.8756],[79.2785,11.8727],[79.2811,11.8829],[79.2855,11.8892],[79.2893,11.905],[79.2866,11.907],[79.272,11.9065],[79.2679,11.9087],[79.2598,11.9095],[79.2619,11.9165],[79.2661,11.9189],[79.2725,11.9287],[79.2801,11.9317],[79.2815,11.9361],[79.285,11.9384],[79.2865,11.9421],[79.2742,11.945],[79.2752,11.9475],[79.2702,11.9499],[79.2684,11.9487],[79.2617,11.9506],[79.2427,11.9524],[79.2314,11.9594],[79.2278,11.9648],[79.2137,11.9755],[79.2,11.9737],[79.1888,11.9745],[79.1722,11.9673],[79.1682,11.9669],[79.1452,11.9679],[79.1356,11.9702],[79.1267,11.9805],[79.1286,11.9841],[79.1273,11.9869],[79.1289,11.991],[79.1277,11.9966],[79.1229,11.9958],[79.1169,11.9993],[79.1202,12.0076],[79.1089,12.0063],[79.1074,12.0022],[79.0967,12.0028],[79.0955,12.0048],[79.0887,12.0055],[79.0754,12.0044],[79.0691,12.01],[79.0534,12.0197],[79.0495,12.0196],[79.0434,12.0233],[79.0412,12.0315],[79.0369,12.035],[79.0321,12.0354],[79.0162,12.0488],[79.0003,12.049],[78.9953,12.0498],[78.9951,12.0521],[78.9886,12.0637],[78.9831,12.0671],[78.9729,12.0656],[78.9611,12.0678],[78.9463,12.0536],[78.9432,12.0438],[78.9373,12.0387],[78.93,12.029],[78.9229,12.0236],[78.9204,12.0238],[78.917,12.0258],[78.9137,12.0269],[78.9099,12.0312],[78.892,12.0352],[78.8839,12.0293],[78.8293,12.0144],[78.8205,12.009],[78.8073,12.0183],[78.797,12.0126],[78.7834,12.0089],[78.7732,12.0078],[78.7611,12.0105],[78.7585,12.007],[78.747,11.9982],[78.742,11.9894],[78.7368,11.986],[78.7388,11.9828],[78.7188,11.9807]]]]}},{"type":"Feature","properties":{"kind":"district","name":"Mayiladuthurai"},"geometry":{"type":"MultiPolygon","coordinates":[[[[79.8549,10.9852],[79.8585,11.1182],[79.8572,11.1648],[79.855,11.189],[79.8487,11.2363],[79.8414,11.2721],[79.8374,11.302],[79.8377,11.3529],[79.8352,11.3595],[79.8307,11.3636],[79.8235,11.3816],[79.8135,11.4191],[79.8104,11.4108],[79.8055,11.3836],[79.7971,11.3749],[79.791,11.3724],[79.7851,11.3736],[79.7706,11.3829],[79.7658,11.3814],[79.762,11.3782],[79.759,11.3731],[79.7614,11.3574],[79.7609,11.3524],[79.7345,11.3506],[79.7292,11.3486],[79.7206,11.3432],[79.6981,11.3223],[79.677,11.3067],[79.6636,11.3058],[79.6529,11.3009],[79.6467,11.2937],[79.6441,11.284],[79.6495,11.2619],[79.6495,11.251],[79.6385,11.2467],[79.6271,11.252],[79.6224,11.2557],[79.619,11.2557],[79.6132,11.251],[79.6115,11.2372],[79.6069,11.2261],[79.5994,11.2186],[79.5722,11.2095],[79.5573,11.2028],[79.5239,11.182],[79.5311,11.1778],[79.5383,11.1786],[79.5413,11.1633],[79.5445,11.1625],[79.5458,11.1595],[79.5523,11.1626],[79.5596,11.1621],[79.5594,11.1542],[79.5667,11.1543],[79.5675,11.1478],[79.5743,11.1462],[79.5625,11.1358],[79.5604,11.1301],[79.5575,11.1283],[79.5555,11.1304],[79.5536,11.129],[79.5538,11.1254],[79.5503,11.1238],[79.5527,11.1195],[79.5512,11.1156],[79.5477,11.115],[79.5464,11.113],[79.5492,11.1117],[79.5488,11.1095],[79.5466,11.1083],[79.5403,11.1089],[79.5402,11.1058],[79.5381,11.1033],[79.5378,11.1005],[79.5403,11.0949],[79.5426,11.095],[79.5424,11.1039],[79.5491,11.1041],[79.5488,11.1009],[79.542,11.0873],[79.5429,11.0842],[79.5455,11.0862],[79.5482,11.0852],[79.552,11.0809],[79.5376,11.0682],[79.5362,11.0626],[79.529,11.0541],[79.5225,11.0512],[79.5158,11.0412],[79.5197,11.0262],[79.5349,11.026],[79.5378,11.0133],[79.5336,11.0127],[79.5304,11.0148],[79.5276,11.0138],[79.5275,11.008],[79.5356,11.0097],[79.5422,11.008],[79.5463,11.0064],[79.5492,11.0017],[79.5475,10.999],[79.5428,10.9975],[79.5319,10.9964],[79.5301,10.9986],[79.5269,10.9986],[79.5269,10.9964],[79.5234,10.9975],[79.524,10.9922],[79.5202,10.9876],[79.5128,10.9875],[79.5106,10.9845],[79.5155,10.9796],[79.5156,10.9689],[79.5287,10.9703],[79.5266,10.9626],[79.5277,10.9588],[79.5319,10.9605],[79.5312,10.9648],[79.5533,10.9661],[79.5544,10.97],[79.5575,10.9691],[79.5592,10.9742],[79.5695,10.9759],[79.5699,10.972],[79.5771,10.9707],[79.5755,10.9762],[79.5786,10.9768],[79.5795,10.9822],[79.5903,10.9823],[79.592,10.9774],[79.5965,10.9776],[79.5972,10.9723],[79.6036,10.9713],[79.6084,10.9748],[79.6053,10.9786],[79.6082,10.9811],[79.6245,10.9829],[79.6276,10.9774],[79.634,10.9786],[79.6317,10.9865],[79.6351,10.9888],[79.6333,10.9909],[79.6366,10.9918],[79.6344,10.9938],[79.6368,10.9952],[79.6358,10.9978],[79.6412,11.0017],[79.6413,11.0064],[79.6432,11.0089],[79.6527,11.0131],[79.6509,11.0143],[79.6547,11.0135],[79.6795,11.0169],[79.6915,11.0171],[79.6993,11.0154],[79.7075,11.0128],[79.7121,11.009],[79.7225,11.0046],[79.7275,10.9994],[79.7326,10.9983],[79.735,10.9962],[79.7424,10.996],[79.7498,10.9981],[79.7485,11.0032],[79.7497,11.0044],[79.7573,11.0056],[79.7612,11.0031],[79.7616,11.0013],[79.7638,11.0025],[79.7644,11.0071],[79.7693,11.0082],[79.772,11.0049],[79.7748,11.0059],[79.779,11.0024],[79.7823,11.0015],[79.7887,11.0032],[79.7888,11.0015],[79.7923,10.9995],[79.7952,11.0007],[79.797,10.9901],[79.7981,10.9915],[79.8013,10.9886],[79.8054,10.987],[79.8072,10.9914],[79.8114,10.9914],[79.8111,10.9954],[79.8135,10.9957],[79.8128,11.0],[79.8192,11.0011],[79.8219,11.0043],[79.8251,11.0003],[79.8275,11.0025],[79.8322,10.9994],[79.8361,11.0042],[79.8434,11.0045],[79.8443,11.0038],[79.8421,10.996],[79.8511,10.9956],[79.8506,10.9855],[79.8549,10.9852]]]]}},{"type":"Feature","properties":{"kind":"district","name":"Tenkasi"},"geometry":{"type":"MultiPolygon","coordinates":[[[[77.2092,9.0719],[77.2006,9.057],[77.198,9.0547],[77.1999,9.0464],[77.1879,9.0438],[77.1852,9.0484],[77.1715,9.0464],[77.166,9.0428],[77.1631,9.037],[77.1646,9.0314],[77.1583,9.0252],[77.1499,9.0216],[77.1529,9.0152],[77.152,9.0097],[77.155,9.008],[77.161,9.0076],[77.1618,9.0016],[77.1648,8.9967],[77.1764,8.988],[77.1812,8.9721],[77.1928,8.9667],[77.1934,8.9606],[77.1982,8.9569],[77.1993,8.9518],[77.1978,8.9473],[77.2,8.9387],[77.1974,8.9308],[77.1986,8.9256],[77.203,8.92],[77.2079,8.9224],[77.205,8.9255],[77.208,8.9294],[77.212,8.9318],[77.223,8.9273],[77.2256,8.9238],[77.2203,8.9166],[77.2246,8.9031],[77.2331,8.902],[77.2398,8.898],[77.2423,8.8951],[77.2416,8.8877],[77.2456,8.8818],[77.2505,8.879],[77.2584,8.878],[77.2574,8.884],[77.2593,8.8849],[77.2636,8.8856],[77.2715,8.8819],[77.2872,8.8837],[77.2922,8.8872],[77.3026,8.8842],[77.3149,8.8774],[77.3187,8.8808],[77.3191,8.8746],[77.3155,8.8687],[77.3207,8.8676],[77.3248,8.8618],[77.3219,8.8594],[77.3191,8.8608],[77.3177,8.8591],[77.3112,8.8615],[77.3087,8.8571],[77.3247,8.8312],[77.3227,8.8295],[77.3205,8.8235],[77.3224,8.8155],[77.3194,8.8094],[77.3131,8.8077],[77.3075,8.8093],[77.3061,8.7931],[77.3205,8.7851],[77.3199,8.7807],[77.321,8.7786],[77.3253,8.7768],[77.3269,8.7733],[77.3329,8.7701],[77.334,8.7678],[77.3374,8.7685],[77.3396,8.7671],[77.3431,8.7682],[77.3522,8.7634],[77.3638,8.7499],[77.3606,8.7498],[77.3637,8.7413],[77.365,8.7408],[77.3661,8.7437],[77.3669,8.7499],[77.3731,8.7537],[77.3757,8.7528],[77.3791,8.7489],[77.3834,8.7474],[77.386,8.7486],[77.3867,8.7447],[77.3922,8.7466],[77.394,8.7428],[77.3979,8.7398],[77.4033,8.741],[77.4007,8.7481],[77.404,8.7493],[77.4078,8.7459],[77.4112,8.7477],[77.4078,8.7514],[77.4079,8.7535],[77.4111,8.7543],[77.4188,8.7508],[77.4233,8.7554],[77.4227,8.7599],[77.4276,8.7608],[77.4306,8.7573],[77.4397,8.7524],[77.4412,8.7487],[77.447,8.7437],[77.4601,8.7486],[77.4601,8.7508],[77.4575,8.7537],[77.4597,8.7561],[77.4549,8.7579],[77.4529,8.7653],[77.4604,8.7693],[77.4627,8.7739],[77.4616,8.7792],[77.4578,8.7855],[77.4585,8.7885],[77.4615,8.7898],[77.4633,8.7958],[77.4615,8.7976],[77.4618,8.8014],[77.464,8.8039],[77.4634,8.8091],[77.4649,8.8186],[77.4666,8.8184],[77.4656,8.822],[77.4672,8.8295],[77.4624,8.8434],[77.463,8.855],[77.4725,8.854],[77.4755,8.8517],[77.4746,8.85],[77.4772,8.8504],[77.4811,8.8538],[77.4788,8.8558],[77.4816,8.8701],[77.4864,8.8696],[77.4886,8.8667],[77.4885,8.8643],[77.4928,8.8598],[77.4995,8.8574],[77.499,8.8559],[77.5023,8.8544],[77.5078,8.854],[77.5121,8.8491],[77.5288,8.8435],[77.5315,8.8411],[77.536,8.8451],[77.5396,8.841],[77.5426,8.8412],[77.5463,8.8393],[77.5494,8.8311],[77.548,8.8244],[77.5487,8.822],[77.5459,8.8195],[77.547,8.8179],[77.5448,8.815],[77.549,8.8126],[77.5525,8.8132],[77.5511,8.8091],[77.552,8.8085],[77.5541,8.8114],[77.5571,8.8078],[77.5545,8.8056],[77.5555,8.8046],[77.5606,8.8038],[77.5631,8.8011],[77.5659,8.8033],[77.5724,8.8038],[77.5739,8.8133],[77.5766,8.814],[77.5765,8.8158],[77.5782,8.8154],[77.5801,8.8212],[77.585,8.8247],[77.5864,8.8291],[77.5901,8.8306],[77.5932,8.849],[77.593,8.856],[77.5951,8.8636],[77.5983,8.8666],[77.5982,8.8729],[77.5939,8.8788],[77.5901,8.8785],[77.5866,8.8804],[77.5797,8.8759],[77.5802,8.8738],[77.5817,8.8732],[77.5812,8.8683],[77.5799,8.8673],[77.5708,8.868],[77.5684,8.8704],[77.5657,8.8798],[77.5584,8.8772],[77.5531,8.8791],[77.5503,8.8923],[77.554,8.8949],[77.5581,8.8948],[77.5646,8.8928],[77.5701,8.8876],[77.5713,8.888],[77.5696,8.8911],[77.5751,8.8954],[77.5683,8.8988],[77.5722,8.9024],[77.5746,8.9086],[77.5659,8.9156],[77.5712,8.9132],[77.578,8.9131],[77.5842,8.9108],[77.5928,8.9125],[77.5971,8.9149],[77.598,8.9262],[77.5958,8.9332],[77.5954,8.9443],[77.5972,8.9518],[77.6059,8.9504],[77.6125,8.9467],[77.6143,8.9341],[77.6158,8.9356],[77.6181,8.9457],[77.6203,8.9462],[77.6207,8.9488],[77.6233,8.9492],[77.624,8.9544],[77.6325,8.9542],[77.6351,8.9592],[77.6394,8.9597],[77.6402,8.9613],[77.6496,8.9612],[77.6521,8.9629],[77.6607,8.9622],[77.6596,8.9519],[77.6622,8.9478],[77.662,8.9405],[77.6697,8.9384],[77.6737,8.9347],[77.6743,8.9323],[77.6893,8.9265],[77.6906,8.9229],[77.6982,8.9241],[77.7025,8.9272],[77.6954,8.9299],[77.693,8.9571],[77.6846,8.9631],[77.6824,8.9674],[77.685,8.9752],[77.6924,8.9773],[77.6936,8.9806],[77.6991,8.9797],[77.7055,8.9736],[77.7056,8.9694],[77.7209,8.9667],[77.7254,8.9726],[77.7229,8.9765],[77.7252,8.9802],[77.7308,8.982],[77.7324,8.985],[77.7294,8.9861],[77.7292,8.9949],[77.7243,9.0017],[77.6998,9.0024],[77.6889,9.0092],[77.6906,9.0148],[77.6981,9.0182],[77.6968,9.028],[77.6943,9.0308],[77.6957,9.0326],[77.7039,9.0352],[77.7053,9.0411],[77.7136,9.0451],[77.71,9.0549],[77.7034,9.0625],[77.7063,9.0732],[77.7087,9.0738],[77.7098,9.0719],[77.7377,9.0715],[77.7403,9.0746],[77.7432,9.0743],[77.7437,9.0766],[77.7466,9.0777],[77.7438,9.0877],[77.742,9.1048],[77.7276,9.1041],[77.7241,9.1075],[77.7211,9.1047],[77.7104,9.1042],[77.7056,9.1012],[77.7021,9.103],[77.6964,9.1011],[77.6906,9.1017],[77.6822,9.1051],[77.6815,9.1076],[77.6795,9.1062],[77.6778,9.1242],[77.6766,9.1238],[77.6762,9.1262],[77.6742,9.1268],[77.6764,9.1309],[77.6767,9.1369],[77.6845,9.1366],[77.6854,9.1329],[77.6973,9.1334],[77.7024,9.1369],[77.6927,9.1482],[77.6932,9.1584],[77.7045,9.1655],[77.707,9.17],[77.7082,9.1876],[77.7158,9.1878],[77.7164,9.1904],[77.7302,9.195],[77.739,9.2101],[77.7398,9.231],[77.7427,9.2393],[77.7402,9.256],[77.7436,9.2674],[77.7422,9.2762],[77.7402,9.2798],[77.7357,9.2815],[77.7259,9.2816],[77.7247,9.283],[77.7194,9.284],[77.718,9.2867],[77.7135,9.2861],[77.7132,9.2908],[77.6994,9.2903],[77.6981,9.2888],[77.6849,9.2892],[77.6833,9.2855],[77.6793,9.2878],[77.6617,9.2858],[77.6619,9.2842],[77.6575,9.2835],[77.6549,9.2846],[77.6536,9.2876],[77.6466,9.2883],[77.6463,9.291],[77.6364,9.2942],[77.6261,9.2931],[77.6251,9.2957],[77.618,9.2966],[77.6177,9.2998],[77.615,9.2994],[77.6145,9.3014],[77.6096,9.3024],[77.6087,9.301],[77.6051,9.3011],[77.6047,9.307],[77.5888,9.3089],[77.5892,9.3144],[77.5943,9.3162],[77.5924,9.3452],[77.5905,9.3458],[77.5894,9.3488],[77.5823,9.3474],[77.5754,9.3441],[77.5738,9.3454],[77.5759,9.3476],[77.5757,9.3556],[77.5615,9.3542],[77.5606,9.3553],[77.5644,9.341],[77.5621,9.3382],[77.5569,9.3362],[77.5479,9.3403],[77.544,9.3379],[77.54,9.3379],[77.5413,9.3396],[77.5404,9.3403],[77.5329,9.3373],[77.5253,9.3394],[77.523,9.3363],[77.5119,9.335],[77.51,9.3324],[77.506,9.3357],[77.4976,9.3355],[77.4771,9.3417],[77.474,9.3293],[77.463,9.333],[77.4608,9.3326],[77.4593,9.334],[77.4656,9.3475],[77.4683,9.3484],[77.4664,9.3501],[77.4668,9.3515],[77.4549,9.3602],[77.4545,9.3655],[77.4506,9.369],[77.4535,9.371],[77.4584,9.3698],[77.4595,9.373],[77.4434,9.3936],[77.4308,9.4011],[77.4238,9.3942],[77.4235,9.3974],[77.4215,9.3996],[77.412,9.3956],[77.3958,9.3947],[77.3901,9.3929],[77.3829,9.4014],[77.3761,9.4008],[77.372,9.4064],[77.3677,9.4061],[77.3639,9.4083],[77.3621,9.4117],[77.3509,9.4126],[77.3473,9.4182],[77.3412,9.4186],[77.3388,9.4161],[77.3385,9.4122],[77.3446,9.4045],[77.3448,9.4003],[77.3421,9.394],[77.343,9.3891],[77.337,9.3866],[77.3368,9.3737],[77.3403,9.369],[77.3373,9.3652],[77.3379,9.3615],[77.327,9.345],[77.3287,9.3383],[77.3174,9.3353],[77.3078,9.338],[77.3014,9.3378],[77.3024,9.3316],[77.2996,9.3299],[77.3027,9.3259],[77.3041,9.3204],[77.3008,9.3112],[77.295,9.3056],[77.2841,9.3011],[77.2845,9.292],[77.2915,9.2734],[77.285,9.2726],[77.2852,9.2681],[77.2833,9.2655],[77.2831,9.2539],[77.2799,9.2511],[77.2811,9.2421],[77.277,9.2346],[77.2789,9.2272],[77.2844,9.219],[77.2678,9.2004],[77.2646,9.1994],[77.2572,9.2001],[77.2542,9.1893],[77.2609,9.1863],[77.266,9.1859],[77.2699,9.1751],[77.2673,9.1662],[77.2695,9.1532],[77.2637,9.1494],[77.263,9.1456],[77.2554,9.1401],[77.2479,9.1249],[77.2434,9.1242],[77.2348,9.1181],[77.2294,9.1164],[77.227,9.1076],[77.2225,9.1058],[77.22,9.1014],[77.2136,9.0984],[77.2075,9.0851],[77.2106,9.075],[77.2092,9.0719]]]]}}]}